time ,	 x ,	 y ,	r_stem,	h_stem,	r_crown,	r_root,	k_geo
2240589600.0,	93.10195054615973,	13.12367470490176,	0.015,	0.05,	0.2,	0.2,	400
