time ,	 x ,	 y ,	r_stem,	h_stem,	r_crown,	r_root,	k_geo
4197160800.0,	76.84841533190787,	1.0197900113636382,	0.015,	0.05,	0.2,	0.2,	400
