time ,	 x ,	 y ,	r_stem,	h_stem,	r_crown,	r_root,	k_geo
788940000.0,	47.69552595255292,	4.497042835207121,	0.015,	0.05,	0.2,	0.2,	400
