time ,	 x ,	 y ,	r_stem,	h_stem,	r_crown,	r_root,	k_geo
820497600.0,	94.53941666372691,	7.001166789372889,	0.015,	0.05,	0.2,	0.2,	400
836276400.0,	94.53941666372691,	7.001166789372889,	0.01500777705555052,	0.05663999327138111,	0.26263834447351597,	0.2394113859378838,	400
852055200.0,	94.53941666372691,	7.001166789372889,	0.01503074517130034,	0.06900910297145002,	0.3285851660494388,	0.3283059689404569,	400
867834000.0,	94.53941666372691,	7.001166789372889,	0.015092753439327611,	0.08794927080128565,	0.4337929547395828,	0.4159896581683117,	400
883612800.0,	94.53941666372691,	7.001166789372889,	0.015126097198901801,	0.09795007588806731,	0.4985116567935349,	0.42775934802979404,	400
899391600.0,	94.53941666372691,	7.001166789372889,	0.015170907016460648,	0.1070586988299173,	0.5467873419711197,	0.439190995473216,	400
915170400.0,	94.53941666372691,	7.001166789372889,	0.015306524966159026,	0.12087051770551514,	0.605373933147184,	0.4652782393494157,	400
930949200.0,	94.53941666372691,	7.001166789372889,	0.015425197465214514,	0.1303497869533752,	0.6437649356854557,	0.4790609059836902,	400
