time ,	 x ,	 y ,	r_stem,	h_stem,	r_crown,	r_root,	k_geo
3644902800.0,	87.11347911041352,	8.208948267944926,	0.015,	0.05,	0.2,	0.2,	400
