time ,	 x ,	 y ,	r_stem,	h_stem,	r_crown,	r_root,	k_geo
3992036400.0,	49.99890438625047,	10.402731279701653,	0.015,	0.05,	0.2,	0.2,	400
