time ,	 x ,	 y ,	r_stem,	h_stem,	r_crown,	r_root,	k_geo
2761290000.0,	7.092360757438265,	1.9586219454941216,	0.015,	0.05,	0.2,	0.2,	400
