time ,	 x ,	 y ,	r_stem,	h_stem,	r_crown,	r_root,	k_geo
3613345200.0,	58.5648156990188,	6.6044468021985345,	0.015,	0.05,	0.2,	0.2,	400
