time ,	 x ,	 y ,	r_stem,	h_stem,	r_crown,	r_root,	k_geo
410248800.0,	69.42467996941565,	0.39051765014094575,	0.015,	0.05,	0.2,	0.2,	400
