time ,	 x ,	 y ,	r_stem,	h_stem,	r_crown,	r_root,	k_geo
1735668000.0,	72.18561441979948,	13.537059093167114,	0.015,	0.05,	0.2,	0.2,	400
