time ,	 x ,	 y ,	r_stem,	h_stem,	r_crown,	r_root,	k_geo
3250432800.0,	21.946987853273924,	5.35743248515783,	0.015,	0.05,	0.2,	0.2,	400
