time ,	 x ,	 y ,	r_stem,	h_stem,	r_crown,	r_root,	k_geo
1246525200.0,	50.947563399944286,	6.490050400850901,	0.015,	0.05,	0.2,	0.2,	400
