time ,	 x ,	 y ,	r_stem,	h_stem,	r_crown,	r_root,	k_geo
2130138000.0,	57.700943117326005,	14.701654209820553,	0.015,	0.05,	0.2,	0.2,	400
