time ,	 x ,	 y ,	r_stem,	h_stem,	r_crown,	r_root,	k_geo
189345600.0,	79.42846450609952,	5.917842454841532,	0.015,	0.05,	0.2,	0.2,	400
205124400.0,	79.42846450609952,	5.917842454841532,	0.01500778751561211,	0.05663998401555786,	0.26259275494238177,	0.23946438887593777,	400
220903200.0,	79.42846450609952,	5.917842454841532,	0.015030785202043285,	0.06854797893112496,	0.3233463074885489,	0.3284244045328051,	400
236682000.0,	79.42846450609952,	5.917842454841532,	0.015094789945891014,	0.08657983415787708,	0.41954767978914753,	0.41933090648212357,	400
252460800.0,	79.42846450609952,	5.917842454841532,	0.015387159430321404,	0.11059823263740881,	0.5197323707851965,	0.5209358152635641,	400
268239600.0,	79.42846450609952,	5.917842454841532,	0.015557869326495485,	0.12053719237099043,	0.576252995651604,	0.5320873136437033,	400
284018400.0,	79.42846450609952,	5.917842454841532,	0.015563063435796592,	0.12102702612486038,	0.5789336840003246,	0.5323518242927272,	400
