time ,	 x ,	 y ,	r_stem,	h_stem,	r_crown,	r_root,	k_geo
1877677200.0,	96.87977012214634,	1.0123224519078033,	0.015,	0.05,	0.2,	0.2,	400
