time ,	 x ,	 y ,	r_stem,	h_stem,	r_crown,	r_root,	k_geo
2398377600.0,	61.234071428288004,	8.160674811537426,	0.015,	0.05,	0.2,	0.2,	400
