time ,	 x ,	 y ,	r_stem,	h_stem,	r_crown,	r_root,	k_geo
362912400.0,	96.2341156023659,	4.3495084527608565,	0.015,	0.05,	0.2,	0.2,	400
