time ,	 x ,	 y ,	r_stem,	h_stem,	r_crown,	r_root,	k_geo
4260276000.0,	24.110936153140983,	13.595327356368992,	0.015,	0.05,	0.2,	0.2,	400
