time ,	 x ,	 y ,	r_stem,	h_stem,	r_crown,	r_root,	k_geo
252460800.0,	4.098334480207411,	11.717573469572997,	0.015,	0.05,	0.2,	0.2,	400
268239600.0,	4.098334480207411,	11.717573469572997,	0.0150046047952099,	0.05154406063543989,	0.20237414645008542,	0.22333637775863,	400
