time ,	 x ,	 y ,	r_stem,	h_stem,	r_crown,	r_root,	k_geo
1972350000.0,	15.283176688722167,	10.78518899761057,	0.015,	0.05,	0.2,	0.2,	400
