time ,	 x ,	 y ,	r_stem,	h_stem,	r_crown,	r_root,	k_geo
2319483600.0,	70.74019951691794,	13.683105352168804,	0.015,	0.05,	0.2,	0.2,	400
