time ,	 x ,	 y ,	r_stem,	h_stem,	r_crown,	r_root,	k_geo
3786912000.0,	17.642700321109515,	2.023399533456952,	0.015,	0.05,	0.2,	0.2,	400
3802690800.0,	17.642700321109515,	2.023399533456952,	0.015001050225082477,	0.050333111718447,	0.20026245584205882,	0.20532260369441274,	400
3818469600.0,	17.642700321109515,	2.023399533456952,	0.015002349006882569,	0.050734379972158926,	0.2006123261589966,	0.21162898077910275,	400
