time ,	 x ,	 y ,	r_stem,	h_stem,	r_crown,	r_root,	k_geo
1704110400.0,	73.23538987463608,	12.806910193639153,	0.015,	0.05,	0.2,	0.2,	400
