time ,	 x ,	 y ,	r_stem,	h_stem,	r_crown,	r_root,	k_geo
1451649600.0,	67.5046942099424,	6.959905920043726,	0.015,	0.05,	0.2,	0.2,	400
