time ,	 x ,	 y ,	r_stem,	h_stem,	r_crown,	r_root,	k_geo
1167631200.0,	73.44072665263528,	1.6886991730831236,	0.015,	0.05,	0.2,	0.2,	400
