time ,	 x ,	 y ,	r_stem,	h_stem,	r_crown,	r_root,	k_geo
773161200.0,	90.00041363956032,	10.3758374376735,	0.015,	0.05,	0.2,	0.2,	400
