time ,	 x ,	 y ,	r_stem,	h_stem,	r_crown,	r_root,	k_geo
3171538800.0,	56.033828050961155,	9.338143789052936,	0.015,	0.05,	0.2,	0.2,	400
