time ,	 x ,	 y ,	r_stem,	h_stem,	r_crown,	r_root,	k_geo
2429935200.0,	39.589788774601175,	13.850796691249503,	0.015,	0.05,	0.2,	0.2,	400
