time ,	 x ,	 y ,	r_stem,	h_stem,	r_crown,	r_root,	k_geo
2903299200.0,	48.55798422112427,	11.170176561216701,	0.015,	0.05,	0.2,	0.2,	400
