time ,	 x ,	 y ,	r_stem,	h_stem,	r_crown,	r_root,	k_geo
3881584800.0,	9.972437462454886,	5.474379148746697,	0.015,	0.05,	0.2,	0.2,	400
