time ,	 x ,	 y ,	r_stem,	h_stem,	r_crown,	r_root,	k_geo
1625216400.0,	80.53048433870332,	5.72234044866332,	0.015,	0.05,	0.2,	0.2,	400
