time ,	 x ,	 y ,	r_stem,	h_stem,	r_crown,	r_root,	k_geo
2067022800.0,	80.88580447247774,	0.2709286554863283,	0.015,	0.05,	0.2,	0.2,	400
