time ,	 x ,	 y ,	r_stem,	h_stem,	r_crown,	r_root,	k_geo
3597566400.0,	54.574150228521304,	2.8124802247972265,	0.015,	0.05,	0.2,	0.2,	400
