time ,	 x ,	 y ,	r_stem,	h_stem,	r_crown,	r_root,	k_geo
836276400.0,	20.909391418534195,	3.9719200534530197,	0.015,	0.05,	0.2,	0.2,	400
