time ,	 x ,	 y ,	r_stem,	h_stem,	r_crown,	r_root,	k_geo
1940792400.0,	70.48476200018906,	9.788199103607209,	0.015,	0.05,	0.2,	0.2,	400
