time ,	 x ,	 y ,	r_stem,	h_stem,	r_crown,	r_root,	k_geo
2950635600.0,	84.3941568012857,	8.983989393868665,	0.015,	0.05,	0.2,	0.2,	400
