time ,	 x ,	 y ,	r_stem,	h_stem,	r_crown,	r_root,	k_geo
1530543600.0,	91.95384981269076,	9.332896966861549,	0.015,	0.05,	0.2,	0.2,	400
