time ,	 x ,	 y ,	r_stem,	h_stem,	r_crown,	r_root,	k_geo
4307612400.0,	69.06229636833662,	12.835268227457735,	0.015,	0.05,	0.2,	0.2,	400
