time ,	 x ,	 y ,	r_stem,	h_stem,	r_crown,	r_root,	k_geo
1988128800.0,	64.956109015423,	13.518784259953263,	0.015,	0.05,	0.2,	0.2,	400
2003907600.0,	64.956109015423,	13.518784259953263,	0.015001251621524667,	0.05138704885147432,	0.21469479979830056,	0.206343277533418,	400
2019686400.0,	64.956109015423,	13.518784259953263,	0.015003176666739391,	0.053246535754611544,	0.23178784365017568,	0.21585463984707334,	400
