time ,	 x ,	 y ,	r_stem,	h_stem,	r_crown,	r_root,	k_geo
1783004400.0,	62.912180453004154,	5.034218231868117,	0.015,	0.05,	0.2,	0.2,	400
