time ,	 x ,	 y ,	r_stem,	h_stem,	r_crown,	r_root,	k_geo
1925013600.0,	48.15911698669796,	2.518026831518721,	0.015,	0.05,	0.2,	0.2,	400
