time ,	 x ,	 y ,	r_stem,	h_stem,	r_crown,	r_root,	k_geo
1325419200.0,	5.615451145404837,	5.243869632897948,	0.015,	0.05,	0.2,	0.2,	400
1341198000.0,	5.615451145404837,	5.243869632897948,	0.015001667180060737,	0.05084922887053952,	0.2050721263295677,	0.20844930565252312,	400
1356976800.0,	5.615451145404837,	5.243869632897948,	0.015003594173468674,	0.05183457692160602,	0.21117314141133017,	0.2176487042309648,	400
1372755600.0,	5.615451145404837,	5.243869632897948,	0.015005846944191515,	0.05298574396061809,	0.21850154192036078,	0.2277040461822203,	400
1388534400.0,	5.615451145404837,	5.243869632897948,	0.01500854673940808,	0.05436285276185891,	0.22748931992485505,	0.2388647590060495,	400
