time ,	 x ,	 y ,	r_stem,	h_stem,	r_crown,	r_root,	k_geo
3660681600.0,	54.29675670208488,	8.518191816074365,	0.015,	0.05,	0.2,	0.2,	400
