time ,	 x ,	 y ,	r_stem,	h_stem,	r_crown,	r_root,	k_geo
4165603200.0,	7.269427767788339,	2.0486353722785893,	0.015,	0.05,	0.2,	0.2,	400
