time ,	 x ,	 y ,	r_stem,	h_stem,	r_crown,	r_root,	k_geo
4449621600.0,	99.73390112214429,	10.43726718244393,	0.015,	0.05,	0.2,	0.2,	400
