time ,	 x ,	 y ,	r_stem,	h_stem,	r_crown,	r_root,	k_geo
78894000.0,	50.74631683787059,	7.987408958997292,	0.015,	0.05,	0.2,	0.2,	400
