time ,	 x ,	 y ,	r_stem,	h_stem,	r_crown,	r_root,	k_geo
4228718400.0,	6.4444321685860455,	14.690076838348293,	0.015,	0.05,	0.2,	0.2,	400
