time ,	 x ,	 y ,	r_stem,	h_stem,	r_crown,	r_root,	k_geo
2871741600.0,	92.15948340324432,	8.758853721362486,	0.015,	0.05,	0.2,	0.2,	400
