time ,	 x ,	 y ,	r_stem,	h_stem,	r_crown,	r_root,	k_geo
2477271600.0,	90.38831402865969,	14.20902472605134,	0.015,	0.05,	0.2,	0.2,	400
