time ,	 x ,	 y ,	r_stem,	h_stem,	r_crown,	r_root,	k_geo
2445714000.0,	95.79726428616007,	6.5898959471131455,	0.015,	0.05,	0.2,	0.2,	400
