time ,	 x ,	 y ,	r_stem,	h_stem,	r_crown,	r_root,	k_geo
3408220800.0,	5.41005760537211,	4.32206173932395,	0.015,	0.05,	0.2,	0.2,	400
