time ,	 x ,	 y ,	r_stem,	h_stem,	r_crown,	r_root,	k_geo
205124400.0,	95.38105725600134,	5.462367053517911,	0.015,	0.05,	0.2,	0.2,	400
