time ,	 x ,	 y ,	r_stem,	h_stem,	r_crown,	r_root,	k_geo
3755354400.0,	53.59249218395037,	2.2478113109337254,	0.015,	0.05,	0.2,	0.2,	400
