time ,	 x ,	 y ,	r_stem,	h_stem,	r_crown,	r_root,	k_geo
4134045600.0,	54.64172354212419,	14.521753369631652,	0.015,	0.05,	0.2,	0.2,	400
4149824400.0,	54.64172354212419,	14.521753369631652,	0.015006083457533088,	0.05211662097645954,	0.20425755267970455,	0.2308294559119718,	400
4165603200.0,	54.64172354212419,	14.521753369631652,	0.01501557795526445,	0.055255629349286045,	0.21596882317836913,	0.268311993496729,	400
4181382000.0,	54.64172354212419,	14.521753369631652,	0.01502989042464067,	0.059645920663235465,	0.24019604058313423,	0.3091153721005482,	400
