time ,	 x ,	 y ,	r_stem,	h_stem,	r_crown,	r_root,	k_geo
899391600.0,	50.77061064783022,	7.657168502411277,	0.015,	0.05,	0.2,	0.2,	400
915170400.0,	50.77061064783022,	7.657168502411277,	0.0150053803347919,	0.051836809246038694,	0.20325183064490956,	0.22726643528716298,	400
930949200.0,	50.77061064783022,	7.657168502411277,	0.015006458495027464,	0.05283935304996169,	0.21431314479927344,	0.23164855069396567,	400
946728000.0,	50.77061064783022,	7.657168502411277,	0.015008183099788472,	0.054176433056923844,	0.22708912009251558,	0.2384983222063593,	400
962506800.0,	50.77061064783022,	7.657168502411277,	0.015010693298602884,	0.05590050912044384,	0.2416399753188908,	0.248010913336318,	400
978285600.0,	50.77061064783022,	7.657168502411277,	0.015014396014540939,	0.058070255678748045,	0.2574295945325183,	0.2610113511043776,	400
994064400.0,	50.77061064783022,	7.657168502411277,	0.015019551852327303,	0.06070468291018145,	0.27453881161473115,	0.2770836019179713,	400
