time ,	 x ,	 y ,	r_stem,	h_stem,	r_crown,	r_root,	k_geo
3550230000.0,	80.55134446399998,	5.7999407749788885,	0.015,	0.05,	0.2,	0.2,	400
