time ,	 x ,	 y ,	r_stem,	h_stem,	r_crown,	r_root,	k_geo
2082801600.0,	90.70401183121076,	3.4536801324991377,	0.015,	0.05,	0.2,	0.2,	400
