time ,	 x ,	 y ,	r_stem,	h_stem,	r_crown,	r_root,	k_geo
3676460400.0,	94.1669085285954,	0.6798490642816463,	0.015,	0.05,	0.2,	0.2,	400
3692239200.0,	94.1669085285954,	0.6798490642816463,	0.015000297380847885,	0.05138722533071346,	0.21885337083405845,	0.20150715765282548,	400
