time ,	 x ,	 y ,	r_stem,	h_stem,	r_crown,	r_root,	k_geo
1325419200.0,	43.60070079863421,	1.7886098645663473,	0.015,	0.05,	0.2,	0.2,	400
