time ,	 x ,	 y ,	r_stem,	h_stem,	r_crown,	r_root,	k_geo
3376663200.0,	44.69112658337148,	6.177830249593759,	0.015,	0.05,	0.2,	0.2,	400
