time ,	 x ,	 y ,	r_stem,	h_stem,	r_crown,	r_root,	k_geo
3992036400.0,	49.043639291813875,	10.461860761147271,	0.015,	0.05,	0.2,	0.2,	400
4007815200.0,	49.043639291813875,	10.461860761147271,	0.015004262568158469,	0.05141920663382511,	0.20205001575999892,	0.2216021140690581,	400
4023594000.0,	49.043639291813875,	10.461860761147271,	0.01501084101549804,	0.053475667693352935,	0.20693208903399507,	0.2495991822953374,	400
4039372800.0,	49.043639291813875,	10.461860761147271,	0.01502157916021026,	0.05676772685880235,	0.22138299314804105,	0.28569242900665026,	400
4055151600.0,	49.043639291813875,	10.461860761147271,	0.01503746808298111,	0.06098460788778895,	0.244000339737899,	0.32409829871720786,	400
4070930400.0,	49.043639291813875,	10.461860761147271,	0.015063441635098207,	0.06620938818705262,	0.27171848679192634,	0.36599110248471967,	400
4086709200.0,	49.043639291813875,	10.461860761147271,	0.015077547395661287,	0.0697193669078223,	0.30268902122820174,	0.37962818335084964,	400
4102488000.0,	49.043639291813875,	10.461860761147271,	0.015122518882824149,	0.07545017680027237,	0.33139129712658305,	0.4145253044400196,	400
4118266800.0,	49.043639291813875,	10.461860761147271,	0.015168465821212743,	0.08039126047966495,	0.3614103519637691,	0.43595093954551617,	400
