time ,	 x ,	 y ,	r_stem,	h_stem,	r_crown,	r_root,	k_geo
4481179200.0,	58.80019725654473,	3.393889212773896,	0.015,	0.05,	0.2,	0.2,	400
