time ,	 x ,	 y ,	r_stem,	h_stem,	r_crown,	r_root,	k_geo
4102488000.0,	57.40633540762866,	4.545762575627403,	0.015,	0.05,	0.2,	0.2,	400
