time ,	 x ,	 y ,	r_stem,	h_stem,	r_crown,	r_root,	k_geo
2556165600.0,	35.97283930430386,	13.476018803454103,	0.015,	0.05,	0.2,	0.2,	400
