time ,	 x ,	 y ,	r_stem,	h_stem,	r_crown,	r_root,	k_geo
1972350000.0,	38.360583316719875,	0.5244182249205442,	0.015,	0.05,	0.2,	0.2,	400
