time ,	 x ,	 y ,	r_stem,	h_stem,	r_crown,	r_root,	k_geo
3692239200.0,	63.0528471560973,	10.86633965466646,	0.015,	0.05,	0.2,	0.2,	400
