time ,	 x ,	 y ,	r_stem,	h_stem,	r_crown,	r_root,	k_geo
2209032000.0,	95.00303021351861,	14.443222922542759,	0.015,	0.05,	0.2,	0.2,	400
