time ,	 x ,	 y ,	r_stem,	h_stem,	r_crown,	r_root,	k_geo
2445714000.0,	15.667028950501017,	11.204692663499253,	0.015,	0.05,	0.2,	0.2,	400
