time ,	 x ,	 y ,	r_stem,	h_stem,	r_crown,	r_root,	k_geo
3581787600.0,	63.89203093740854,	5.079477327419584,	0.015,	0.05,	0.2,	0.2,	400
