time ,	 x ,	 y ,	r_stem,	h_stem,	r_crown,	r_root,	k_geo
4165603200.0,	96.30168168506053,	13.771200400882776,	0.015,	0.05,	0.2,	0.2,	400
