time ,	 x ,	 y ,	r_stem,	h_stem,	r_crown,	r_root,	k_geo
4307612400.0,	72.65709050558537,	5.100133026492273,	0.015,	0.05,	0.2,	0.2,	400
