time ,	 x ,	 y ,	r_stem,	h_stem,	r_crown,	r_root,	k_geo
3692239200.0,	31.94929406801551,	8.259671804708342,	0.015,	0.05,	0.2,	0.2,	400
