time ,	 x ,	 y ,	r_stem,	h_stem,	r_crown,	r_root,	k_geo
1798783200.0,	76.9725238511356,	8.536424879600407,	0.015,	0.05,	0.2,	0.2,	400
1814562000.0,	76.9725238511356,	8.536424879600407,	0.015000608504465896,	0.05138716778716942,	0.21749747179398898,	0.2030839535501459,	400
1830340800.0,	76.9725238511356,	8.536424879600407,	0.015001867775697082,	0.053435868499553486,	0.2391820576751541,	0.20951063400542302,	400
1846119600.0,	76.9725238511356,	8.536424879600407,	0.015004464468513177,	0.05637418981023942,	0.26381445445723567,	0.22247869037700624,	400
1861898400.0,	76.9725238511356,	8.536424879600407,	0.015004702803527805,	0.057027899211656255,	0.2699951760068054,	0.22356664085285388,	400
1877677200.0,	76.9725238511356,	8.536424879600407,	0.015005040825001459,	0.05783266340417734,	0.27723837596227957,	0.22510278538954073,	400
