time ,	 x ,	 y ,	r_stem,	h_stem,	r_crown,	r_root,	k_geo
1672552800.0,	30.622515587063603,	2.8745473410184235,	0.015,	0.05,	0.2,	0.2,	400
