time ,	 x ,	 y ,	r_stem,	h_stem,	r_crown,	r_root,	k_geo
3029529600.0,	6.64787717887797,	7.187597423642378,	0.015,	0.05,	0.2,	0.2,	400
