time ,	 x ,	 y ,	r_stem,	h_stem,	r_crown,	r_root,	k_geo
741603600.0,	89.39026171409215,	8.228847960447764,	0.015,	0.05,	0.2,	0.2,	400
