time ,	 x ,	 y ,	r_stem,	h_stem,	r_crown,	r_root,	k_geo
4070930400.0,	90.78702158993302,	1.4984850738038542,	0.015,	0.05,	0.2,	0.2,	400
4086709200.0,	90.78702158993302,	1.4984850738038542,	0.015009449989725943,	0.05663851318348729,	0.2553473191156285,	0.24788826217386706,	400
4102488000.0,	90.78702158993302,	1.4984850738038542,	0.015029828418935206,	0.06814860393386969,	0.3290052233907906,	0.3201359498113494,	400
4118266800.0,	90.78702158993302,	1.4984850738038542,	0.01503075632158916,	0.0705139476930818,	0.3503345578489964,	0.321588815788433,	400
4134045600.0,	90.78702158993302,	1.4984850738038542,	0.01503260418794666,	0.07388911651163882,	0.3777157347278835,	0.3243672430470688,	400
4149824400.0,	90.78702158993302,	1.4984850738038542,	0.015038691192328557,	0.07984047143774624,	0.41850385151332864,	0.33292382526920816,	400
