time ,	 x ,	 y ,	r_stem,	h_stem,	r_crown,	r_root,	k_geo
3818469600.0,	85.94836219715985,	1.6550388398840465,	0.015,	0.05,	0.2,	0.2,	400
