time ,	 x ,	 y ,	r_stem,	h_stem,	r_crown,	r_root,	k_geo
2240589600.0,	82.23825587399128,	9.428239781728035,	0.015,	0.05,	0.2,	0.2,	400
