time ,	 x ,	 y ,	r_stem,	h_stem,	r_crown,	r_root,	k_geo
2130138000.0,	74.41892429901297,	12.576656783217599,	0.015,	0.05,	0.2,	0.2,	400
