time ,	 x ,	 y ,	r_stem,	h_stem,	r_crown,	r_root,	k_geo
3108423600.0,	67.81721188037028,	3.860805213279546,	0.015,	0.05,	0.2,	0.2,	400
