time ,	 x ,	 y ,	r_stem,	h_stem,	r_crown,	r_root,	k_geo
631152000.0,	91.8929603641265,	0.9684179505550516,	0.015,	0.05,	0.2,	0.2,	400
