time ,	 x ,	 y ,	r_stem,	h_stem,	r_crown,	r_root,	k_geo
3581787600.0,	92.57386906649424,	10.598373254220418,	0.015,	0.05,	0.2,	0.2,	400
