time ,	 x ,	 y ,	r_stem,	h_stem,	r_crown,	r_root,	k_geo
3771133200.0,	76.62097691910759,	9.209007940272818,	0.015,	0.05,	0.2,	0.2,	400
