time ,	 x ,	 y ,	r_stem,	h_stem,	r_crown,	r_root,	k_geo
2130138000.0,	47.58453175747006,	0.4680308859361221,	0.015,	0.05,	0.2,	0.2,	400
