time ,	 x ,	 y ,	r_stem,	h_stem,	r_crown,	r_root,	k_geo
2603502000.0,	16.313034287877404,	9.050953442253084,	0.015,	0.05,	0.2,	0.2,	400
