time ,	 x ,	 y ,	r_stem,	h_stem,	r_crown,	r_root,	k_geo
2824405200.0,	97.74904839906972,	4.681695982312406,	0.015,	0.05,	0.2,	0.2,	400
