time ,	 x ,	 y ,	r_stem,	h_stem,	r_crown,	r_root,	k_geo
4260276000.0,	36.19675128196502,	11.467636352177857,	0.015,	0.05,	0.2,	0.2,	400
