time ,	 x ,	 y ,	r_stem,	h_stem,	r_crown,	r_root,	k_geo
1956571200.0,	12.81809825855621,	13.947436766331077,	0.015,	0.05,	0.2,	0.2,	400
