time ,	 x ,	 y ,	r_stem,	h_stem,	r_crown,	r_root,	k_geo
3266211600.0,	97.55814579910933,	14.553129423286158,	0.015,	0.05,	0.2,	0.2,	400
