time ,	 x ,	 y ,	r_stem,	h_stem,	r_crown,	r_root,	k_geo
3234654000.0,	94.98538383599316,	3.2582453248557472,	0.015,	0.05,	0.2,	0.2,	400
