time ,	 x ,	 y ,	r_stem,	h_stem,	r_crown,	r_root,	k_geo
2556165600.0,	38.613223589639446,	7.355756352363224,	0.015,	0.05,	0.2,	0.2,	400
