time ,	 x ,	 y ,	r_stem,	h_stem,	r_crown,	r_root,	k_geo
599594400.0,	1.6352043629138002,	2.7977842193151696,	0.015,	0.05,	0.2,	0.2,	400
615373200.0,	1.6352043629138002,	2.7977842193151696,	0.015001967921219878,	0.051070122157489406,	0.20697114021746693,	0.20997343236626576,	400
631152000.0,	1.6352043629138002,	2.7977842193151696,	0.015004267142449177,	0.05232346205244705,	0.21531523676903244,	0.2208474634438676,	400
