time ,	 x ,	 y ,	r_stem,	h_stem,	r_crown,	r_root,	k_geo
994064400.0,	48.667057685994465,	14.862766336825246,	0.015,	0.05,	0.2,	0.2,	400
