time ,	 x ,	 y ,	r_stem,	h_stem,	r_crown,	r_root,	k_geo
3439778400.0,	53.71913879015167,	2.7186813323370744,	0.015,	0.05,	0.2,	0.2,	400
3455557200.0,	53.71913879015167,	2.7186813323370744,	0.015005457507627067,	0.05186678658453147,	0.2033515132796846,	0.22765750567057674,	400
3471336000.0,	53.71913879015167,	2.7186813323370744,	0.015006593931501845,	0.052865718426780325,	0.21414489277023388,	0.23226174061646898,	400
