time ,	 x ,	 y ,	r_stem,	h_stem,	r_crown,	r_root,	k_geo
3439778400.0,	90.36333477181913,	0.19533741963530915,	0.015,	0.05,	0.2,	0.2,	400
