time ,	 x ,	 y ,	r_stem,	h_stem,	r_crown,	r_root,	k_geo
1956571200.0,	87.06713497288237,	12.678972103233102,	0.015,	0.05,	0.2,	0.2,	400
