time ,	 x ,	 y ,	r_stem,	h_stem,	r_crown,	r_root,	k_geo
4070930400.0,	97.26742226970984,	13.901645362721936,	0.015,	0.05,	0.2,	0.2,	400
