time ,	 x ,	 y ,	r_stem,	h_stem,	r_crown,	r_root,	k_geo
1672552800.0,	98.25875084219504,	14.73573659425507,	0.015,	0.05,	0.2,	0.2,	400
