time ,	 x ,	 y ,	r_stem,	h_stem,	r_crown,	r_root,	k_geo
3061087200.0,	97.24965876770725,	8.804588143880444,	0.015,	0.05,	0.2,	0.2,	400
