time ,	 x ,	 y ,	r_stem,	h_stem,	r_crown,	r_root,	k_geo
3376663200.0,	69.78668273664071,	6.955828345049596,	0.015,	0.05,	0.2,	0.2,	400
