time ,	 x ,	 y ,	r_stem,	h_stem,	r_crown,	r_root,	k_geo
2745511200.0,	61.23783141374525,	2.9048149364838216,	0.015,	0.05,	0.2,	0.2,	400
