time ,	 x ,	 y ,	r_stem,	h_stem,	r_crown,	r_root,	k_geo
1498986000.0,	80.48669220503048,	2.88640670821652,	0.015,	0.05,	0.2,	0.2,	400
