time ,	 x ,	 y ,	r_stem,	h_stem,	r_crown,	r_root,	k_geo
1893456000.0,	99.8488985134536,	6.889809727528164,	0.015,	0.05,	0.2,	0.2,	400
