time ,	 x ,	 y ,	r_stem,	h_stem,	r_crown,	r_root,	k_geo
1183410000.0,	70.64679436008477,	14.375240553916084,	0.015,	0.05,	0.2,	0.2,	400
