time ,	 x ,	 y ,	r_stem,	h_stem,	r_crown,	r_root,	k_geo
3928921200.0,	80.12826174669476,	10.653326287607833,	0.015,	0.05,	0.2,	0.2,	400
