time ,	 x ,	 y ,	r_stem,	h_stem,	r_crown,	r_root,	k_geo
2855962800.0,	75.94535727505945,	0.14995539043440698,	0.015,	0.05,	0.2,	0.2,	400
