time ,	 x ,	 y ,	r_stem,	h_stem,	r_crown,	r_root,	k_geo
3534451200.0,	19.774531398633886,	7.188190472008723,	0.015,	0.05,	0.2,	0.2,	400
