time ,	 x ,	 y ,	r_stem,	h_stem,	r_crown,	r_root,	k_geo
2934856800.0,	0.8996915835109642,	9.098173961932767,	0.015,	0.05,	0.2,	0.2,	400
2950635600.0,	0.8996915835109642,	9.098173961932767,	0.015004379268957547,	0.05146151493322577,	0.202156641922889,	0.2221935065618027,	400
2966414400.0,	0.8996915835109642,	9.098173961932767,	0.015011220885537758,	0.053609996196148334,	0.2074815970016841,	0.25117087282844824,	400
2982193200.0,	0.8996915835109642,	9.098173961932767,	0.015021415336856466,	0.05659926155121632,	0.2194072312312957,	0.28497682681163905,	400
2997972000.0,	0.8996915835109642,	9.098173961932767,	0.015036572588957195,	0.060567229059775705,	0.24032712588529073,	0.3218607259828539,	400
3013750800.0,	0.8996915835109642,	9.098173961932767,	0.015060665627798326,	0.06543133489969037,	0.2660027090776986,	0.3617779441274882,	400
3029529600.0,	0.8996915835109642,	9.098173961932767,	0.01510295598603145,	0.07119785828596449,	0.29377936285321343,	0.4051363668122532,	400
3045308400.0,	0.8996915835109642,	9.098173961932767,	0.015105417327877867,	0.07198141323372778,	0.30207022268247996,	0.4065451102283989,	400
3061087200.0,	0.8996915835109642,	9.098173961932767,	0.0151095666073269,	0.07311622040825705,	0.313300399155405,	0.40883604959240616,	400
