time ,	 x ,	 y ,	r_stem,	h_stem,	r_crown,	r_root,	k_geo
1104516000.0,	15.82169542933064,	7.7796452525155395,	0.015,	0.05,	0.2,	0.2,	400
1120294800.0,	15.82169542933064,	7.7796452525155395,	0.015000173133049055,	0.05005442085013945,	0.2000360035852047,	0.20087745795558792,	400
