time ,	 x ,	 y ,	r_stem,	h_stem,	r_crown,	r_root,	k_geo
2777068800.0,	21.308050922514134,	11.092987361604319,	0.015,	0.05,	0.2,	0.2,	400
