time ,	 x ,	 y ,	r_stem,	h_stem,	r_crown,	r_root,	k_geo
1451649600.0,	23.187826814879752,	14.584559076170818,	0.015,	0.05,	0.2,	0.2,	400
