time ,	 x ,	 y ,	r_stem,	h_stem,	r_crown,	r_root,	k_geo
4023594000.0,	17.38109756093985,	2.3005014348604553,	0.015,	0.05,	0.2,	0.2,	400
