time ,	 x ,	 y ,	r_stem,	h_stem,	r_crown,	r_root,	k_geo
2540386800.0,	70.59055057117858,	13.320426875673622,	0.015,	0.05,	0.2,	0.2,	400
