time ,	 x ,	 y ,	r_stem,	h_stem,	r_crown,	r_root,	k_geo
2193253200.0,	2.684893996537141,	8.991525255611853,	0.015,	0.05,	0.2,	0.2,	400
