time ,	 x ,	 y ,	r_stem,	h_stem,	r_crown,	r_root,	k_geo
4339170000.0,	1.2253926151010952,	4.379485612963104,	0.015,	0.05,	0.2,	0.2,	400
