time ,	 x ,	 y ,	r_stem,	h_stem,	r_crown,	r_root,	k_geo
978285600.0,	2.305187880810533,	10.446131796950683,	0.015,	0.05,	0.2,	0.2,	400
