time ,	 x ,	 y ,	r_stem,	h_stem,	r_crown,	r_root,	k_geo
2540386800.0,	23.04672396282025,	3.272341346914745,	0.015,	0.05,	0.2,	0.2,	400
