time ,	 x ,	 y ,	r_stem,	h_stem,	r_crown,	r_root,	k_geo
3771133200.0,	63.91673302395564,	1.0657692163327626,	0.015,	0.05,	0.2,	0.2,	400
