time ,	 x ,	 y ,	r_stem,	h_stem,	r_crown,	r_root,	k_geo
1072958400.0,	4.21655239091363,	9.319962670785928,	0.015,	0.05,	0.2,	0.2,	400
