time ,	 x ,	 y ,	r_stem,	h_stem,	r_crown,	r_root,	k_geo
2966414400.0,	90.71796066872828,	9.476061766798972,	0.015,	0.05,	0.2,	0.2,	400
