time ,	 x ,	 y ,	r_stem,	h_stem,	r_crown,	r_root,	k_geo
284018400.0,	77.4464474499127,	3.9060726589254675,	0.015,	0.05,	0.2,	0.2,	400
299797200.0,	77.4464474499127,	3.9060726589254675,	0.015000445026098621,	0.05138719802269381,	0.21820991916435784,	0.20225543541483637,	400
315576000.0,	77.4464474499127,	3.9060726589254675,	0.015001503630683224,	0.0534848783199683,	0.24119504119865492,	0.20770279140019055,	400
331354800.0,	77.4464474499127,	3.9060726589254675,	0.015001592655250973,	0.053831542181379484,	0.24488307518933256,	0.20815593307382282,	400
347133600.0,	77.4464474499127,	3.9060726589254675,	0.015001709231648192,	0.05426016418278443,	0.2493312355874754,	0.20875000833376087,	400
