time ,	 x ,	 y ,	r_stem,	h_stem,	r_crown,	r_root,	k_geo
2571944400.0,	96.23295102042097,	4.436515758375144,	0.015,	0.05,	0.2,	0.2,	400
