time ,	 x ,	 y ,	r_stem,	h_stem,	r_crown,	r_root,	k_geo
110451600.0,	92.96350571361565,	8.24443172554836,	0.015,	0.05,	0.2,	0.2,	400
126230400.0,	92.96350571361565,	8.24443172554836,	0.015004587810804684,	0.05664281624985588,	0.2765397718194914,	0.22325030822801328,	400
142009200.0,	92.96350571361565,	8.24443172554836,	0.01502864307939664,	0.07106996953716326,	0.34202063302287344,	0.3334900001433131,	400
157788000.0,	92.96350571361565,	8.24443172554836,	0.01503992604996428,	0.08194270151851234,	0.42967174867302693,	0.3481847466928176,	400
173566800.0,	92.96350571361565,	8.24443172554836,	0.015062318761939827,	0.09456378922266843,	0.5016096524941946,	0.3692715580318274,	400
189345600.0,	92.96350571361565,	8.24443172554836,	0.015074987259874717,	0.10157956613394692,	0.5371077645096625,	0.3769859964644034,	400
205124400.0,	92.96350571361565,	8.24443172554836,	0.015081161269363005,	0.10525690045653306,	0.5547908260455248,	0.38010472426910935,	400
