time ,	 x ,	 y ,	r_stem,	h_stem,	r_crown,	r_root,	k_geo
2240589600.0,	89.44545670696795,	1.95721484206837,	0.015,	0.05,	0.2,	0.2,	400
