time ,	 x ,	 y ,	r_stem,	h_stem,	r_crown,	r_root,	k_geo
3518672400.0,	88.4047172058112,	2.8958131890861494,	0.015,	0.05,	0.2,	0.2,	400
