time ,	 x ,	 y ,	r_stem,	h_stem,	r_crown,	r_root,	k_geo
2114359200.0,	14.156946262901037,	14.565569118120857,	0.015,	0.05,	0.2,	0.2,	400
