time ,	 x ,	 y ,	r_stem,	h_stem,	r_crown,	r_root,	k_geo
3234654000.0,	8.375866079754557,	1.5644111566213654,	0.015,	0.05,	0.2,	0.2,	400
