time ,	 x ,	 y ,	r_stem,	h_stem,	r_crown,	r_root,	k_geo
2335262400.0,	46.97648126764804,	6.31766722297543,	0.015,	0.05,	0.2,	0.2,	400
