time ,	 x ,	 y ,	r_stem,	h_stem,	r_crown,	r_root,	k_geo
3676460400.0,	56.67468856123066,	12.526241293394076,	0.015,	0.05,	0.2,	0.2,	400
