time ,	 x ,	 y ,	r_stem,	h_stem,	r_crown,	r_root,	k_geo
3897363600.0,	52.84925894189041,	12.978889015936902,	0.015,	0.05,	0.2,	0.2,	400
