time ,	 x ,	 y ,	r_stem,	h_stem,	r_crown,	r_root,	k_geo
1988128800.0,	84.40467421809264,	13.4637347826725,	0.015,	0.05,	0.2,	0.2,	400
