time ,	 x ,	 y ,	r_stem,	h_stem,	r_crown,	r_root,	k_geo
2051244000.0,	95.04178443660285,	11.34337207392701,	0.015,	0.05,	0.2,	0.2,	400
