time ,	 x ,	 y ,	r_stem,	h_stem,	r_crown,	r_root,	k_geo
2682396000.0,	82.37458831207954,	11.714961889640641,	0.015,	0.05,	0.2,	0.2,	400
