time ,	 x ,	 y ,	r_stem,	h_stem,	r_crown,	r_root,	k_geo
930949200.0,	92.85795187508334,	7.694932761747564,	0.015,	0.05,	0.2,	0.2,	400
