time ,	 x ,	 y ,	r_stem,	h_stem,	r_crown,	r_root,	k_geo
1104516000.0,	22.4001233319581,	0.7536757988564274,	0.015,	0.05,	0.2,	0.2,	400
