time ,	 x ,	 y ,	r_stem,	h_stem,	r_crown,	r_root,	k_geo
4339170000.0,	90.0816446432183,	10.788188048043429,	0.015,	0.05,	0.2,	0.2,	400
