time ,	 x ,	 y ,	r_stem,	h_stem,	r_crown,	r_root,	k_geo
3865806000.0,	40.626866006055074,	2.9280367828104796,	0.015,	0.05,	0.2,	0.2,	400
