time ,	 x ,	 y ,	r_stem,	h_stem,	r_crown,	r_root,	k_geo
2682396000.0,	56.29099998373287,	12.289920685249243,	0.015,	0.05,	0.2,	0.2,	400
