time ,	 x ,	 y ,	r_stem,	h_stem,	r_crown,	r_root,	k_geo
583815600.0,	64.23276302735677,	13.831536807833626,	0.015,	0.05,	0.2,	0.2,	400
599594400.0,	64.23276302735677,	13.831536807833626,	0.01500941593852196,	0.053830215587463356,	0.21466649746083633,	0.2477157257184759,	400
615373200.0,	64.23276302735677,	13.831536807833626,	0.015023704350229723,	0.059689932773269026,	0.25291434014485153,	0.2969106257854386,	400
631152000.0,	64.23276302735677,	13.831536807833626,	0.015050972561644707,	0.06785347337895806,	0.3000959413814053,	0.35553743772870317,	400
646930800.0,	64.23276302735677,	13.831536807833626,	0.01505426845865905,	0.0702725814266051,	0.3242011095017601,	0.3589981405606981,	400
