time ,	 x ,	 y ,	r_stem,	h_stem,	r_crown,	r_root,	k_geo
2982193200.0,	84.48297896416351,	10.88961576743217,	0.015,	0.05,	0.2,	0.2,	400
