time ,	 x ,	 y ,	r_stem,	h_stem,	r_crown,	r_root,	k_geo
1783004400.0,	36.65266508266528,	0.36080330120776605,	0.015,	0.05,	0.2,	0.2,	400
1798783200.0,	36.65266508266528,	0.36080330120776605,	0.015000720031660853,	0.05031755964650872,	0.2014751637855747,	0.2036491781648174,	400
1814562000.0,	36.65266508266528,	0.36080330120776605,	0.015001709437135191,	0.050763799561422,	0.2037131639623919,	0.20853071617629437,	400
1830340800.0,	36.65266508266528,	0.36080330120776605,	0.01500290117472477,	0.05130643575020953,	0.20658323212622792,	0.214202551209156,	400
1846119600.0,	36.65266508266528,	0.36080330120776605,	0.015003922806084735,	0.051750757359111985,	0.20883480385166192,	0.21886337276038534,	400
1861898400.0,	36.65266508266528,	0.36080330120776605,	0.015006014911521792,	0.05280376705831339,	0.21567460092841959,	0.22807258303644817,	400
1877677200.0,	36.65266508266528,	0.36080330120776605,	0.015008347500517164,	0.05393887273643134,	0.2229225249981216,	0.23764941759627936,	400
1893456000.0,	36.65266508266528,	0.36080330120776605,	0.015011196660083862,	0.055325861928631495,	0.2320321677210573,	0.24848484353333963,	400
