time ,	 x ,	 y ,	r_stem,	h_stem,	r_crown,	r_root,	k_geo
4007815200.0,	98.87987505948807,	4.386662364084347,	0.015,	0.05,	0.2,	0.2,	400
