time ,	 x ,	 y ,	r_stem,	h_stem,	r_crown,	r_root,	k_geo
1025622000.0,	9.461196088941538,	2.2203424196992936,	0.015,	0.05,	0.2,	0.2,	400
