time ,	 x ,	 y ,	r_stem,	h_stem,	r_crown,	r_root,	k_geo
3550230000.0,	25.508892468486387,	12.902909243498515,	0.015,	0.05,	0.2,	0.2,	400
