time ,	 x ,	 y ,	r_stem,	h_stem,	r_crown,	r_root,	k_geo
2161695600.0,	70.18982802366031,	1.8585832906187054,	0.015,	0.05,	0.2,	0.2,	400
