time ,	 x ,	 y ,	r_stem,	h_stem,	r_crown,	r_root,	k_geo
3423999600.0,	95.22074500711028,	5.736088901112438,	0.015,	0.05,	0.2,	0.2,	400
