time ,	 x ,	 y ,	r_stem,	h_stem,	r_crown,	r_root,	k_geo
3376663200.0,	16.18769543588018,	9.398155427737802,	0.015,	0.05,	0.2,	0.2,	400
3392442000.0,	16.18769543588018,	9.398155427737802,	0.01500069535022565,	0.05030577006420792,	0.20141145035884242,	0.20352409172203212,	400
