time ,	 x ,	 y ,	r_stem,	h_stem,	r_crown,	r_root,	k_geo
3455557200.0,	41.089777573284415,	10.309635496134247,	0.015,	0.05,	0.2,	0.2,	400
