time ,	 x ,	 y ,	r_stem,	h_stem,	r_crown,	r_root,	k_geo
4055151600.0,	70.12956623390905,	11.496407263350303,	0.015,	0.05,	0.2,	0.2,	400
