time ,	 x ,	 y ,	r_stem,	h_stem,	r_crown,	r_root,	k_geo
394470000.0,	46.302243330890704,	6.67175138680735,	0.015,	0.05,	0.2,	0.2,	400
410248800.0,	46.302243330890704,	6.67175138680735,	0.015001990309051284,	0.051386912260203546,	0.21147576666273213,	0.2100868912590368,	400
426027600.0,	46.302243330890704,	6.67175138680735,	0.01500456026714685,	0.05303581652424001,	0.22380137161074318,	0.22232293437574635,	400
441806400.0,	46.302243330890704,	6.67175138680735,	0.015007444964672484,	0.05495823544370124,	0.23837245016003702,	0.2349129868628089,	400
457585200.0,	46.302243330890704,	6.67175138680735,	0.015011388307390124,	0.05727054530334072,	0.25386551000625934,	0.2505309477076145,	400
473364000.0,	46.302243330890704,	6.67175138680735,	0.015016610928167808,	0.05997813709542357,	0.2704338345199919,	0.26856714654633684,	400
