time ,	 x ,	 y ,	r_stem,	h_stem,	r_crown,	r_root,	k_geo
1861898400.0,	39.526528565512606,	4.362712362469092,	0.015,	0.05,	0.2,	0.2,	400
