time ,	 x ,	 y ,	r_stem,	h_stem,	r_crown,	r_root,	k_geo
3329326800.0,	78.96238477890479,	7.859478196527092,	0.015,	0.05,	0.2,	0.2,	400
