time ,	 x ,	 y ,	r_stem,	h_stem,	r_crown,	r_root,	k_geo
2729732400.0,	68.62776534089235,	4.0189663188219225,	0.015,	0.05,	0.2,	0.2,	400
