time ,	 x ,	 y ,	r_stem,	h_stem,	r_crown,	r_root,	k_geo
1956571200.0,	98.65532144439119,	7.560649153843593,	0.015,	0.05,	0.2,	0.2,	400
