time ,	 x ,	 y ,	r_stem,	h_stem,	r_crown,	r_root,	k_geo
1546322400.0,	49.78920183337673,	12.621483961969492,	0.015,	0.05,	0.2,	0.2,	400
