time ,	 x ,	 y ,	r_stem,	h_stem,	r_crown,	r_root,	k_geo
3155760000.0,	66.78713888073258,	6.473534272452167,	0.015,	0.05,	0.2,	0.2,	400
