time ,	 x ,	 y ,	r_stem,	h_stem,	r_crown,	r_root,	k_geo
2540386800.0,	36.804644071684045,	8.596147443073528,	0.015,	0.05,	0.2,	0.2,	400
