time ,	 x ,	 y ,	r_stem,	h_stem,	r_crown,	r_root,	k_geo
1341198000.0,	1.784467647794552,	14.947915256084283,	0.015,	0.05,	0.2,	0.2,	400
