time ,	 x ,	 y ,	r_stem,	h_stem,	r_crown,	r_root,	k_geo
1656774000.0,	77.93013739913214,	11.685177387223968,	0.015,	0.05,	0.2,	0.2,	400
