time ,	 x ,	 y ,	r_stem,	h_stem,	r_crown,	r_root,	k_geo
2934856800.0,	93.06457081525437,	7.648871266397091,	0.015,	0.05,	0.2,	0.2,	400
