time ,	 x ,	 y ,	r_stem,	h_stem,	r_crown,	r_root,	k_geo
1120294800.0,	43.897187758306465,	3.2150677578237423,	0.015,	0.05,	0.2,	0.2,	400
