time ,	 x ,	 y ,	r_stem,	h_stem,	r_crown,	r_root,	k_geo
157788000.0,	90.07703432164308,	12.169545670363869,	0.015,	0.05,	0.2,	0.2,	400
