time ,	 x ,	 y ,	r_stem,	h_stem,	r_crown,	r_root,	k_geo
4212939600.0,	3.8085648233782354,	4.591265747383032,	0.015,	0.05,	0.2,	0.2,	400
