time ,	 x ,	 y ,	r_stem,	h_stem,	r_crown,	r_root,	k_geo
4575852000.0,	52.412367443035315,	2.2240073030479044,	0.015,	0.05,	0.2,	0.2,	400
