time ,	 x ,	 y ,	r_stem,	h_stem,	r_crown,	r_root,	k_geo
4244497200.0,	37.94920089763243,	5.414593089123531,	0.015,	0.05,	0.2,	0.2,	400
