time ,	 x ,	 y ,	r_stem,	h_stem,	r_crown,	r_root,	k_geo
2398377600.0,	25.42316883273935,	6.59202143294963,	0.015,	0.05,	0.2,	0.2,	400
