time ,	 x ,	 y ,	r_stem,	h_stem,	r_crown,	r_root,	k_geo
4512736800.0,	83.29517441821828,	11.61189224346164,	0.015,	0.05,	0.2,	0.2,	400
