time ,	 x ,	 y ,	r_stem,	h_stem,	r_crown,	r_root,	k_geo
1262304000.0,	88.79658630438605,	9.067838186354827,	0.015,	0.05,	0.2,	0.2,	400
