time ,	 x ,	 y ,	r_stem,	h_stem,	r_crown,	r_root,	k_geo
1199188800.0,	12.3269566435524,	13.942808361791407,	0.015,	0.05,	0.2,	0.2,	400
