time ,	 x ,	 y ,	r_stem,	h_stem,	r_crown,	r_root,	k_geo
3913142400.0,	90.19660910243704,	8.375024115204651,	0.015,	0.05,	0.2,	0.2,	400
