time ,	 x ,	 y ,	r_stem,	h_stem,	r_crown,	r_root,	k_geo
1719889200.0,	84.48955154975353,	14.213082557198568,	0.015,	0.05,	0.2,	0.2,	400
1735668000.0,	84.48955154975353,	14.213082557198568,	0.015011050268428566,	0.0559769491723036,	0.2387743274804304,	0.25599666764361895,	400
1751446800.0,	84.48955154975353,	14.213082557198568,	0.015014508281150972,	0.06024440587697513,	0.2841296817346249,	0.26721917788182836,	400
