time ,	 x ,	 y ,	r_stem,	h_stem,	r_crown,	r_root,	k_geo
1341198000.0,	64.37617138262361,	11.610694624854828,	0.015,	0.05,	0.2,	0.2,	400
