time ,	 x ,	 y ,	r_stem,	h_stem,	r_crown,	r_root,	k_geo
930949200.0,	84.01065562580948,	2.1651011773642512,	0.015,	0.05,	0.2,	0.2,	400
