time ,	 x ,	 y ,	r_stem,	h_stem,	r_crown,	r_root,	k_geo
2335262400.0,	65.02907569481184,	14.367561382389791,	0.015,	0.05,	0.2,	0.2,	400
