time ,	 x ,	 y ,	r_stem,	h_stem,	r_crown,	r_root,	k_geo
1846119600.0,	72.10019955631516,	8.187987722570655,	0.015,	0.05,	0.2,	0.2,	400
