time ,	 x ,	 y ,	r_stem,	h_stem,	r_crown,	r_root,	k_geo
3345105600.0,	98.50268207502764,	2.5079680474113584,	0.015,	0.05,	0.2,	0.2,	400
