time ,	 x ,	 y ,	r_stem,	h_stem,	r_crown,	r_root,	k_geo
3297769200.0,	68.3391447616396,	2.7234586319790592,	0.015,	0.05,	0.2,	0.2,	400
