time ,	 x ,	 y ,	r_stem,	h_stem,	r_crown,	r_root,	k_geo
3976257600.0,	3.997431195764789,	12.067546236039302,	0.015,	0.05,	0.2,	0.2,	400
