time ,	 x ,	 y ,	r_stem,	h_stem,	r_crown,	r_root,	k_geo
2493050400.0,	60.18794872148025,	7.031168681449107,	0.015,	0.05,	0.2,	0.2,	400
