time ,	 x ,	 y ,	r_stem,	h_stem,	r_crown,	r_root,	k_geo
2272147200.0,	64.39688045849967,	1.8459418375170582,	0.015,	0.05,	0.2,	0.2,	400
