time ,	 x ,	 y ,	r_stem,	h_stem,	r_crown,	r_root,	k_geo
2635059600.0,	96.66185128113628,	10.504853130837189,	0.015,	0.05,	0.2,	0.2,	400
2650838400.0,	96.66185128113628,	10.504853130837189,	0.015000282653479597,	0.05138722805468725,	0.2189175543732978,	0.20143251804399043,	400
