time ,	 x ,	 y ,	r_stem,	h_stem,	r_crown,	r_root,	k_geo
2619280800.0,	77.92541384559925,	4.2314842683547,	0.015,	0.05,	0.2,	0.2,	400
