time ,	 x ,	 y ,	r_stem,	h_stem,	r_crown,	r_root,	k_geo
1293861600.0,	83.55629126665004,	9.293953746722302,	0.015,	0.05,	0.2,	0.2,	400
