time ,	 x ,	 y ,	r_stem,	h_stem,	r_crown,	r_root,	k_geo
2051244000.0,	87.7413576193694,	1.2980761821646785,	0.015,	0.05,	0.2,	0.2,	400
