time ,	 x ,	 y ,	r_stem,	h_stem,	r_crown,	r_root,	k_geo
1830340800.0,	99.39189683255312,	14.618185006766572,	0.015,	0.05,	0.2,	0.2,	400
