time ,	 x ,	 y ,	r_stem,	h_stem,	r_crown,	r_root,	k_geo
1656774000.0,	48.76984442537581,	10.042713777642023,	0.015,	0.05,	0.2,	0.2,	400
