time ,	 x ,	 y ,	r_stem,	h_stem,	r_crown,	r_root,	k_geo
1451649600.0,	34.62953913243844,	12.584150545811095,	0.015,	0.05,	0.2,	0.2,	400
