time ,	 x ,	 y ,	r_stem,	h_stem,	r_crown,	r_root,	k_geo
4544294400.0,	94.84553540020924,	10.831791801038055,	0.015,	0.05,	0.2,	0.2,	400
