time ,	 x ,	 y ,	r_stem,	h_stem,	r_crown,	r_root,	k_geo
1940792400.0,	31.944116788783607,	12.38690861099264,	0.015,	0.05,	0.2,	0.2,	400
