time ,	 x ,	 y ,	r_stem,	h_stem,	r_crown,	r_root,	k_geo
410248800.0,	4.198355155705458,	0.5196234534177846,	0.015,	0.05,	0.2,	0.2,	400
