time ,	 x ,	 y ,	r_stem,	h_stem,	r_crown,	r_root,	k_geo
3408220800.0,	91.62866825658327,	7.498823426497644,	0.015,	0.05,	0.2,	0.2,	400
