time ,	 x ,	 y ,	r_stem,	h_stem,	r_crown,	r_root,	k_geo
520700400.0,	89.33395581591256,	10.189919316765895,	0.015,	0.05,	0.2,	0.2,	400
