time ,	 x ,	 y ,	r_stem,	h_stem,	r_crown,	r_root,	k_geo
2493050400.0,	93.82845965930207,	12.24386982834971,	0.015,	0.05,	0.2,	0.2,	400
