time ,	 x ,	 y ,	r_stem,	h_stem,	r_crown,	r_root,	k_geo
3439778400.0,	65.44057773965986,	8.797363928814082,	0.015,	0.05,	0.2,	0.2,	400
