time ,	 x ,	 y ,	r_stem,	h_stem,	r_crown,	r_root,	k_geo
1151852400.0,	65.89716716348315,	13.815898582279749,	0.015,	0.05,	0.2,	0.2,	400
