time ,	 x ,	 y ,	r_stem,	h_stem,	r_crown,	r_root,	k_geo
4149824400.0,	65.18940661474106,	12.59366495365898,	0.015,	0.05,	0.2,	0.2,	400
4165603200.0,	65.18940661474106,	12.59366495365898,	0.015008282254154083,	0.05313609134348198,	0.20950709375961088,	0.2419712992033784,	400
4181382000.0,	65.18940661474106,	12.59366495365898,	0.015021008861549707,	0.05795927386207632,	0.23716557681441364,	0.2878593542177096,	400
4197160800.0,	65.18940661474106,	12.59366495365898,	0.015021698104657536,	0.05905969070630647,	0.25094055524271464,	0.2894912846215156,	400
