time ,	 x ,	 y ,	r_stem,	h_stem,	r_crown,	r_root,	k_geo
3171538800.0,	74.02835790766103,	8.139082511172752,	0.015,	0.05,	0.2,	0.2,	400
3187317600.0,	74.02835790766103,	8.139082511172752,	0.015010050629669171,	0.05433861887575252,	0.21929799088053603,	0.25093166389836113,	400
3203096400.0,	74.02835790766103,	8.139082511172752,	0.015025473165573252,	0.061366407946325224,	0.2703796424229426,	0.30270842242731216,	400
3218875200.0,	74.02835790766103,	8.139082511172752,	0.015027271503254546,	0.0636283842737847,	0.29420807317001263,	0.3063169501774322,	400
