time ,	 x ,	 y ,	r_stem,	h_stem,	r_crown,	r_root,	k_geo
1451649600.0,	61.16024565280662,	5.661470292025679,	0.015,	0.05,	0.2,	0.2,	400
