time ,	 x ,	 y ,	r_stem,	h_stem,	r_crown,	r_root,	k_geo
773161200.0,	73.34794433894538,	8.60351828861598,	0.015,	0.05,	0.2,	0.2,	400
