time ,	 x ,	 y ,	r_stem,	h_stem,	r_crown,	r_root,	k_geo
1498986000.0,	91.30020328723683,	8.34068524574177,	0.015,	0.05,	0.2,	0.2,	400
