time ,	 x ,	 y ,	r_stem,	h_stem,	r_crown,	r_root,	k_geo
3834248400.0,	52.432129419359484,	6.7717111970816655,	0.015,	0.05,	0.2,	0.2,	400
