time ,	 x ,	 y ,	r_stem,	h_stem,	r_crown,	r_root,	k_geo
2303704800.0,	85.39780940011842,	9.016287220120965,	0.015,	0.05,	0.2,	0.2,	400
