time ,	 x ,	 y ,	r_stem,	h_stem,	r_crown,	r_root,	k_geo
1041400800.0,	41.536674738740345,	4.451697885862016,	0.015,	0.05,	0.2,	0.2,	400
