time ,	 x ,	 y ,	r_stem,	h_stem,	r_crown,	r_root,	k_geo
820497600.0,	98.94614059760197,	4.1199406141107096,	0.015,	0.05,	0.2,	0.2,	400
