time ,	 x ,	 y ,	r_stem,	h_stem,	r_crown,	r_root,	k_geo
1688331600.0,	79.12736646815077,	4.205854156654903,	0.015,	0.05,	0.2,	0.2,	400
