time ,	 x ,	 y ,	r_stem,	h_stem,	r_crown,	r_root,	k_geo
1404313200.0,	40.604790755559414,	14.663848801113051,	0.015,	0.05,	0.2,	0.2,	400
