time ,	 x ,	 y ,	r_stem,	h_stem,	r_crown,	r_root,	k_geo
3281990400.0,	75.33621886851994,	5.009205436380558,	0.015,	0.05,	0.2,	0.2,	400
3297769200.0,	75.33621886851994,	5.009205436380558,	0.015010677953468702,	0.055063313401377066,	0.22710758182287677,	0.25411022379650716,	400
3313548000.0,	75.33621886851994,	5.009205436380558,	0.01501122742609094,	0.05646233748856413,	0.24485923999494275,	0.2559122974748768,	400
