time ,	 x ,	 y ,	r_stem,	h_stem,	r_crown,	r_root,	k_geo
362912400.0,	95.16559329971372,	0.7169575390123434,	0.015,	0.05,	0.2,	0.2,	400
