time ,	 x ,	 y ,	r_stem,	h_stem,	r_crown,	r_root,	k_geo
4181382000.0,	56.71395590379442,	2.7636948851908287,	0.015,	0.05,	0.2,	0.2,	400
