time ,	 x ,	 y ,	r_stem,	h_stem,	r_crown,	r_root,	k_geo
4307612400.0,	27.79736311658867,	6.594592278432817,	0.015,	0.05,	0.2,	0.2,	400
