time ,	 x ,	 y ,	r_stem,	h_stem,	r_crown,	r_root,	k_geo
694267200.0,	15.644476546074571,	12.222364438623556,	0.015,	0.05,	0.2,	0.2,	400
