time ,	 x ,	 y ,	r_stem,	h_stem,	r_crown,	r_root,	k_geo
2982193200.0,	57.04439563068128,	6.942341883396688,	0.015,	0.05,	0.2,	0.2,	400
2997972000.0,	57.04439563068128,	6.942341883396688,	0.01500183329379262,	0.0513869412923255,	0.21215999199172345,	0.2092911551290041,	400
3013750800.0,	57.04439563068128,	6.942341883396688,	0.01500434205447397,	0.05307999156909066,	0.22518681550931677,	0.2213300650426213,	400
3029529600.0,	57.04439563068128,	6.942341883396688,	0.015007495393327549,	0.05508470034951114,	0.2395426806113489,	0.23523923847424122,	400
