time ,	 x ,	 y ,	r_stem,	h_stem,	r_crown,	r_root,	k_geo
2540386800.0,	98.81902491085418,	3.9524723189383364,	0.015,	0.05,	0.2,	0.2,	400
