time ,	 x ,	 y ,	r_stem,	h_stem,	r_crown,	r_root,	k_geo
4370727600.0,	54.11954013114606,	9.348737083312923,	0.015,	0.05,	0.2,	0.2,	400
4386506400.0,	54.11954013114606,	9.348737083312923,	0.015001872990778566,	0.051386933952266546,	0.2119870038581896,	0.20949233538968082,	400
4402285200.0,	54.11954013114606,	9.348737083312923,	0.015004271491365474,	0.05306882096388398,	0.22535266179646307,	0.22097929798722662,	400
4418064000.0,	54.11954013114606,	9.348737083312923,	0.01500754698256518,	0.05508837972060636,	0.2393786797061195,	0.23547526067813399,	400
4433842800.0,	54.11954013114606,	9.348737083312923,	0.015011214673358409,	0.05743587995621145,	0.2562007090232215,	0.24993992451659028,	400
4449621600.0,	54.11954013114606,	9.348737083312923,	0.015019935969349522,	0.06064946029564149,	0.26782565380927476,	0.28027313578254026,	400
4465400400.0,	54.11954013114606,	9.348737083312923,	0.015032767710944027,	0.06492674791905127,	0.287760559868989,	0.31311222500043107,	400
4481179200.0,	54.11954013114606,	9.348737083312923,	0.015052121819972637,	0.06993930405052337,	0.31147664671543984,	0.3472983038426102,	400
