time ,	 x ,	 y ,	r_stem,	h_stem,	r_crown,	r_root,	k_geo
1735668000.0,	13.925075877713756,	4.029412229387129,	0.015,	0.05,	0.2,	0.2,	400
