time ,	 x ,	 y ,	r_stem,	h_stem,	r_crown,	r_root,	k_geo
2887520400.0,	95.63896810545558,	6.375230295959639,	0.015,	0.05,	0.2,	0.2,	400
