time ,	 x ,	 y ,	r_stem,	h_stem,	r_crown,	r_root,	k_geo
4544294400.0,	1.490397213600303,	0.8489776981300307,	0.015,	0.05,	0.2,	0.2,	400
