time ,	 x ,	 y ,	r_stem,	h_stem,	r_crown,	r_root,	k_geo
2855962800.0,	81.21088476872616,	2.4859776181920705,	0.015,	0.05,	0.2,	0.2,	400
