time ,	 x ,	 y ,	r_stem,	h_stem,	r_crown,	r_root,	k_geo
4291833600.0,	75.43922259971573,	11.064921497660585,	0.015,	0.05,	0.2,	0.2,	400
