time ,	 x ,	 y ,	r_stem,	h_stem,	r_crown,	r_root,	k_geo
3092644800.0,	42.96833621799113,	7.69415698703601,	0.015,	0.05,	0.2,	0.2,	400
