time ,	 x ,	 y ,	r_stem,	h_stem,	r_crown,	r_root,	k_geo
2713953600.0,	65.81466855885894,	2.866156352015217,	0.015,	0.05,	0.2,	0.2,	400
