time ,	 x ,	 y ,	r_stem,	h_stem,	r_crown,	r_root,	k_geo
4591630800.0,	81.39461018550229,	6.704551010821366,	0.015,	0.05,	0.2,	0.2,	400
