time ,	 x ,	 y ,	r_stem,	h_stem,	r_crown,	r_root,	k_geo
3992036400.0,	69.13718716800724,	1.42803279894393,	0.015,	0.05,	0.2,	0.2,	400
