time ,	 x ,	 y ,	r_stem,	h_stem,	r_crown,	r_root,	k_geo
3013750800.0,	75.94632118733452,	2.9920564788502837,	0.015,	0.05,	0.2,	0.2,	400
