time ,	 x ,	 y ,	r_stem,	h_stem,	r_crown,	r_root,	k_geo
1246525200.0,	54.14953969448315,	5.589844968670743,	0.015,	0.05,	0.2,	0.2,	400
