time ,	 x ,	 y ,	r_stem,	h_stem,	r_crown,	r_root,	k_geo
1925013600.0,	42.597893240736084,	11.29332537772674,	0.015,	0.05,	0.2,	0.2,	400
