time ,	 x ,	 y ,	r_stem,	h_stem,	r_crown,	r_root,	k_geo
426027600.0,	52.37989052795658,	0.9822787048238729,	0.015,	0.05,	0.2,	0.2,	400
441806400.0,	52.37989052795658,	0.9822787048238729,	0.015006972108843783,	0.05249628025581779,	0.20590781141983797,	0.2353325418633576,	400
