time ,	 x ,	 y ,	r_stem,	h_stem,	r_crown,	r_root,	k_geo
4528515600.0,	21.219344536850425,	13.662612978911744,	0.015,	0.05,	0.2,	0.2,	400
