time ,	 x ,	 y ,	r_stem,	h_stem,	r_crown,	r_root,	k_geo
2351041200.0,	71.4882779587113,	8.787601698318719,	0.015,	0.05,	0.2,	0.2,	400
