time ,	 x ,	 y ,	r_stem,	h_stem,	r_crown,	r_root,	k_geo
1672552800.0,	72.65330347968838,	1.1404990539507138,	0.015,	0.05,	0.2,	0.2,	400
