time ,	 x ,	 y ,	r_stem,	h_stem,	r_crown,	r_root,	k_geo
710046000.0,	99.20973004281323,	1.838573284999886,	0.015,	0.05,	0.2,	0.2,	400
