time ,	 x ,	 y ,	r_stem,	h_stem,	r_crown,	r_root,	k_geo
4039372800.0,	75.47354385069235,	10.059073874978951,	0.015,	0.05,	0.2,	0.2,	400
