time ,	 x ,	 y ,	r_stem,	h_stem,	r_crown,	r_root,	k_geo
2682396000.0,	24.688895913921193,	9.368118698540616,	0.015,	0.05,	0.2,	0.2,	400
