time ,	 x ,	 y ,	r_stem,	h_stem,	r_crown,	r_root,	k_geo
2950635600.0,	80.31369079246244,	9.678279580151907,	0.015,	0.05,	0.2,	0.2,	400
