time ,	 x ,	 y ,	r_stem,	h_stem,	r_crown,	r_root,	k_geo
520700400.0,	0.4536283871717228,	7.123814421189661,	0.015,	0.05,	0.2,	0.2,	400
