time ,	 x ,	 y ,	r_stem,	h_stem,	r_crown,	r_root,	k_geo
2950635600.0,	76.53663480062635,	5.955552755734662,	0.015,	0.05,	0.2,	0.2,	400
