time ,	 x ,	 y ,	r_stem,	h_stem,	r_crown,	r_root,	k_geo
1972350000.0,	83.80330900674274,	10.887861526850273,	0.015,	0.05,	0.2,	0.2,	400
