time ,	 x ,	 y ,	r_stem,	h_stem,	r_crown,	r_root,	k_geo
3708018000.0,	67.12912799620494,	13.662365791004909,	0.015,	0.05,	0.2,	0.2,	400
