time ,	 x ,	 y ,	r_stem,	h_stem,	r_crown,	r_root,	k_geo
1640995200.0,	48.58354904636353,	12.795173102877673,	0.015,	0.05,	0.2,	0.2,	400
1656774000.0,	48.58354904636353,	12.795173102877673,	0.015002294696816765,	0.051368516045620684,	0.20988291413658627,	0.21162948652432664,	400
