time ,	 x ,	 y ,	r_stem,	h_stem,	r_crown,	r_root,	k_geo
836276400.0,	46.56702666290897,	10.184309414368942,	0.015,	0.05,	0.2,	0.2,	400
