time ,	 x ,	 y ,	r_stem,	h_stem,	r_crown,	r_root,	k_geo
3960478800.0,	49.60580657396909,	7.062466700757513,	0.015,	0.05,	0.2,	0.2,	400
