time ,	 x ,	 y ,	r_stem,	h_stem,	r_crown,	r_root,	k_geo
4118266800.0,	61.648476344031835,	12.234558844620086,	0.015,	0.05,	0.2,	0.2,	400
