time ,	 x ,	 y ,	r_stem,	h_stem,	r_crown,	r_root,	k_geo
4149824400.0,	38.02327928898801,	6.106629489875219,	0.015,	0.05,	0.2,	0.2,	400
