time ,	 x ,	 y ,	r_stem,	h_stem,	r_crown,	r_root,	k_geo
3266211600.0,	2.5183559330298144,	0.7099466852778763,	0.015,	0.05,	0.2,	0.2,	400
