time ,	 x ,	 y ,	r_stem,	h_stem,	r_crown,	r_root,	k_geo
3218875200.0,	57.88788224783008,	4.118179130806196,	0.015,	0.05,	0.2,	0.2,	400
3234654000.0,	57.88788224783008,	4.118179130806196,	0.01500667989610962,	0.05236767244729779,	0.20531029695899786,	0.2338518153147461,	400
3250432800.0,	57.88788224783008,	4.118179130806196,	0.015017001809394016,	0.055860384702463996,	0.21993013107942663,	0.27360938654322337,	400
3266211600.0,	57.88788224783008,	4.118179130806196,	0.015033209780568487,	0.06118173457600804,	0.2538007391689479,	0.3176297294642213,	400
3281990400.0,	57.88788224783008,	4.118179130806196,	0.015062882139852508,	0.06788597638298093,	0.28929542307113343,	0.3686379933404856,	400
3297769200.0,	57.88788224783008,	4.118179130806196,	0.015127319180768383,	0.07694215117378327,	0.33544242168961363,	0.42722091060992423,	400
3313548000.0,	57.88788224783008,	4.118179130806196,	0.015160308180268535,	0.08178026423083928,	0.37373688869867333,	0.44004306248934466,	400
3329326800.0,	57.88788224783008,	4.118179130806196,	0.01523174336703785,	0.0883330563365499,	0.4137813130329491,	0.4613065145955898,	400
