time ,	 x ,	 y ,	r_stem,	h_stem,	r_crown,	r_root,	k_geo
2161695600.0,	11.655265244440361,	2.1814395110511247,	0.015,	0.05,	0.2,	0.2,	400
