time ,	 x ,	 y ,	r_stem,	h_stem,	r_crown,	r_root,	k_geo
4449621600.0,	70.36241616529483,	5.138305837619688,	0.015,	0.05,	0.2,	0.2,	400
