time ,	 x ,	 y ,	r_stem,	h_stem,	r_crown,	r_root,	k_geo
2067022800.0,	39.54840961183012,	8.128564064565365,	0.015,	0.05,	0.2,	0.2,	400
