time ,	 x ,	 y ,	r_stem,	h_stem,	r_crown,	r_root,	k_geo
3360884400.0,	9.60802224790993,	11.597631430197541,	0.015,	0.05,	0.2,	0.2,	400
