time ,	 x ,	 y ,	r_stem,	h_stem,	r_crown,	r_root,	k_geo
4433842800.0,	92.70889633848782,	8.818295386778763,	0.015,	0.05,	0.2,	0.2,	400
