time ,	 x ,	 y ,	r_stem,	h_stem,	r_crown,	r_root,	k_geo
347133600.0,	76.16736531964146,	8.04260788996833,	0.015,	0.05,	0.2,	0.2,	400
