time ,	 x ,	 y ,	r_stem,	h_stem,	r_crown,	r_root,	k_geo
3029529600.0,	38.53318585321721,	8.496469618172952,	0.015,	0.05,	0.2,	0.2,	400
