time ,	 x ,	 y ,	r_stem,	h_stem,	r_crown,	r_root,	k_geo
725824800.0,	32.736275680972696,	0.6252153206933314,	0.015,	0.05,	0.2,	0.2,	400
