time ,	 x ,	 y ,	r_stem,	h_stem,	r_crown,	r_root,	k_geo
1467428400.0,	85.41076825733789,	1.5792641219038357,	0.015,	0.05,	0.2,	0.2,	400
