time ,	 x ,	 y ,	r_stem,	h_stem,	r_crown,	r_root,	k_geo
2035465200.0,	93.91702949625194,	6.191839797480018,	0.015,	0.05,	0.2,	0.2,	400
