time ,	 x ,	 y ,	r_stem,	h_stem,	r_crown,	r_root,	k_geo
2493050400.0,	64.03026855334133,	13.604923704337676,	0.015,	0.05,	0.2,	0.2,	400
