time ,	 x ,	 y ,	r_stem,	h_stem,	r_crown,	r_root,	k_geo
3045308400.0,	59.69028747430164,	6.0541416107315404,	0.015,	0.05,	0.2,	0.2,	400
