time ,	 x ,	 y ,	r_stem,	h_stem,	r_crown,	r_root,	k_geo
1435870800.0,	75.87583687378496,	8.96963075668501,	0.015,	0.05,	0.2,	0.2,	400
