time ,	 x ,	 y ,	r_stem,	h_stem,	r_crown,	r_root,	k_geo
2650838400.0,	97.69009455839522,	4.5370592291091425,	0.015,	0.05,	0.2,	0.2,	400
