time ,	 x ,	 y ,	r_stem,	h_stem,	r_crown,	r_root,	k_geo
1088737200.0,	82.675803850213,	6.412044712957688,	0.015,	0.05,	0.2,	0.2,	400
