time ,	 x ,	 y ,	r_stem,	h_stem,	r_crown,	r_root,	k_geo
4260276000.0,	52.84055086895343,	12.638274135721977,	0.015,	0.05,	0.2,	0.2,	400
