time ,	 x ,	 y ,	r_stem,	h_stem,	r_crown,	r_root,	k_geo
1877677200.0,	61.0743930410771,	13.289636826043822,	0.015,	0.05,	0.2,	0.2,	400
1893456000.0,	61.0743930410771,	13.289636826043822,	0.015001535901723985,	0.05138699628261864,	0.21345595452393237,	0.20778399644407006,	400
