time ,	 x ,	 y ,	r_stem,	h_stem,	r_crown,	r_root,	k_geo
1861898400.0,	85.74495241768687,	0.26564944389524947,	0.015,	0.05,	0.2,	0.2,	400
