time ,	 x ,	 y ,	r_stem,	h_stem,	r_crown,	r_root,	k_geo
394470000.0,	59.068315761264486,	2.154804691047688,	0.015,	0.05,	0.2,	0.2,	400
