time ,	 x ,	 y ,	r_stem,	h_stem,	r_crown,	r_root,	k_geo
4023594000.0,	51.12196742573348,	11.492771191508352,	0.015,	0.05,	0.2,	0.2,	400
