time ,	 x ,	 y ,	r_stem,	h_stem,	r_crown,	r_root,	k_geo
3629124000.0,	42.47734776039922,	7.4387874390869575,	0.015,	0.05,	0.2,	0.2,	400
