time ,	 x ,	 y ,	r_stem,	h_stem,	r_crown,	r_root,	k_geo
4197160800.0,	65.83162219683952,	2.0936403940370734,	0.015,	0.05,	0.2,	0.2,	400
