time ,	 x ,	 y ,	r_stem,	h_stem,	r_crown,	r_root,	k_geo
4591630800.0,	63.952536318348564,	10.413151607736083,	0.015,	0.05,	0.2,	0.2,	400
