time ,	 x ,	 y ,	r_stem,	h_stem,	r_crown,	r_root,	k_geo
2256368400.0,	82.50821341913776,	3.952766772394834,	0.015,	0.05,	0.2,	0.2,	400
