time ,	 x ,	 y ,	r_stem,	h_stem,	r_crown,	r_root,	k_geo
1388534400.0,	76.79791409849338,	12.704319344444562,	0.015,	0.05,	0.2,	0.2,	400
