time ,	 x ,	 y ,	r_stem,	h_stem,	r_crown,	r_root,	k_geo
1830340800.0,	92.1696689868224,	8.888211990393419,	0.015,	0.05,	0.2,	0.2,	400
