time ,	 x ,	 y ,	r_stem,	h_stem,	r_crown,	r_root,	k_geo
1798783200.0,	98.7446394933449,	11.391092634917845,	0.015,	0.05,	0.2,	0.2,	400
