time ,	 x ,	 y ,	r_stem,	h_stem,	r_crown,	r_root,	k_geo
3045308400.0,	61.916188652349135,	6.086518276451791,	0.015,	0.05,	0.2,	0.2,	400
