time ,	 x ,	 y ,	r_stem,	h_stem,	r_crown,	r_root,	k_geo
2398377600.0,	78.95438964088902,	4.134341855933467,	0.015,	0.05,	0.2,	0.2,	400
