time ,	 x ,	 y ,	r_stem,	h_stem,	r_crown,	r_root,	k_geo
946728000.0,	22.88428441226962,	9.733428087132728,	0.015,	0.05,	0.2,	0.2,	400
