time ,	 x ,	 y ,	r_stem,	h_stem,	r_crown,	r_root,	k_geo
4544294400.0,	15.928138132410163,	11.731691540075312,	0.015,	0.05,	0.2,	0.2,	400
