time ,	 x ,	 y ,	r_stem,	h_stem,	r_crown,	r_root,	k_geo
1672552800.0,	79.55629297035368,	10.447018400610789,	0.015,	0.05,	0.2,	0.2,	400
