time ,	 x ,	 y ,	r_stem,	h_stem,	r_crown,	r_root,	k_geo
1830340800.0,	92.6635717041853,	1.049304390812595,	0.015,	0.05,	0.2,	0.2,	400
