time ,	 x ,	 y ,	r_stem,	h_stem,	r_crown,	r_root,	k_geo
883612800.0,	68.79443281135131,	0.647690824901414,	0.015,	0.05,	0.2,	0.2,	400
