time ,	 x ,	 y ,	r_stem,	h_stem,	r_crown,	r_root,	k_geo
2351041200.0,	79.73307827606641,	1.0818372546334176,	0.015,	0.05,	0.2,	0.2,	400
