time ,	 x ,	 y ,	r_stem,	h_stem,	r_crown,	r_root,	k_geo
836276400.0,	98.94174798711121,	9.168685112115302,	0.015,	0.05,	0.2,	0.2,	400
