time ,	 x ,	 y ,	r_stem,	h_stem,	r_crown,	r_root,	k_geo
4512736800.0,	90.68018047878205,	1.320118037665463,	0.015,	0.05,	0.2,	0.2,	400
