time ,	 x ,	 y ,	r_stem,	h_stem,	r_crown,	r_root,	k_geo
4512736800.0,	59.78289055283717,	6.236693661352937,	0.015,	0.05,	0.2,	0.2,	400
