time ,	 x ,	 y ,	r_stem,	h_stem,	r_crown,	r_root,	k_geo
189345600.0,	89.29774182485276,	4.966012829349028,	0.015,	0.05,	0.2,	0.2,	400
