time ,	 x ,	 y ,	r_stem,	h_stem,	r_crown,	r_root,	k_geo
2619280800.0,	72.58211846191767,	0.7020192060530489,	0.015,	0.05,	0.2,	0.2,	400
