time ,	 x ,	 y ,	r_stem,	h_stem,	r_crown,	r_root,	k_geo
4118266800.0,	49.76206179753022,	13.738460361131631,	0.015,	0.05,	0.2,	0.2,	400
