time ,	 x ,	 y ,	r_stem,	h_stem,	r_crown,	r_root,	k_geo
3471336000.0,	96.38107161002957,	10.210113270202331,	0.015,	0.05,	0.2,	0.2,	400
