time ,	 x ,	 y ,	r_stem,	h_stem,	r_crown,	r_root,	k_geo
4070930400.0,	56.338202500395255,	2.0656719781031923,	0.015,	0.05,	0.2,	0.2,	400
