time ,	 x ,	 y ,	r_stem,	h_stem,	r_crown,	r_root,	k_geo
4418064000.0,	38.69485351741503,	12.83004285119425,	0.015,	0.05,	0.2,	0.2,	400
