time ,	 x ,	 y ,	r_stem,	h_stem,	r_crown,	r_root,	k_geo
4339170000.0,	18.797220936063862,	9.00914739751242,	0.015,	0.05,	0.2,	0.2,	400
