time ,	 x ,	 y ,	r_stem,	h_stem,	r_crown,	r_root,	k_geo
3250432800.0,	91.9590108622949,	10.041837906501573,	0.015,	0.05,	0.2,	0.2,	400
