time ,	 x ,	 y ,	r_stem,	h_stem,	r_crown,	r_root,	k_geo
1498986000.0,	58.66306770061506,	9.89607405146406,	0.015,	0.05,	0.2,	0.2,	400
