time ,	 x ,	 y ,	r_stem,	h_stem,	r_crown,	r_root,	k_geo
915170400.0,	92.59479976630725,	0.8559702805982811,	0.015,	0.05,	0.2,	0.2,	400
930949200.0,	92.59479976630725,	0.8559702805982811,	0.015008930027197026,	0.0566389731547028,	0.2576133569097406,	0.24525361178561944,	400
