time ,	 x ,	 y ,	r_stem,	h_stem,	r_crown,	r_root,	k_geo
2824405200.0,	99.05358302222692,	12.394297652408433,	0.015,	0.05,	0.2,	0.2,	400
