time ,	 x ,	 y ,	r_stem,	h_stem,	r_crown,	r_root,	k_geo
4276054800.0,	26.520765092204755,	0.8808885117948667,	0.015,	0.05,	0.2,	0.2,	400
