time ,	 x ,	 y ,	r_stem,	h_stem,	r_crown,	r_root,	k_geo
4055151600.0,	63.44530849977822,	6.723845748271284,	0.015,	0.05,	0.2,	0.2,	400
4070930400.0,	63.44530849977822,	6.723845748271284,	0.015008192513440544,	0.05308805703683951,	0.20919926985117482,	0.24151657250846217,	400
4086709200.0,	63.44530849977822,	6.723845748271284,	0.015020656367132028,	0.05769215232816315,	0.23440349496645047,	0.28662313310011045,	400
4102488000.0,	63.44530849977822,	6.723845748271284,	0.015041202699640384,	0.06395846615781922,	0.2719187983419068,	0.3358731760792706,	400
4118266800.0,	63.44530849977822,	6.723845748271284,	0.015051729552647906,	0.06835390172635764,	0.31215979241448344,	0.35037478348340806,	400
4134045600.0,	63.44530849977822,	6.723845748271284,	0.015080750441143065,	0.0755650007964736,	0.35784652158700847,	0.38232768577600007,	400
4149824400.0,	63.44530849977822,	6.723845748271284,	0.015085944043063173,	0.07750707231282356,	0.37263503840421347,	0.38582849249055207,	400
4165603200.0,	63.44530849977822,	6.723845748271284,	0.015100447455282086,	0.081077496404209,	0.395842794855538,	0.39488428588383473,	400
