time ,	 x ,	 y ,	r_stem,	h_stem,	r_crown,	r_root,	k_geo
3203096400.0,	82.76446094907945,	14.291137329644904,	0.015,	0.05,	0.2,	0.2,	400
