time ,	 x ,	 y ,	r_stem,	h_stem,	r_crown,	r_root,	k_geo
1104516000.0,	74.57617296166929,	10.362034210204206,	0.015,	0.05,	0.2,	0.2,	400
