time ,	 x ,	 y ,	r_stem,	h_stem,	r_crown,	r_root,	k_geo
1120294800.0,	16.710079299261338,	6.342899186593881,	0.015,	0.05,	0.2,	0.2,	400
