time ,	 x ,	 y ,	r_stem,	h_stem,	r_crown,	r_root,	k_geo
2429935200.0,	55.10598497280246,	6.034960291431485,	0.015,	0.05,	0.2,	0.2,	400
