time ,	 x ,	 y ,	r_stem,	h_stem,	r_crown,	r_root,	k_geo
3881584800.0,	7.523595266205618,	12.916470328253979,	0.015,	0.05,	0.2,	0.2,	400
