time ,	 x ,	 y ,	r_stem,	h_stem,	r_crown,	r_root,	k_geo
4323391200.0,	59.104169794129,	2.6459146001408507,	0.015,	0.05,	0.2,	0.2,	400
