time ,	 x ,	 y ,	r_stem,	h_stem,	r_crown,	r_root,	k_geo
2335262400.0,	93.8954248294118,	8.635897874738777,	0.015,	0.05,	0.2,	0.2,	400
