time ,	 x ,	 y ,	r_stem,	h_stem,	r_crown,	r_root,	k_geo
3423999600.0,	25.043740828624415,	12.530553835908066,	0.015,	0.05,	0.2,	0.2,	400
3439778400.0,	25.043740828624415,	12.530553835908066,	0.01500003414939747,	0.05001401072633692,	0.20005468879935762,	0.20017307331485995,	400
3455557200.0,	25.043740828624415,	12.530553835908066,	0.015000048943508457,	0.05002006668374907,	0.20007823548536116,	0.2002479546212596,	400
