time ,	 x ,	 y ,	r_stem,	h_stem,	r_crown,	r_root,	k_geo
1861898400.0,	6.212912812245275,	13.596334743516215,	0.015,	0.05,	0.2,	0.2,	400
