time ,	 x ,	 y ,	r_stem,	h_stem,	r_crown,	r_root,	k_geo
2761290000.0,	51.26910387556437,	2.6023967507334334,	0.015,	0.05,	0.2,	0.2,	400
