time ,	 x ,	 y ,	r_stem,	h_stem,	r_crown,	r_root,	k_geo
978285600.0,	15.970450651861867,	9.430020780485888,	0.015,	0.05,	0.2,	0.2,	400
994064400.0,	15.970450651861867,	9.430020780485888,	0.015000047590086685,	0.050019549510469205,	0.20007656797085516,	0.20024119232934862,	400
1009843200.0,	15.970450651861867,	9.430020780485888,	0.015000207204470472,	0.05008577376623788,	0.2003437339906564,	0.20104867756518482,	400
1025622000.0,	15.970450651861867,	9.430020780485888,	0.015000659865962362,	0.050278847056603904,	0.20118559668941363,	0.20332490375486809,	400
1041400800.0,	15.970450651861867,	9.430020780485888,	0.015001099728378197,	0.05046494818346933,	0.20200143289588887,	0.20549967419325088,	400
1057179600.0,	15.970450651861867,	9.430020780485888,	0.01500158391142999,	0.050669416007703215,	0.2029146672414599,	0.20785496043852536,	400
1072958400.0,	15.970450651861867,	9.430020780485888,	0.015001888643798209,	0.05079480609637131,	0.20345544396937765,	0.20931131728754293,	400
1088737200.0,	15.970450651861867,	9.430020780485888,	0.015002289352379633,	0.05096053718274964,	0.2041906384539568,	0.21120529097678103,	400
