time ,	 x ,	 y ,	r_stem,	h_stem,	r_crown,	r_root,	k_geo
2950635600.0,	41.56487168668212,	11.71051804724577,	0.015,	0.05,	0.2,	0.2,	400
