time ,	 x ,	 y ,	r_stem,	h_stem,	r_crown,	r_root,	k_geo
3629124000.0,	85.97863288988498,	2.0018918117270856,	0.015,	0.05,	0.2,	0.2,	400
