time ,	 x ,	 y ,	r_stem,	h_stem,	r_crown,	r_root,	k_geo
4560073200.0,	78.58448983922396,	8.822106512073118,	0.015,	0.05,	0.2,	0.2,	400
