time ,	 x ,	 y ,	r_stem,	h_stem,	r_crown,	r_root,	k_geo
2035465200.0,	75.14856793168885,	10.562645304113069,	0.015,	0.05,	0.2,	0.2,	400
