time ,	 x ,	 y ,	r_stem,	h_stem,	r_crown,	r_root,	k_geo
1798783200.0,	23.763956941190933,	3.3227126498688877,	0.015,	0.05,	0.2,	0.2,	400
1814562000.0,	23.763956941190933,	3.3227126498688877,	0.015000195734571576,	0.050061538425120795,	0.20004089871164807,	0.20099200476823442,	400
1830340800.0,	23.763956941190933,	3.3227126498688877,	0.015000358555613783,	0.050112435017211326,	0.20007488105402388,	0.20181064929899814,	400
