time ,	 x ,	 y ,	r_stem,	h_stem,	r_crown,	r_root,	k_geo
3502893600.0,	79.61248315531829,	2.50895762214725,	0.015,	0.05,	0.2,	0.2,	400
