time ,	 x ,	 y ,	r_stem,	h_stem,	r_crown,	r_root,	k_geo
4307612400.0,	74.18286785651979,	11.500053027894694,	0.015,	0.05,	0.2,	0.2,	400
