time ,	 x ,	 y ,	r_stem,	h_stem,	r_crown,	r_root,	k_geo
3013750800.0,	47.64214940032778,	6.250083439839381,	0.015,	0.05,	0.2,	0.2,	400
