time ,	 x ,	 y ,	r_stem,	h_stem,	r_crown,	r_root,	k_geo
1167631200.0,	86.39954661153871,	5.894212762912448,	0.015,	0.05,	0.2,	0.2,	400
