time ,	 x ,	 y ,	r_stem,	h_stem,	r_crown,	r_root,	k_geo
3376663200.0,	33.30864231294185,	10.321299980297503,	0.015,	0.05,	0.2,	0.2,	400
3392442000.0,	33.30864231294185,	10.321299980297503,	0.015000819143688556,	0.050365696084159854,	0.20174255249346484,	0.20415148090255772,	400
3408220800.0,	33.30864231294185,	10.321299980297503,	0.015001633391072992,	0.05072416532973909,	0.20346285210187492,	0.20815438474551418,	400
