time ,	 x ,	 y ,	r_stem,	h_stem,	r_crown,	r_root,	k_geo
315576000.0,	82.29835422818039,	8.723426672327308,	0.015,	0.05,	0.2,	0.2,	400
