time ,	 x ,	 y ,	r_stem,	h_stem,	r_crown,	r_root,	k_geo
2650838400.0,	9.734396524284417,	11.233842416961584,	0.015,	0.05,	0.2,	0.2,	400
