time ,	 x ,	 y ,	r_stem,	h_stem,	r_crown,	r_root,	k_geo
2193253200.0,	71.42500339119721,	0.8453361250388458,	0.015,	0.05,	0.2,	0.2,	400
2209032000.0,	71.42500339119721,	0.8453361250388458,	0.01501055410034451,	0.054886884743089004,	0.22508066728918152,	0.2534826815579329,	400
