time ,	 x ,	 y ,	r_stem,	h_stem,	r_crown,	r_root,	k_geo
2792847600.0,	99.60485679267038,	13.055150278892947,	0.015,	0.05,	0.2,	0.2,	400
