time ,	 x ,	 y ,	r_stem,	h_stem,	r_crown,	r_root,	k_geo
3266211600.0,	28.3781817608292,	14.551114756859638,	0.015,	0.05,	0.2,	0.2,	400
