time ,	 x ,	 y ,	r_stem,	h_stem,	r_crown,	r_root,	k_geo
3029529600.0,	78.20057020001542,	12.395930587978254,	0.015,	0.05,	0.2,	0.2,	400
