time ,	 x ,	 y ,	r_stem,	h_stem,	r_crown,	r_root,	k_geo
710046000.0,	74.16675403583805,	13.241719248556645,	0.015,	0.05,	0.2,	0.2,	400
