time ,	 x ,	 y ,	r_stem,	h_stem,	r_crown,	r_root,	k_geo
1893456000.0,	53.90491362667468,	2.118448845125047,	0.015,	0.05,	0.2,	0.2,	400
