time ,	 x ,	 y ,	r_stem,	h_stem,	r_crown,	r_root,	k_geo
3155760000.0,	1.1847570686043585,	13.03353950489473,	0.015,	0.05,	0.2,	0.2,	400
3171538800.0,	1.1847570686043585,	13.03353950489473,	0.015001912321514042,	0.05102625050918138,	0.2065759681593939,	0.2096916593404768,	400
3187317600.0,	1.1847570686043585,	13.03353950489473,	0.015004296016755023,	0.052360702958817985,	0.2157412779561519,	0.22098401743458054,	400
3203096400.0,	1.1847570686043585,	13.03353950489473,	0.015007121246057784,	0.05392017805136737,	0.22640854729355908,	0.23332177842663832,	400
