time ,	 x ,	 y ,	r_stem,	h_stem,	r_crown,	r_root,	k_geo
2713953600.0,	23.369145493531086,	6.864079766389524,	0.015,	0.05,	0.2,	0.2,	400
