time ,	 x ,	 y ,	r_stem,	h_stem,	r_crown,	r_root,	k_geo
2445714000.0,	23.540131756984717,	12.739650754989746,	0.015,	0.05,	0.2,	0.2,	400
