time ,	 x ,	 y ,	r_stem,	h_stem,	r_crown,	r_root,	k_geo
1167631200.0,	97.00583384977513,	11.25954331024244,	0.015,	0.05,	0.2,	0.2,	400
