time ,	 x ,	 y ,	r_stem,	h_stem,	r_crown,	r_root,	k_geo
1562101200.0,	68.51844407936638,	6.630538480139466,	0.015,	0.05,	0.2,	0.2,	400
