time ,	 x ,	 y ,	r_stem,	h_stem,	r_crown,	r_root,	k_geo
4402285200.0,	5.663971492491038,	0.8792862634852594,	0.015,	0.05,	0.2,	0.2,	400
