time ,	 x ,	 y ,	r_stem,	h_stem,	r_crown,	r_root,	k_geo
646930800.0,	75.94653395823539,	8.609806354978053,	0.015,	0.05,	0.2,	0.2,	400
