time ,	 x ,	 y ,	r_stem,	h_stem,	r_crown,	r_root,	k_geo
1388534400.0,	18.175804193908206,	14.064330506267773,	0.015,	0.05,	0.2,	0.2,	400
