time ,	 x ,	 y ,	r_stem,	h_stem,	r_crown,	r_root,	k_geo
4307612400.0,	87.39416284819637,	12.228809258876936,	0.015,	0.05,	0.2,	0.2,	400
