time ,	 x ,	 y ,	r_stem,	h_stem,	r_crown,	r_root,	k_geo
2713953600.0,	70.3401441893941,	8.170446412392554,	0.015,	0.05,	0.2,	0.2,	400
