time ,	 x ,	 y ,	r_stem,	h_stem,	r_crown,	r_root,	k_geo
915170400.0,	94.99919243832164,	7.303594317939694,	0.015,	0.05,	0.2,	0.2,	400
