time ,	 x ,	 y ,	r_stem,	h_stem,	r_crown,	r_root,	k_geo
1183410000.0,	85.6187490263406,	6.364658498157276,	0.015,	0.05,	0.2,	0.2,	400
