time ,	 x ,	 y ,	r_stem,	h_stem,	r_crown,	r_root,	k_geo
4291833600.0,	51.06507637505091,	0.3443693434387435,	0.015,	0.05,	0.2,	0.2,	400
