time ,	 x ,	 y ,	r_stem,	h_stem,	r_crown,	r_root,	k_geo
1372755600.0,	66.50894433277608,	10.811741101949158,	0.015,	0.05,	0.2,	0.2,	400
