time ,	 x ,	 y ,	r_stem,	h_stem,	r_crown,	r_root,	k_geo
678488400.0,	75.09127128255543,	1.5116097029184679,	0.015,	0.05,	0.2,	0.2,	400
