time ,	 x ,	 y ,	r_stem,	h_stem,	r_crown,	r_root,	k_geo
2051244000.0,	85.31109684800367,	5.34181480435881,	0.015,	0.05,	0.2,	0.2,	400
