time ,	 x ,	 y ,	r_stem,	h_stem,	r_crown,	r_root,	k_geo
930949200.0,	46.655129119494006,	11.7005230861506,	0.015,	0.05,	0.2,	0.2,	400
