time ,	 x ,	 y ,	r_stem,	h_stem,	r_crown,	r_root,	k_geo
3045308400.0,	71.80536523539885,	2.2343241664994604,	0.015,	0.05,	0.2,	0.2,	400
