time ,	 x ,	 y ,	r_stem,	h_stem,	r_crown,	r_root,	k_geo
268239600.0,	77.60060247606059,	10.887369377720233,	0.015,	0.05,	0.2,	0.2,	400
