time ,	 x ,	 y ,	r_stem,	h_stem,	r_crown,	r_root,	k_geo
1088737200.0,	31.30056960240626,	0.7921339205812339,	0.015,	0.05,	0.2,	0.2,	400
1104516000.0,	31.30056960240626,	0.7921339205812339,	0.015000938013056098,	0.05042522380020387,	0.20208934815360904,	0.20475391284920766,	400
1120294800.0,	31.30056960240626,	0.7921339205812339,	0.015001944713219091,	0.05087838181574963,	0.20436898222331742,	0.20968176837444213,	400
1136073600.0,	31.30056960240626,	0.7921339205812339,	0.015003004196532728,	0.05134989587873807,	0.20677928332397977,	0.21468213685800308,	400
1151852400.0,	31.30056960240626,	0.7921339205812339,	0.015004442641306105,	0.052010673795095226,	0.2104708828420955,	0.2212202309575598,	400
