time ,	 x ,	 y ,	r_stem,	h_stem,	r_crown,	r_root,	k_geo
1167631200.0,	98.71145644232736,	14.828324685604889,	0.015,	0.05,	0.2,	0.2,	400
