time ,	 x ,	 y ,	r_stem,	h_stem,	r_crown,	r_root,	k_geo
3234654000.0,	17.55532262293148,	11.19019833605439,	0.015,	0.05,	0.2,	0.2,	400
