time ,	 x ,	 y ,	r_stem,	h_stem,	r_crown,	r_root,	k_geo
157788000.0,	60.551446933888705,	4.800357997137585,	0.015,	0.05,	0.2,	0.2,	400
