time ,	 x ,	 y ,	r_stem,	h_stem,	r_crown,	r_root,	k_geo
599594400.0,	52.039149480532764,	14.447869016302894,	0.015,	0.05,	0.2,	0.2,	400
