time ,	 x ,	 y ,	r_stem,	h_stem,	r_crown,	r_root,	k_geo
4544294400.0,	69.20544074087246,	14.398420744024586,	0.015,	0.05,	0.2,	0.2,	400
4560073200.0,	69.20544074087246,	14.398420744024586,	0.015008613545610729,	0.05332061012876613,	0.21074816855702105,	0.24364998324493867,	400
