time ,	 x ,	 y ,	r_stem,	h_stem,	r_crown,	r_root,	k_geo
1735668000.0,	87.78394674042242,	9.104436353700331,	0.015,	0.05,	0.2,	0.2,	400
