time ,	 x ,	 y ,	r_stem,	h_stem,	r_crown,	r_root,	k_geo
3124202400.0,	66.03331685453682,	8.106068328946334,	0.015,	0.05,	0.2,	0.2,	400
