time ,	 x ,	 y ,	r_stem,	h_stem,	r_crown,	r_root,	k_geo
4591630800.0,	28.119593117557052,	10.074984984161922,	0.015,	0.05,	0.2,	0.2,	400
