time ,	 x ,	 y ,	r_stem,	h_stem,	r_crown,	r_root,	k_geo
867834000.0,	48.48532986814155,	3.418192912763072,	0.015,	0.05,	0.2,	0.2,	400
