time ,	 x ,	 y ,	r_stem,	h_stem,	r_crown,	r_root,	k_geo
299797200.0,	61.21268498587755,	0.635319801114177,	0.015,	0.05,	0.2,	0.2,	400
