time ,	 x ,	 y ,	r_stem,	h_stem,	r_crown,	r_root,	k_geo
3360884400.0,	42.62656345841863,	9.332875167491682,	0.015,	0.05,	0.2,	0.2,	400
