time ,	 x ,	 y ,	r_stem,	h_stem,	r_crown,	r_root,	k_geo
3786912000.0,	97.2759530519331,	1.8106263100420046,	0.015,	0.05,	0.2,	0.2,	400
