time ,	 x ,	 y ,	r_stem,	h_stem,	r_crown,	r_root,	k_geo
1719889200.0,	97.02644634109186,	14.693268526895093,	0.015,	0.05,	0.2,	0.2,	400
