time ,	 x ,	 y ,	r_stem,	h_stem,	r_crown,	r_root,	k_geo
2950635600.0,	79.00716032271914,	10.190689855128547,	0.015,	0.05,	0.2,	0.2,	400
