time ,	 x ,	 y ,	r_stem,	h_stem,	r_crown,	r_root,	k_geo
3566008800.0,	8.863781448242614,	13.589228729660102,	0.015,	0.05,	0.2,	0.2,	400
