time ,	 x ,	 y ,	r_stem,	h_stem,	r_crown,	r_root,	k_geo
3534451200.0,	79.99640307886364,	5.579843318881519,	0.015,	0.05,	0.2,	0.2,	400
