time ,	 x ,	 y ,	r_stem,	h_stem,	r_crown,	r_root,	k_geo
2650838400.0,	5.763355611667853,	8.587761130158913,	0.015,	0.05,	0.2,	0.2,	400
2666617200.0,	5.763355611667853,	8.587761130158913,	0.015002601582467535,	0.05084176788625541,	0.20089368928232823,	0.21318472926146742,	400
2682396000.0,	5.763355611667853,	8.587761130158913,	0.015004702297097031,	0.05201756100669527,	0.20975071461291037,	0.2227573509955408,	400
2698174800.0,	5.763355611667853,	8.587761130158913,	0.015007165697401249,	0.05334902230311734,	0.2193748433544406,	0.23326085796195045,	400
2713953600.0,	5.763355611667853,	8.587761130158913,	0.015009978924824903,	0.054782865018079406,	0.2291717903867997,	0.24434443522090749,	400
2729732400.0,	5.763355611667853,	8.587761130158913,	0.015013175486724902,	0.056298758335126445,	0.2389504584418385,	0.25584828319939,	400
