time ,	 x ,	 y ,	r_stem,	h_stem,	r_crown,	r_root,	k_geo
2461492800.0,	15.947143149864718,	2.0440528626071615,	0.015,	0.05,	0.2,	0.2,	400
