time ,	 x ,	 y ,	r_stem,	h_stem,	r_crown,	r_root,	k_geo
3629124000.0,	88.07706973669444,	11.300121092027497,	0.015,	0.05,	0.2,	0.2,	400
