time ,	 x ,	 y ,	r_stem,	h_stem,	r_crown,	r_root,	k_geo
1909234800.0,	75.61907610903124,	14.629189630699182,	0.015,	0.05,	0.2,	0.2,	400
