time ,	 x ,	 y ,	r_stem,	h_stem,	r_crown,	r_root,	k_geo
4291833600.0,	66.3917874807395,	10.149175029108976,	0.015,	0.05,	0.2,	0.2,	400
