time ,	 x ,	 y ,	r_stem,	h_stem,	r_crown,	r_root,	k_geo
4149824400.0,	98.93003759021902,	11.988290980195735,	0.015,	0.05,	0.2,	0.2,	400
