time ,	 x ,	 y ,	r_stem,	h_stem,	r_crown,	r_root,	k_geo
4512736800.0,	20.506219225492238,	13.918077185959142,	0.015,	0.05,	0.2,	0.2,	400
