time ,	 x ,	 y ,	r_stem,	h_stem,	r_crown,	r_root,	k_geo
4291833600.0,	23.948685226694067,	12.114397596220753,	0.015,	0.05,	0.2,	0.2,	400
