time ,	 x ,	 y ,	r_stem,	h_stem,	r_crown,	r_root,	k_geo
2997972000.0,	79.61227766376796,	8.238882856391758,	0.015,	0.05,	0.2,	0.2,	400
