time ,	 x ,	 y ,	r_stem,	h_stem,	r_crown,	r_root,	k_geo
1167631200.0,	61.90406080809821,	6.759791178370515,	0.015,	0.05,	0.2,	0.2,	400
