time ,	 x ,	 y ,	r_stem,	h_stem,	r_crown,	r_root,	k_geo
473364000.0,	29.49832908075004,	14.152186809445604,	0.015,	0.05,	0.2,	0.2,	400
489142800.0,	29.49832908075004,	14.152186809445604,	0.015000662012310435,	0.05028996534097461,	0.20132713261364257,	0.20335513379443815,	400
504921600.0,	29.49832908075004,	14.152186809445604,	0.015001490498913824,	0.05065637285603557,	0.2030918912049511,	0.20745141588569194,	400
