time ,	 x ,	 y ,	r_stem,	h_stem,	r_crown,	r_root,	k_geo
2161695600.0,	62.907322677996504,	3.2105059089244508,	0.015,	0.05,	0.2,	0.2,	400
