time ,	 x ,	 y ,	r_stem,	h_stem,	r_crown,	r_root,	k_geo
2650838400.0,	56.95751190436715,	11.044768137164994,	0.015,	0.05,	0.2,	0.2,	400
