time ,	 x ,	 y ,	r_stem,	h_stem,	r_crown,	r_root,	k_geo
4591630800.0,	97.0943014483895,	7.884937457023669,	0.015,	0.05,	0.2,	0.2,	400
