time ,	 x ,	 y ,	r_stem,	h_stem,	r_crown,	r_root,	k_geo
2571944400.0,	85.2076771951618,	7.6641100266270845,	0.015,	0.05,	0.2,	0.2,	400
