time ,	 x ,	 y ,	r_stem,	h_stem,	r_crown,	r_root,	k_geo
3518672400.0,	49.24471700813717,	5.726772026858763,	0.015,	0.05,	0.2,	0.2,	400
