time ,	 x ,	 y ,	r_stem,	h_stem,	r_crown,	r_root,	k_geo
2429935200.0,	98.25994177771862,	13.79440632553282,	0.015,	0.05,	0.2,	0.2,	400
