time ,	 x ,	 y ,	r_stem,	h_stem,	r_crown,	r_root,	k_geo
1972350000.0,	62.76925037881649,	10.276831970764908,	0.015,	0.05,	0.2,	0.2,	400
