time ,	 x ,	 y ,	r_stem,	h_stem,	r_crown,	r_root,	k_geo
2635059600.0,	59.77613833095995,	7.464916340834899,	0.015,	0.05,	0.2,	0.2,	400
2650838400.0,	59.77613833095995,	7.464916340834899,	0.015001584841841564,	0.05138698723295474,	0.21324268380630307,	0.20803202170114926,	400
2666617200.0,	59.77613833095995,	7.464916340834899,	0.015003762354166048,	0.05315060393516371,	0.22834264890238448,	0.2186122951018981,	400
