time ,	 x ,	 y ,	r_stem,	h_stem,	r_crown,	r_root,	k_geo
3139981200.0,	69.46373087504526,	11.198510388800276,	0.015,	0.05,	0.2,	0.2,	400
