time ,	 x ,	 y ,	r_stem,	h_stem,	r_crown,	r_root,	k_geo
4370727600.0,	89.50247417837551,	10.843717278743652,	0.015,	0.05,	0.2,	0.2,	400
