time ,	 x ,	 y ,	r_stem,	h_stem,	r_crown,	r_root,	k_geo
2082801600.0,	88.5276792533611,	3.8332011329402422,	0.015,	0.05,	0.2,	0.2,	400
2098580400.0,	88.5276792533611,	3.8332011329402422,	0.015008857918478067,	0.056639036947564586,	0.25792761785100493,	0.24488823426057188,	400
2114359200.0,	88.5276792533611,	3.8332011329402422,	0.015031414535073768,	0.06814645890086575,	0.3215498318139185,	0.32737310006119114,	400
2130138000.0,	88.5276792533611,	3.8332011329402422,	0.015094737759765168,	0.08592942027206274,	0.41579911822614174,	0.418700014942083,	400
2145916800.0,	88.5276792533611,	3.8332011329402422,	0.01536749085089389,	0.1093839894299969,	0.517400449335126,	0.5152784240862511,	400
2161695600.0,	88.5276792533611,	3.8332011329402422,	0.016176388100124957,	0.12965446428869987,	0.6067707738796385,	0.5724575058559188,	400
2177474400.0,	88.5276792533611,	3.8332011329402422,	0.0178927780113464,	0.14963528527545306,	0.6870496354867508,	0.6316031796989385,	400
