time ,	 x ,	 y ,	r_stem,	h_stem,	r_crown,	r_root,	k_geo
3234654000.0,	45.64600595340016,	6.215669771186935,	0.015,	0.05,	0.2,	0.2,	400
