time ,	 x ,	 y ,	r_stem,	h_stem,	r_crown,	r_root,	k_geo
2540386800.0,	49.04220375613569,	10.189523720603846,	0.015,	0.05,	0.2,	0.2,	400
