time ,	 x ,	 y ,	r_stem,	h_stem,	r_crown,	r_root,	k_geo
299797200.0,	40.6175195263039,	11.643936411457169,	0.015,	0.05,	0.2,	0.2,	400
