time ,	 x ,	 y ,	r_stem,	h_stem,	r_crown,	r_root,	k_geo
1546322400.0,	62.68928386174852,	7.756487964623916,	0.015,	0.05,	0.2,	0.2,	400
