time ,	 x ,	 y ,	r_stem,	h_stem,	r_crown,	r_root,	k_geo
1798783200.0,	74.19431333685661,	0.6027729527568854,	0.015,	0.05,	0.2,	0.2,	400
1814562000.0,	74.19431333685661,	0.6027729527568854,	0.015000667334464157,	0.05138715690673101,	0.2172410892182548,	0.20338210669784354,	400
