time ,	 x ,	 y ,	r_stem,	h_stem,	r_crown,	r_root,	k_geo
852055200.0,	98.24832922944074,	10.943052378914226,	0.015,	0.05,	0.2,	0.2,	400
