time ,	 x ,	 y ,	r_stem,	h_stem,	r_crown,	r_root,	k_geo
3581787600.0,	59.143455615159,	0.3104880675125693,	0.015,	0.05,	0.2,	0.2,	400
