time ,	 x ,	 y ,	r_stem,	h_stem,	r_crown,	r_root,	k_geo
189345600.0,	87.0437156492068,	0.4202967645562078,	0.015,	0.05,	0.2,	0.2,	400
