time ,	 x ,	 y ,	r_stem,	h_stem,	r_crown,	r_root,	k_geo
347133600.0,	71.61225800304334,	3.031718418605616,	0.015,	0.05,	0.2,	0.2,	400
