time ,	 x ,	 y ,	r_stem,	h_stem,	r_crown,	r_root,	k_geo
2382598800.0,	14.554282552489873,	6.197473727813893,	0.015,	0.05,	0.2,	0.2,	400
