time ,	 x ,	 y ,	r_stem,	h_stem,	r_crown,	r_root,	k_geo
1735668000.0,	17.47369277999994,	7.553164614771951,	0.015,	0.05,	0.2,	0.2,	400
