time ,	 x ,	 y ,	r_stem,	h_stem,	r_crown,	r_root,	k_geo
3455557200.0,	30.65171142395675,	2.0922369799457345,	0.015,	0.05,	0.2,	0.2,	400
