time ,	 x ,	 y ,	r_stem,	h_stem,	r_crown,	r_root,	k_geo
142009200.0,	91.99931340420027,	6.856271213473094,	0.015,	0.05,	0.2,	0.2,	400
