time ,	 x ,	 y ,	r_stem,	h_stem,	r_crown,	r_root,	k_geo
3471336000.0,	53.13051443825905,	1.0224151200072047,	0.015,	0.05,	0.2,	0.2,	400
