time ,	 x ,	 y ,	r_stem,	h_stem,	r_crown,	r_root,	k_geo
3250432800.0,	86.80582977439553,	6.129281702483966,	0.015,	0.05,	0.2,	0.2,	400
3266211600.0,	86.80582977439553,	6.129281702483966,	0.015000387355398678,	0.05138720868919632,	0.21846125275129882,	0.20196315608145057,	400
3281990400.0,	86.80582977439553,	6.129281702483966,	0.015001266143488875,	0.05350228318773071,	0.24236090950871178,	0.20649841540192077,	400
3297769200.0,	86.80582977439553,	6.129281702483966,	0.015003214698997177,	0.05667703621111252,	0.2713699789028322,	0.21654065243491216,	400
3313548000.0,	86.80582977439553,	6.129281702483966,	0.015007108022605686,	0.061247868420940946,	0.3043562758394964,	0.2354952758705785,	400
3329326800.0,	86.80582977439553,	6.129281702483966,	0.015013908984718487,	0.06744240881070346,	0.34116855273939184,	0.26359812204402966,	400
3345105600.0,	86.80582977439553,	6.129281702483966,	0.01502565082229958,	0.0754730927057207,	0.3823171270379926,	0.2994658384373411,	400
3360884400.0,	86.80582977439553,	6.129281702483966,	0.015027928825748962,	0.07851100481024187,	0.4021461066699938,	0.3038668239428604,	400
