time ,	 x ,	 y ,	r_stem,	h_stem,	r_crown,	r_root,	k_geo
1372755600.0,	17.86546976417317,	4.366824467362865,	0.015,	0.05,	0.2,	0.2,	400
