time ,	 x ,	 y ,	r_stem,	h_stem,	r_crown,	r_root,	k_geo
4260276000.0,	89.47439093205114,	10.716854509255377,	0.015,	0.05,	0.2,	0.2,	400
