time ,	 x ,	 y ,	r_stem,	h_stem,	r_crown,	r_root,	k_geo
2382598800.0,	50.58213260347315,	0.8266713586446545,	0.015,	0.05,	0.2,	0.2,	400
