time ,	 x ,	 y ,	r_stem,	h_stem,	r_crown,	r_root,	k_geo
2587723200.0,	82.78288759667691,	6.840635260633238,	0.015,	0.05,	0.2,	0.2,	400
