time ,	 x ,	 y ,	r_stem,	h_stem,	r_crown,	r_root,	k_geo
788940000.0,	68.4316222065355,	6.276526630885258,	0.015,	0.05,	0.2,	0.2,	400
