time ,	 x ,	 y ,	r_stem,	h_stem,	r_crown,	r_root,	k_geo
1435870800.0,	12.087130693762926,	4.318646582494205,	0.015,	0.05,	0.2,	0.2,	400
1451649600.0,	12.087130693762926,	4.318646582494205,	0.015001022994775013,	0.050324376699394276,	0.20025420931957244,	0.2051846005659171,	400
1467428400.0,	12.087130693762926,	4.318646582494205,	0.015002310201370304,	0.050722315594968474,	0.20059995480183027,	0.21144172754659468,	400
