time ,	 x ,	 y ,	r_stem,	h_stem,	r_crown,	r_root,	k_geo
1088737200.0,	15.297884635364534,	14.719409575792845,	0.015,	0.05,	0.2,	0.2,	400
