time ,	 x ,	 y ,	r_stem,	h_stem,	r_crown,	r_root,	k_geo
4023594000.0,	89.7217291860666,	2.013931797846535,	0.015,	0.05,	0.2,	0.2,	400
