time ,	 x ,	 y ,	r_stem,	h_stem,	r_crown,	r_root,	k_geo
2114359200.0,	71.67265383370996,	2.4882811580250475,	0.015,	0.05,	0.2,	0.2,	400
