time ,	 x ,	 y ,	r_stem,	h_stem,	r_crown,	r_root,	k_geo
362912400.0,	86.47043672512734,	9.813504707704759,	0.015,	0.05,	0.2,	0.2,	400
