time ,	 x ,	 y ,	r_stem,	h_stem,	r_crown,	r_root,	k_geo
583815600.0,	31.85097865946319,	12.942338077244505,	0.015,	0.05,	0.2,	0.2,	400
