time ,	 x ,	 y ,	r_stem,	h_stem,	r_crown,	r_root,	k_geo
1246525200.0,	92.46381309341575,	14.983428068058657,	0.015,	0.05,	0.2,	0.2,	400
