time ,	 x ,	 y ,	r_stem,	h_stem,	r_crown,	r_root,	k_geo
2114359200.0,	78.56093079290845,	12.221356920154498,	0.015,	0.05,	0.2,	0.2,	400
