time ,	 x ,	 y ,	r_stem,	h_stem,	r_crown,	r_root,	k_geo
2556165600.0,	86.58506445556765,	11.670355102387559,	0.015,	0.05,	0.2,	0.2,	400
