time ,	 x ,	 y ,	r_stem,	h_stem,	r_crown,	r_root,	k_geo
2224810800.0,	52.66769824223494,	13.974924738551797,	0.015,	0.05,	0.2,	0.2,	400
