time ,	 x ,	 y ,	r_stem,	h_stem,	r_crown,	r_root,	k_geo
3313548000.0,	98.64742958871652,	3.757272705403883,	0.015,	0.05,	0.2,	0.2,	400
