time ,	 x ,	 y ,	r_stem,	h_stem,	r_crown,	r_root,	k_geo
662709600.0,	64.66860920158913,	2.1118072263865684,	0.015,	0.05,	0.2,	0.2,	400
