time ,	 x ,	 y ,	r_stem,	h_stem,	r_crown,	r_root,	k_geo
915170400.0,	15.607566630662573,	9.364146459519617,	0.015,	0.05,	0.2,	0.2,	400
