time ,	 x ,	 y ,	r_stem,	h_stem,	r_crown,	r_root,	k_geo
4465400400.0,	50.85984101132324,	4.808217223233079,	0.015,	0.05,	0.2,	0.2,	400
4481179200.0,	50.85984101132324,	4.808217223233079,	0.015002048407175256,	0.05138690151809124,	0.2112225940854293,	0.2103813254228029,	400
4496958000.0,	50.85984101132324,	4.808217223233079,	0.015004561135077246,	0.053019569827128535,	0.2236156607349677,	0.2223101811968059,	400
4512736800.0,	50.85984101132324,	4.808217223233079,	0.01500768131809301,	0.054934046457626895,	0.23721240263640003,	0.2359261208604008,	400
4528515600.0,	50.85984101132324,	4.808217223233079,	0.015011736780146102,	0.057168735553279344,	0.2516238411793107,	0.2518202234312662,	400
