time ,	 x ,	 y ,	r_stem,	h_stem,	r_crown,	r_root,	k_geo
2224810800.0,	68.70532349739132,	2.486034028757238,	0.015,	0.05,	0.2,	0.2,	400
