time ,	 x ,	 y ,	r_stem,	h_stem,	r_crown,	r_root,	k_geo
1830340800.0,	93.59386485013358,	12.939701425616718,	0.015,	0.05,	0.2,	0.2,	400
