time ,	 x ,	 y ,	r_stem,	h_stem,	r_crown,	r_root,	k_geo
2003907600.0,	75.07202720620779,	4.042220312742834,	0.015,	0.05,	0.2,	0.2,	400
