time ,	 x ,	 y ,	r_stem,	h_stem,	r_crown,	r_root,	k_geo
1404313200.0,	74.43813842195958,	6.481751413304347,	0.015,	0.05,	0.2,	0.2,	400
