time ,	 x ,	 y ,	r_stem,	h_stem,	r_crown,	r_root,	k_geo
4291833600.0,	69.05515254248981,	1.4276857597743868,	0.015,	0.05,	0.2,	0.2,	400
