time ,	 x ,	 y ,	r_stem,	h_stem,	r_crown,	r_root,	k_geo
1861898400.0,	98.48862217126774,	10.265481251863365,	0.015,	0.05,	0.2,	0.2,	400
