time ,	 x ,	 y ,	r_stem,	h_stem,	r_crown,	r_root,	k_geo
4039372800.0,	86.55149317892581,	3.1863589755827566,	0.015,	0.05,	0.2,	0.2,	400
