time ,	 x ,	 y ,	r_stem,	h_stem,	r_crown,	r_root,	k_geo
1199188800.0,	73.91612355651272,	5.937126647637172,	0.015,	0.05,	0.2,	0.2,	400
