time ,	 x ,	 y ,	r_stem,	h_stem,	r_crown,	r_root,	k_geo
3076866000.0,	74.2134062790237,	0.01231433712184371,	0.015,	0.05,	0.2,	0.2,	400
3092644800.0,	74.2134062790237,	0.01231433712184371,	0.015010501986651827,	0.05481947466118957,	0.22432707244112507,	0.2532186299803831,	400
3108423600.0,	74.2134062790237,	0.01231433712184371,	0.015026562485481995,	0.062316063904556004,	0.2788026309453238,	0.3062175500815524,	400
3124202400.0,	74.2134062790237,	0.01231433712184371,	0.015064747741715848,	0.07319617963303313,	0.33488425499975183,	0.37955699807154075,	400
3139981200.0,	74.2134062790237,	0.01231433712184371,	0.015071369580104809,	0.07693453321758709,	0.36817079887140264,	0.3843775568383152,	400
3155760000.0,	74.2134062790237,	0.01231433712184371,	0.015089209663682943,	0.08276682012169093,	0.40995759314400954,	0.39579131249705757,	400
3171538800.0,	74.2134062790237,	0.01231433712184371,	0.015227168034796063,	0.0969820357550073,	0.4616659166976033,	0.4648829679287118,	400
