time ,	 x ,	 y ,	r_stem,	h_stem,	r_crown,	r_root,	k_geo
4007815200.0,	75.94813164515188,	3.927640980793866,	0.015,	0.05,	0.2,	0.2,	400
