time ,	 x ,	 y ,	r_stem,	h_stem,	r_crown,	r_root,	k_geo
205124400.0,	86.79764231583567,	8.310920778927176,	0.015,	0.05,	0.2,	0.2,	400
