time ,	 x ,	 y ,	r_stem,	h_stem,	r_crown,	r_root,	k_geo
2177474400.0,	63.87549056244273,	11.468664887028458,	0.015,	0.05,	0.2,	0.2,	400
