time ,	 x ,	 y ,	r_stem,	h_stem,	r_crown,	r_root,	k_geo
2477271600.0,	43.96191157262405,	6.74084450972277,	0.015,	0.05,	0.2,	0.2,	400
