time ,	 x ,	 y ,	r_stem,	h_stem,	r_crown,	r_root,	k_geo
1341198000.0,	83.55225119246312,	3.3915938375767887,	0.015,	0.05,	0.2,	0.2,	400
