time ,	 x ,	 y ,	r_stem,	h_stem,	r_crown,	r_root,	k_geo
2540386800.0,	85.89853704986828,	10.558996885126989,	0.015,	0.05,	0.2,	0.2,	400
2556165600.0,	85.89853704986828,	10.558996885126989,	0.01500046184212453,	0.05138719491250359,	0.21813663371956854,	0.2023406601898504,	400
