time ,	 x ,	 y ,	r_stem,	h_stem,	r_crown,	r_root,	k_geo
2319483600.0,	77.83536696195851,	11.85653382562919,	0.015,	0.05,	0.2,	0.2,	400
