time ,	 x ,	 y ,	r_stem,	h_stem,	r_crown,	r_root,	k_geo
2571944400.0,	72.8750566948448,	4.329343577613917,	0.015,	0.05,	0.2,	0.2,	400
