time ,	 x ,	 y ,	r_stem,	h_stem,	r_crown,	r_root,	k_geo
441806400.0,	3.3572765525510806,	5.188382988630441,	0.015,	0.05,	0.2,	0.2,	400
457585200.0,	3.3572765525510806,	5.188382988630441,	0.01500192192644436,	0.05103371732407567,	0.20664260595931247,	0.20974033606886516,	400
473364000.0,	3.3572765525510806,	5.188382988630441,	0.015004173711355736,	0.05225149168520715,	0.21468693502583774,	0.22040470846237262,	400
489142800.0,	3.3572765525510806,	5.188382988630441,	0.015006728891010237,	0.0535905086255903,	0.22338873376845925,	0.23160216771377046,	400
