time ,	 x ,	 y ,	r_stem,	h_stem,	r_crown,	r_root,	k_geo
536479200.0,	73.25672710627579,	9.307907123502615,	0.015,	0.05,	0.2,	0.2,	400
