time ,	 x ,	 y ,	r_stem,	h_stem,	r_crown,	r_root,	k_geo
2982193200.0,	63.079012744492694,	12.810206896038457,	0.015,	0.05,	0.2,	0.2,	400
2997972000.0,	63.079012744492694,	12.810206896038457,	0.015001361953128735,	0.051387028448691904,	0.2142139907849215,	0.20690243417635582,	400
