time ,	 x ,	 y ,	r_stem,	h_stem,	r_crown,	r_root,	k_geo
3802690800.0,	91.39848107807569,	10.354665322698947,	0.015,	0.05,	0.2,	0.2,	400
