time ,	 x ,	 y ,	r_stem,	h_stem,	r_crown,	r_root,	k_geo
1214967600.0,	63.936396504159575,	14.13575832192704,	0.015,	0.05,	0.2,	0.2,	400
