time ,	 x ,	 y ,	r_stem,	h_stem,	r_crown,	r_root,	k_geo
4055151600.0,	93.50011339710905,	11.289633465702357,	0.015,	0.05,	0.2,	0.2,	400
