time ,	 x ,	 y ,	r_stem,	h_stem,	r_crown,	r_root,	k_geo
1798783200.0,	78.547498317712,	13.25543868035042,	0.015,	0.05,	0.2,	0.2,	400
