time ,	 x ,	 y ,	r_stem,	h_stem,	r_crown,	r_root,	k_geo
3439778400.0,	61.68087450650312,	6.523679379484805,	0.015,	0.05,	0.2,	0.2,	400
