time ,	 x ,	 y ,	r_stem,	h_stem,	r_crown,	r_root,	k_geo
2414156400.0,	13.073995323937881,	12.808574622803302,	0.015,	0.05,	0.2,	0.2,	400
