time ,	 x ,	 y ,	r_stem,	h_stem,	r_crown,	r_root,	k_geo
836276400.0,	52.62725007186867,	0.09228013662158141,	0.015,	0.05,	0.2,	0.2,	400
