time ,	 x ,	 y ,	r_stem,	h_stem,	r_crown,	r_root,	k_geo
2556165600.0,	42.5751130033181,	14.071992875751015,	0.015,	0.05,	0.2,	0.2,	400
