time ,	 x ,	 y ,	r_stem,	h_stem,	r_crown,	r_root,	k_geo
2461492800.0,	90.13177326061815,	11.030649486739911,	0.015,	0.05,	0.2,	0.2,	400
