time ,	 x ,	 y ,	r_stem,	h_stem,	r_crown,	r_root,	k_geo
3297769200.0,	91.44810814841465,	3.3292226379413643,	0.015,	0.05,	0.2,	0.2,	400
3313548000.0,	91.44810814841465,	3.3292226379413643,	0.015000352342457569,	0.05138721516508591,	0.2186138424017731,	0.20178570773184226,	400
3329326800.0,	91.44810814841465,	3.3292226379413643,	0.015001137950805005,	0.05351286731242475,	0.24300230598125167,	0.2058472669400032,	400
