time ,	 x ,	 y ,	r_stem,	h_stem,	r_crown,	r_root,	k_geo
284018400.0,	59.53538535377355,	10.68243919456751,	0.015,	0.05,	0.2,	0.2,	400
299797200.0,	59.53538535377355,	10.68243919456751,	0.01500888267561443,	0.053480183116536496,	0.21189720262716388,	0.24501367965069412,	400
315576000.0,	59.53538535377355,	10.68243919456751,	0.015022356625470239,	0.058746108105970064,	0.24398353356098587,	0.2924178933126118,	400
331354800.0,	59.53538535377355,	10.68243919456751,	0.015023290833312053,	0.06003025900060834,	0.2593315317319871,	0.29452769116465327,	400
347133600.0,	59.53538535377355,	10.68243919456751,	0.015025077355351487,	0.06195326617454475,	0.2796911520648313,	0.2984617727982706,	400
362912400.0,	59.53538535377355,	10.68243919456751,	0.015042206987385497,	0.06810021885899727,	0.31628742068664306,	0.33433849864331483,	400
378691200.0,	59.53538535377355,	10.68243919456751,	0.015080678954516313,	0.07569639207223905,	0.34593511166438634,	0.38568685242314527,	400
394470000.0,	59.53538535377355,	10.68243919456751,	0.015122601961879622,	0.08284576528715837,	0.38870097195398284,	0.4132950183392717,	400
