time ,	 x ,	 y ,	r_stem,	h_stem,	r_crown,	r_root,	k_geo
3802690800.0,	82.38642436585198,	9.911738314618091,	0.015,	0.05,	0.2,	0.2,	400
