time ,	 x ,	 y ,	r_stem,	h_stem,	r_crown,	r_root,	k_geo
4402285200.0,	39.90597644169429,	4.821488523246986,	0.015,	0.05,	0.2,	0.2,	400
