time ,	 x ,	 y ,	r_stem,	h_stem,	r_crown,	r_root,	k_geo
4260276000.0,	93.05933596788178,	11.881917248100455,	0.015,	0.05,	0.2,	0.2,	400
