time ,	 x ,	 y ,	r_stem,	h_stem,	r_crown,	r_root,	k_geo
504921600.0,	66.2489983201354,	4.827340800667146,	0.015,	0.05,	0.2,	0.2,	400
