time ,	 x ,	 y ,	r_stem,	h_stem,	r_crown,	r_root,	k_geo
1072958400.0,	83.60354834234555,	9.120032564574453,	0.015,	0.05,	0.2,	0.2,	400
