time ,	 x ,	 y ,	r_stem,	h_stem,	r_crown,	r_root,	k_geo
3471336000.0,	19.82996241616739,	12.49732756311464,	0.015,	0.05,	0.2,	0.2,	400
