time ,	 x ,	 y ,	r_stem,	h_stem,	r_crown,	r_root,	k_geo
1798783200.0,	98.9498307494682,	0.895988650290962,	0.015,	0.05,	0.2,	0.2,	400
