time ,	 x ,	 y ,	r_stem,	h_stem,	r_crown,	r_root,	k_geo
2224810800.0,	5.4466816359131425,	8.513546912208643,	0.015,	0.05,	0.2,	0.2,	400
