time ,	 x ,	 y ,	r_stem,	h_stem,	r_crown,	r_root,	k_geo
2161695600.0,	86.31742568406807,	7.989102517298818,	0.015,	0.05,	0.2,	0.2,	400
