time ,	 x ,	 y ,	r_stem,	h_stem,	r_crown,	r_root,	k_geo
1025622000.0,	85.56614827234128,	2.377757603301025,	0.015,	0.05,	0.2,	0.2,	400
