time ,	 x ,	 y ,	r_stem,	h_stem,	r_crown,	r_root,	k_geo
2319483600.0,	87.42461241677391,	4.445699766040941,	0.015,	0.05,	0.2,	0.2,	400
2335262400.0,	87.42461241677391,	4.445699766040941,	0.015000417892737086,	0.051387203041137926,	0.2183281684485308,	0.20211792160090175,	400
2351041200.0,	87.42461241677391,	4.445699766040941,	0.01500136138954985,	0.05349307008741998,	0.24187084398380318,	0.20697962154469915,	400
