time ,	 x ,	 y ,	r_stem,	h_stem,	r_crown,	r_root,	k_geo
536479200.0,	3.6955559822994477,	13.191201237563694,	0.015,	0.05,	0.2,	0.2,	400
