time ,	 x ,	 y ,	r_stem,	h_stem,	r_crown,	r_root,	k_geo
2335262400.0,	98.0372330619784,	2.0244956801238967,	0.015,	0.05,	0.2,	0.2,	400
