time ,	 x ,	 y ,	r_stem,	h_stem,	r_crown,	r_root,	k_geo
3992036400.0,	66.74895406143708,	14.669842699205093,	0.015,	0.05,	0.2,	0.2,	400
