time ,	 x ,	 y ,	r_stem,	h_stem,	r_crown,	r_root,	k_geo
1830340800.0,	80.82783926610037,	1.981545876225097,	0.015,	0.05,	0.2,	0.2,	400
