time ,	 x ,	 y ,	r_stem,	h_stem,	r_crown,	r_root,	k_geo
1025622000.0,	21.747668408772203,	1.237466111234415,	0.015,	0.05,	0.2,	0.2,	400
1041400800.0,	21.747668408772203,	1.237466111234415,	0.015000218213994276,	0.05006862064634993,	0.2000458129937474,	0.2011059327046433,	400
1057179600.0,	21.747668408772203,	1.237466111234415,	0.015000314439188442,	0.05009866212558943,	0.20006562965060412,	0.20158929892961733,	400
