time ,	 x ,	 y ,	r_stem,	h_stem,	r_crown,	r_root,	k_geo
2603502000.0,	26.234362907272235,	11.186999580368647,	0.015,	0.05,	0.2,	0.2,	400
