time ,	 x ,	 y ,	r_stem,	h_stem,	r_crown,	r_root,	k_geo
773161200.0,	86.16928227044794,	6.884686881832783,	0.015,	0.05,	0.2,	0.2,	400
