time ,	 x ,	 y ,	r_stem,	h_stem,	r_crown,	r_root,	k_geo
2177474400.0,	36.61148693996662,	2.261024188844458,	0.015,	0.05,	0.2,	0.2,	400
