time ,	 x ,	 y ,	r_stem,	h_stem,	r_crown,	r_root,	k_geo
1640995200.0,	98.39935107275475,	8.476881208368088,	0.015,	0.05,	0.2,	0.2,	400
