time ,	 x ,	 y ,	r_stem,	h_stem,	r_crown,	r_root,	k_geo
504921600.0,	89.95176550441268,	2.6187484371996024,	0.015,	0.05,	0.2,	0.2,	400
