time ,	 x ,	 y ,	r_stem,	h_stem,	r_crown,	r_root,	k_geo
173566800.0,	71.76087892522483,	6.42962319065137,	0.015,	0.05,	0.2,	0.2,	400
189345600.0,	71.76087892522483,	6.42962319065137,	0.015009852711995389,	0.056638156958642064,	0.25359227103089427,	0.24992883338616162,	400
205124400.0,	71.76087892522483,	6.42962319065137,	0.015031840572240515,	0.06782371388273002,	0.32080458464856837,	0.32625885269617527,	400
220903200.0,	71.76087892522483,	6.42962319065137,	0.015097997939617582,	0.08485207511671573,	0.40280581441984453,	0.42309598204282306,	400
236682000.0,	71.76087892522483,	6.42962319065137,	0.015107750218273522,	0.08898894530068713,	0.43430399887156323,	0.42644928563578494,	400
