time ,	 x ,	 y ,	r_stem,	h_stem,	r_crown,	r_root,	k_geo
3045308400.0,	87.5394401680856,	3.294281147838314,	0.015,	0.05,	0.2,	0.2,	400
