time ,	 x ,	 y ,	r_stem,	h_stem,	r_crown,	r_root,	k_geo
836276400.0,	47.98512972068022,	3.115240095490914,	0.015,	0.05,	0.2,	0.2,	400
