time ,	 x ,	 y ,	r_stem,	h_stem,	r_crown,	r_root,	k_geo
3408220800.0,	98.05345049548212,	0.24680137518158507,	0.015,	0.05,	0.2,	0.2,	400
