time ,	 x ,	 y ,	r_stem,	h_stem,	r_crown,	r_root,	k_geo
4560073200.0,	63.95958994690436,	13.507732133240433,	0.015,	0.05,	0.2,	0.2,	400
