time ,	 x ,	 y ,	r_stem,	h_stem,	r_crown,	r_root,	k_geo
3439778400.0,	73.14889274878871,	1.0694309991120554,	0.015,	0.05,	0.2,	0.2,	400
