time ,	 x ,	 y ,	r_stem,	h_stem,	r_crown,	r_root,	k_geo
2619280800.0,	32.89268824543235,	4.313661242123896,	0.015,	0.05,	0.2,	0.2,	400
