time ,	 x ,	 y ,	r_stem,	h_stem,	r_crown,	r_root,	k_geo
1577880000.0,	91.10123189381845,	2.996796777410946,	0.015,	0.05,	0.2,	0.2,	400
