time ,	 x ,	 y ,	r_stem,	h_stem,	r_crown,	r_root,	k_geo
3992036400.0,	21.55461910072517,	13.161184405874064,	0.015,	0.05,	0.2,	0.2,	400
