time ,	 x ,	 y ,	r_stem,	h_stem,	r_crown,	r_root,	k_geo
2461492800.0,	80.0169631206837,	5.72588129673856,	0.015,	0.05,	0.2,	0.2,	400
