time ,	 x ,	 y ,	r_stem,	h_stem,	r_crown,	r_root,	k_geo
2287926000.0,	58.49807739977163,	10.598506950405245,	0.015,	0.05,	0.2,	0.2,	400
