time ,	 x ,	 y ,	r_stem,	h_stem,	r_crown,	r_root,	k_geo
3061087200.0,	48.42781968453422,	12.934270369097685,	0.015,	0.05,	0.2,	0.2,	400
