time ,	 x ,	 y ,	r_stem,	h_stem,	r_crown,	r_root,	k_geo
2287926000.0,	75.23364962406866,	9.557670424661984,	0.015,	0.05,	0.2,	0.2,	400
