time ,	 x ,	 y ,	r_stem,	h_stem,	r_crown,	r_root,	k_geo
3850027200.0,	24.139741078760647,	2.0472479538400794,	0.015,	0.05,	0.2,	0.2,	400
