time ,	 x ,	 y ,	r_stem,	h_stem,	r_crown,	r_root,	k_geo
3345105600.0,	60.355611275049256,	6.75454335361564,	0.015,	0.05,	0.2,	0.2,	400
