time ,	 x ,	 y ,	r_stem,	h_stem,	r_crown,	r_root,	k_geo
331354800.0,	70.84341915118421,	0.5892282265921367,	0.015,	0.05,	0.2,	0.2,	400
