time ,	 x ,	 y ,	r_stem,	h_stem,	r_crown,	r_root,	k_geo
378691200.0,	44.523533176093956,	12.024662008450303,	0.015,	0.05,	0.2,	0.2,	400
