time ,	 x ,	 y ,	r_stem,	h_stem,	r_crown,	r_root,	k_geo
2508829200.0,	68.41698883777788,	6.363152182433227,	0.015,	0.05,	0.2,	0.2,	400
