time ,	 x ,	 y ,	r_stem,	h_stem,	r_crown,	r_root,	k_geo
1498986000.0,	29.754968590038956,	12.391042229562483,	0.015,	0.05,	0.2,	0.2,	400
