time ,	 x ,	 y ,	r_stem,	h_stem,	r_crown,	r_root,	k_geo
1025622000.0,	4.662792158419116,	10.743392818045896,	0.015,	0.05,	0.2,	0.2,	400
