time ,	 x ,	 y ,	r_stem,	h_stem,	r_crown,	r_root,	k_geo
1798783200.0,	39.825927728135945,	13.995444701156954,	0.015,	0.05,	0.2,	0.2,	400
