time ,	 x ,	 y ,	r_stem,	h_stem,	r_crown,	r_root,	k_geo
2887520400.0,	97.01663463816345,	12.942971927875767,	0.015,	0.05,	0.2,	0.2,	400
