time ,	 x ,	 y ,	r_stem,	h_stem,	r_crown,	r_root,	k_geo
2745511200.0,	41.589882629048205,	11.776635751399267,	0.015,	0.05,	0.2,	0.2,	400
