time ,	 x ,	 y ,	r_stem,	h_stem,	r_crown,	r_root,	k_geo
4575852000.0,	21.115232680413886,	4.9997114305846,	0.015,	0.05,	0.2,	0.2,	400
