time ,	 x ,	 y ,	r_stem,	h_stem,	r_crown,	r_root,	k_geo
994064400.0,	70.2964366460075,	5.664264929274386,	0.015,	0.05,	0.2,	0.2,	400
