time ,	 x ,	 y ,	r_stem,	h_stem,	r_crown,	r_root,	k_geo
2855962800.0,	27.46116385755899,	4.383684084084721,	0.015,	0.05,	0.2,	0.2,	400
