time ,	 x ,	 y ,	r_stem,	h_stem,	r_crown,	r_root,	k_geo
2855962800.0,	13.318642985123963,	0.628486003899647,	0.015,	0.05,	0.2,	0.2,	400
