time ,	 x ,	 y ,	r_stem,	h_stem,	r_crown,	r_root,	k_geo
2603502000.0,	22.180406404922394,	7.256125943887276,	0.015,	0.05,	0.2,	0.2,	400
2619280800.0,	22.180406404922394,	7.256125943887276,	0.015000102872332896,	0.05004247891975484,	0.20016871214047552,	0.20052136910823218,	400
