time ,	 x ,	 y ,	r_stem,	h_stem,	r_crown,	r_root,	k_geo
2429935200.0,	57.61559504725321,	1.113641842206231,	0.015,	0.05,	0.2,	0.2,	400
