time ,	 x ,	 y ,	r_stem,	h_stem,	r_crown,	r_root,	k_geo
3439778400.0,	6.324330778881915,	1.7753387067190647,	0.015,	0.05,	0.2,	0.2,	400
