time ,	 x ,	 y ,	r_stem,	h_stem,	r_crown,	r_root,	k_geo
2477271600.0,	77.63856983350075,	0.09855709432195436,	0.015,	0.05,	0.2,	0.2,	400
