time ,	 x ,	 y ,	r_stem,	h_stem,	r_crown,	r_root,	k_geo
4276054800.0,	23.7453713267586,	14.304629890035022,	0.015,	0.05,	0.2,	0.2,	400
