time ,	 x ,	 y ,	r_stem,	h_stem,	r_crown,	r_root,	k_geo
2114359200.0,	29.265346773328737,	3.332697908504161,	0.015,	0.05,	0.2,	0.2,	400
2130138000.0,	29.265346773328737,	3.332697908504161,	0.015000280423152351,	0.05011782627204431,	0.2004894434956154,	0.20142121454536013,	400
2145916800.0,	29.265346773328737,	3.332697908504161,	0.015000750525247209,	0.050318495754906295,	0.20136936483104012,	0.2037786638757261,	400
2161695600.0,	29.265346773328737,	3.332697908504161,	0.015001155737745518,	0.05048907437931966,	0.20211183378714062,	0.2057754042109756,	400
2177474400.0,	29.265346773328737,	3.332697908504161,	0.015001596816219983,	0.05067432535426811,	0.20293132372494516,	0.20791660098249032,	400
2193253200.0,	29.265346773328737,	3.332697908504161,	0.015002126130722803,	0.05089723452949536,	0.20394577177986795,	0.21044504996122648,	400
