time ,	 x ,	 y ,	r_stem,	h_stem,	r_crown,	r_root,	k_geo
2729732400.0,	49.85158920391651,	1.6587339540130346,	0.015,	0.05,	0.2,	0.2,	400
