time ,	 x ,	 y ,	r_stem,	h_stem,	r_crown,	r_root,	k_geo
2398377600.0,	77.83889162890364,	13.232237876429226,	0.015,	0.05,	0.2,	0.2,	400
