time ,	 x ,	 y ,	r_stem,	h_stem,	r_crown,	r_root,	k_geo
3818469600.0,	41.91049791735632,	7.508907740887338,	0.015,	0.05,	0.2,	0.2,	400
