time ,	 x ,	 y ,	r_stem,	h_stem,	r_crown,	r_root,	k_geo
694267200.0,	79.53023652093663,	13.249575597123924,	0.015,	0.05,	0.2,	0.2,	400
