time ,	 x ,	 y ,	r_stem,	h_stem,	r_crown,	r_root,	k_geo
4023594000.0,	84.20585475266442,	10.162894995265162,	0.015,	0.05,	0.2,	0.2,	400
