time ,	 x ,	 y ,	r_stem,	h_stem,	r_crown,	r_root,	k_geo
3897363600.0,	60.823241092818336,	9.736343608146168,	0.015,	0.05,	0.2,	0.2,	400
