time ,	 x ,	 y ,	r_stem,	h_stem,	r_crown,	r_root,	k_geo
394470000.0,	43.796220678161376,	5.4847776704246325,	0.015,	0.05,	0.2,	0.2,	400
410248800.0,	43.796220678161376,	5.4847776704246325,	0.015004753005410454,	0.05159889978127207,	0.20252572798097193,	0.22408744067840586,	400
426027600.0,	43.796220678161376,	5.4847776704246325,	0.015012071008643884,	0.05390648555448027,	0.2087029728325636,	0.25460862368359904,	400
