time ,	 x ,	 y ,	r_stem,	h_stem,	r_crown,	r_root,	k_geo
4496958000.0,	71.96456341131562,	7.810906240830144,	0.015,	0.05,	0.2,	0.2,	400
