time ,	 x ,	 y ,	r_stem,	h_stem,	r_crown,	r_root,	k_geo
2145916800.0,	32.824019362148036,	6.841759565959483,	0.015,	0.05,	0.2,	0.2,	400
