time ,	 x ,	 y ,	r_stem,	h_stem,	r_crown,	r_root,	k_geo
378691200.0,	77.48344504841937,	12.247562493501981,	0.015,	0.05,	0.2,	0.2,	400
