time ,	 x ,	 y ,	r_stem,	h_stem,	r_crown,	r_root,	k_geo
3881584800.0,	60.50488211643529,	10.154040453989698,	0.015,	0.05,	0.2,	0.2,	400
