time ,	 x ,	 y ,	r_stem,	h_stem,	r_crown,	r_root,	k_geo
883612800.0,	55.73817760563006,	11.881923696798594,	0.015,	0.05,	0.2,	0.2,	400
899391600.0,	55.73817760563006,	11.881923696798594,	0.015006576404561918,	0.052323067158564,	0.20511241809124217,	0.2333273911675002,	400
