time ,	 x ,	 y ,	r_stem,	h_stem,	r_crown,	r_root,	k_geo
1420092000.0,	88.01397587125874,	8.043792103022808,	0.015,	0.05,	0.2,	0.2,	400
