time ,	 x ,	 y ,	r_stem,	h_stem,	r_crown,	r_root,	k_geo
236682000.0,	47.00098968453247,	9.988830571258182,	0.015,	0.05,	0.2,	0.2,	400
