time ,	 x ,	 y ,	r_stem,	h_stem,	r_crown,	r_root,	k_geo
1814562000.0,	27.718778859169724,	2.883163490773545,	0.015,	0.05,	0.2,	0.2,	400
1830340800.0,	27.718778859169724,	2.883163490773545,	0.015000206146488787,	0.05006481835104887,	0.2000431692153748,	0.20104477340158625,	400
