time ,	 x ,	 y ,	r_stem,	h_stem,	r_crown,	r_root,	k_geo
4212939600.0,	71.00272660622062,	11.973511452767776,	0.015,	0.05,	0.2,	0.2,	400
