time ,	 x ,	 y ,	r_stem,	h_stem,	r_crown,	r_root,	k_geo
4149824400.0,	31.353065859414166,	8.52246249685191,	0.015,	0.05,	0.2,	0.2,	400
4165603200.0,	31.353065859414166,	8.52246249685191,	0.015000820804154326,	0.05036651374191497,	0.20174719511180705,	0.20415989618280336,	400
4181382000.0,	31.353065859414166,	8.52246249685191,	0.015001801537645925,	0.050807492603121535,	0.20395324124731795,	0.20898095941931202,	400
4197160800.0,	31.353065859414166,	8.52246249685191,	0.015002831013883278,	0.05126522238986231,	0.20627958615849087,	0.21386442105952325,	400
4212939600.0,	31.353065859414166,	8.52246249685191,	0.015003830007303993,	0.051699272957224915,	0.20847364886072914,	0.21843261463682107,	400
4228718400.0,	31.353065859414166,	8.52246249685191,	0.015004959459009492,	0.052188581169360294,	0.21102290396775447,	0.22341981047486711,	400
4244497200.0,	31.353065859414166,	8.52246249685191,	0.015006513997784986,	0.05288457484914645,	0.21498426551415584,	0.23002299302199686,	400
4260276000.0,	31.353065859414166,	8.52246249685191,	0.015008141326926211,	0.053592223533469666,	0.21898508074208983,	0.23658548532937293,	400
