time ,	 x ,	 y ,	r_stem,	h_stem,	r_crown,	r_root,	k_geo
773161200.0,	76.7416638279273,	13.350098860401372,	0.015,	0.05,	0.2,	0.2,	400
