time ,	 x ,	 y ,	r_stem,	h_stem,	r_crown,	r_root,	k_geo
1640995200.0,	99.24025892519091,	12.328967927558878,	0.015,	0.05,	0.2,	0.2,	400
