time ,	 x ,	 y ,	r_stem,	h_stem,	r_crown,	r_root,	k_geo
2256368400.0,	86.42802986207795,	8.317836990300703,	0.015,	0.05,	0.2,	0.2,	400
