time ,	 x ,	 y ,	r_stem,	h_stem,	r_crown,	r_root,	k_geo
2161695600.0,	93.56193279125485,	5.484773679858951,	0.015,	0.05,	0.2,	0.2,	400
