time ,	 x ,	 y ,	r_stem,	h_stem,	r_crown,	r_root,	k_geo
2130138000.0,	93.64663753205475,	7.749370276659601,	0.015,	0.05,	0.2,	0.2,	400
