time ,	 x ,	 y ,	r_stem,	h_stem,	r_crown,	r_root,	k_geo
2997972000.0,	23.914612123830736,	12.642482115703423,	0.015,	0.05,	0.2,	0.2,	400
3013750800.0,	23.914612123830736,	12.642482115703423,	0.015000084837146783,	0.050026644635666986,	0.20001731528113179,	0.2004299647527908,	400
