time ,	 x ,	 y ,	r_stem,	h_stem,	r_crown,	r_root,	k_geo
4418064000.0,	91.84916461942319,	11.764259871943375,	0.015,	0.05,	0.2,	0.2,	400
