time ,	 x ,	 y ,	r_stem,	h_stem,	r_crown,	r_root,	k_geo
1704110400.0,	39.24217012224444,	13.035458677850757,	0.015,	0.05,	0.2,	0.2,	400
