time ,	 x ,	 y ,	r_stem,	h_stem,	r_crown,	r_root,	k_geo
3439778400.0,	2.060058954229982,	2.763863640324666,	0.015,	0.05,	0.2,	0.2,	400
3455557200.0,	2.060058954229982,	2.763863640324666,	0.015002045814300584,	0.05113442208946277,	0.20756599552437585,	0.2103681850609002,	400
3471336000.0,	2.060058954229982,	2.763863640324666,	0.015004438429928406,	0.05246079966458484,	0.2165404235563792,	0.22165815787544624,	400
3487114800.0,	2.060058954229982,	2.763863640324666,	0.015007250997844102,	0.053990325425424944,	0.22682534370485227,	0.23388298299154717,	400
3502893600.0,	2.060058954229982,	2.763863640324666,	0.015010545874169216,	0.05569500159486029,	0.23791773933885288,	0.24690087105603467,	400
3518672400.0,	2.060058954229982,	2.763863640324666,	0.015014502237281305,	0.05762679954474774,	0.2501322871931413,	0.2609020598090514,	400
3534451200.0,	2.060058954229982,	2.763863640324666,	0.01501934955068113,	0.059818046059670595,	0.2635199744682651,	0.2759879337107796,	400
3550230000.0,	2.060058954229982,	2.763863640324666,	0.01502539960597636,	0.06228449260342666,	0.2779541033412608,	0.2921880551117119,	400
