time ,	 x ,	 y ,	r_stem,	h_stem,	r_crown,	r_root,	k_geo
2777068800.0,	19.352796241095216,	7.811554842394978,	0.015,	0.05,	0.2,	0.2,	400
