time ,	 x ,	 y ,	r_stem,	h_stem,	r_crown,	r_root,	k_geo
2398377600.0,	35.226259215701006,	12.796691054810053,	0.015,	0.05,	0.2,	0.2,	400
2414156400.0,	35.226259215701006,	12.796691054810053,	0.015000921366448526,	0.05029182618416829,	0.20022416791566108,	0.20466954766708403,	400
2429935200.0,	35.226259215701006,	12.796691054810053,	0.01500210129420014,	0.05065717503548242,	0.20053363114248984,	0.2104290458420209,	400
2445714000.0,	35.226259215701006,	12.796691054810053,	0.015003699983746682,	0.051139036042772965,	0.2010003131661709,	0.21787699279355022,	400
2461492800.0,	35.226259215701006,	12.796691054810053,	0.015006544030169272,	0.05197546732872023,	0.20207529644675254,	0.23034414410236131,	400
2477271600.0,	35.226259215701006,	12.796691054810053,	0.015008236200114367,	0.052879242787021254,	0.20953094756466367,	0.23703344084510958,	400
2493050400.0,	35.226259215701006,	12.796691054810053,	0.015010153201839774,	0.05392879330312395,	0.2182189102515142,	0.2442548828216675,	400
