time ,	 x ,	 y ,	r_stem,	h_stem,	r_crown,	r_root,	k_geo
4023594000.0,	98.61958032903738,	11.855208122915592,	0.015,	0.05,	0.2,	0.2,	400
