time ,	 x ,	 y ,	r_stem,	h_stem,	r_crown,	r_root,	k_geo
4134045600.0,	58.8736423064377,	11.924077688126815,	0.015,	0.05,	0.2,	0.2,	400
4149824400.0,	58.8736423064377,	11.924077688126815,	0.015001818885772672,	0.05138694395641411,	0.21222277812940454,	0.20921813671133405,	400
