time ,	 x ,	 y ,	r_stem,	h_stem,	r_crown,	r_root,	k_geo
710046000.0,	27.763939539486906,	4.742036447736845,	0.015,	0.05,	0.2,	0.2,	400
725824800.0,	27.763939539486906,	4.742036447736845,	0.015000591960404609,	0.050257188826542495,	0.20115626050551966,	0.2030001074073893,	400
741603600.0,	27.763939539486906,	4.742036447736845,	0.015001312380140236,	0.0505720254567203,	0.20263174213459217,	0.20657125398869697,	400
