time ,	 x ,	 y ,	r_stem,	h_stem,	r_crown,	r_root,	k_geo
4007815200.0,	24.83488329194318,	0.838397772381434,	0.015,	0.05,	0.2,	0.2,	400
