time ,	 x ,	 y ,	r_stem,	h_stem,	r_crown,	r_root,	k_geo
4402285200.0,	76.03247288866152,	9.377159484194515,	0.015,	0.05,	0.2,	0.2,	400
