time ,	 x ,	 y ,	r_stem,	h_stem,	r_crown,	r_root,	k_geo
2650838400.0,	40.94512222841799,	7.705784020863722,	0.015,	0.05,	0.2,	0.2,	400
