time ,	 x ,	 y ,	r_stem,	h_stem,	r_crown,	r_root,	k_geo
3187317600.0,	37.09114907481735,	3.103595759094184,	0.015,	0.05,	0.2,	0.2,	400
