time ,	 x ,	 y ,	r_stem,	h_stem,	r_crown,	r_root,	k_geo
962506800.0,	90.73420845777498,	11.146078262133548,	0.015,	0.05,	0.2,	0.2,	400
