time ,	 x ,	 y ,	r_stem,	h_stem,	r_crown,	r_root,	k_geo
2934856800.0,	89.35292579896176,	14.533325813775797,	0.015,	0.05,	0.2,	0.2,	400
2950635600.0,	89.35292579896176,	14.533325813775797,	0.015009887711917727,	0.05663812600108774,	0.25343974467610647,	0.25010617509795735,	400
