time ,	 x ,	 y ,	r_stem,	h_stem,	r_crown,	r_root,	k_geo
4323391200.0,	24.280664049517497,	2.9657275422430507,	0.015,	0.05,	0.2,	0.2,	400
