time ,	 x ,	 y ,	r_stem,	h_stem,	r_crown,	r_root,	k_geo
331354800.0,	85.39732933357199,	8.970713636028332,	0.015,	0.05,	0.2,	0.2,	400
