time ,	 x ,	 y ,	r_stem,	h_stem,	r_crown,	r_root,	k_geo
1057179600.0,	2.113464270213561,	0.4516634113006579,	0.015,	0.05,	0.2,	0.2,	400
