time ,	 x ,	 y ,	r_stem,	h_stem,	r_crown,	r_root,	k_geo
504921600.0,	68.8185529217651,	8.306122521246197,	0.015,	0.05,	0.2,	0.2,	400
