time ,	 x ,	 y ,	r_stem,	h_stem,	r_crown,	r_root,	k_geo
4228718400.0,	52.6550930838264,	11.627826015020414,	0.015,	0.05,	0.2,	0.2,	400
4244497200.0,	52.6550930838264,	11.627826015020414,	0.015002027725584722,	0.05138690534202086,	0.21131271757799955,	0.21027651370686898,	400
4260276000.0,	52.6550930838264,	11.627826015020414,	0.0150046785288457,	0.053025322575369314,	0.22319963195639037,	0.22287386653714594,	400
4276054800.0,	52.6550930838264,	11.627826015020414,	0.015007707010884814,	0.05490974275363289,	0.23685675105468862,	0.23601691981448988,	400
4291833600.0,	52.6550930838264,	11.627826015020414,	0.015011688913765994,	0.057125759123990906,	0.25133892251958756,	0.2516042826912301,	400
4307612400.0,	52.6550930838264,	11.627826015020414,	0.01501644405771778,	0.05968043923363434,	0.2679609499042527,	0.2678311211730403,	400
4323391200.0,	52.6550930838264,	11.627826015020414,	0.015023087507111902,	0.06269325801275555,	0.2853819065074818,	0.28720174251219555,	400
4339170000.0,	52.6550930838264,	11.627826015020414,	0.015035936542295408,	0.06616253297287017,	0.29599459841176967,	0.31762958705548,	400
4354948800.0,	52.6550930838264,	11.627826015020414,	0.015055125889359514,	0.07038626265689381,	0.3117692334835075,	0.34959064719020444,	400
