time ,	 x ,	 y ,	r_stem,	h_stem,	r_crown,	r_root,	k_geo
1246525200.0,	63.861046708104794,	14.418797649329367,	0.015,	0.05,	0.2,	0.2,	400
1262304000.0,	63.861046708104794,	14.418797649329367,	0.015001171768346503,	0.0513870636183946,	0.21504279022076525,	0.20593858354004912,	400
