time ,	 x ,	 y ,	r_stem,	h_stem,	r_crown,	r_root,	k_geo
1104516000.0,	28.439830072753203,	4.4714593838332775,	0.015,	0.05,	0.2,	0.2,	400
