time ,	 x ,	 y ,	r_stem,	h_stem,	r_crown,	r_root,	k_geo
4544294400.0,	53.881779577157786,	7.0425556446702515,	0.015,	0.05,	0.2,	0.2,	400
