time ,	 x ,	 y ,	r_stem,	h_stem,	r_crown,	r_root,	k_geo
599594400.0,	98.408932016156,	1.1786685851893237,	0.015,	0.05,	0.2,	0.2,	400
