time ,	 x ,	 y ,	r_stem,	h_stem,	r_crown,	r_root,	k_geo
1988128800.0,	76.62549579663568,	7.871007964019878,	0.015,	0.05,	0.2,	0.2,	400
