time ,	 x ,	 y ,	r_stem,	h_stem,	r_crown,	r_root,	k_geo
4102488000.0,	99.96990942339924,	3.2242711346798107,	0.015,	0.05,	0.2,	0.2,	400
