time ,	 x ,	 y ,	r_stem,	h_stem,	r_crown,	r_root,	k_geo
1988128800.0,	89.87705857555983,	5.696485924579581,	0.015,	0.05,	0.2,	0.2,	400
