time ,	 x ,	 y ,	r_stem,	h_stem,	r_crown,	r_root,	k_geo
1025622000.0,	23.48949769471076,	12.920798829958054,	0.015,	0.05,	0.2,	0.2,	400
1041400800.0,	23.48949769471076,	12.920798829958054,	0.015000177002501993,	0.05005563918105878,	0.20003683839745082,	0.2008970687406824,	400
