time ,	 x ,	 y ,	r_stem,	h_stem,	r_crown,	r_root,	k_geo
4449621600.0,	18.231935863158654,	13.592625543260732,	0.015,	0.05,	0.2,	0.2,	400
