time ,	 x ,	 y ,	r_stem,	h_stem,	r_crown,	r_root,	k_geo
3471336000.0,	96.14759041601955,	0.8007899937465046,	0.015,	0.05,	0.2,	0.2,	400
