time ,	 x ,	 y ,	r_stem,	h_stem,	r_crown,	r_root,	k_geo
4007815200.0,	28.957128100509834,	5.304565910609732,	0.015,	0.05,	0.2,	0.2,	400
