time ,	 x ,	 y ,	r_stem,	h_stem,	r_crown,	r_root,	k_geo
4291833600.0,	35.51947738460678,	12.836134478688578,	0.015,	0.05,	0.2,	0.2,	400
4307612400.0,	35.51947738460678,	12.836134478688578,	0.015000798158176955,	0.050355394790316296,	0.20168435053891326,	0.20404512579872022,	400
