time ,	 x ,	 y ,	r_stem,	h_stem,	r_crown,	r_root,	k_geo
2982193200.0,	92.73081673863621,	7.745371340257508,	0.015,	0.05,	0.2,	0.2,	400
