time ,	 x ,	 y ,	r_stem,	h_stem,	r_crown,	r_root,	k_geo
2982193200.0,	6.6999638885574475,	11.602393059051382,	0.015,	0.05,	0.2,	0.2,	400
