time ,	 x ,	 y ,	r_stem,	h_stem,	r_crown,	r_root,	k_geo
836276400.0,	86.1435502879736,	7.17002075376665,	0.015,	0.05,	0.2,	0.2,	400
