time ,	 x ,	 y ,	r_stem,	h_stem,	r_crown,	r_root,	k_geo
3171538800.0,	86.05670826117834,	5.364000156066725,	0.015,	0.05,	0.2,	0.2,	400
