time ,	 x ,	 y ,	r_stem,	h_stem,	r_crown,	r_root,	k_geo
962506800.0,	66.01110502258003,	13.482484122753025,	0.015,	0.05,	0.2,	0.2,	400
