time ,	 x ,	 y ,	r_stem,	h_stem,	r_crown,	r_root,	k_geo
1988128800.0,	56.36182232150762,	2.382907844696291,	0.015,	0.05,	0.2,	0.2,	400
