time ,	 x ,	 y ,	r_stem,	h_stem,	r_crown,	r_root,	k_geo
4197160800.0,	39.66751547327435,	0.4129815141316834,	0.015,	0.05,	0.2,	0.2,	400
