time ,	 x ,	 y ,	r_stem,	h_stem,	r_crown,	r_root,	k_geo
347133600.0,	86.22734135264105,	1.9383955104406614,	0.015,	0.05,	0.2,	0.2,	400
