time ,	 x ,	 y ,	r_stem,	h_stem,	r_crown,	r_root,	k_geo
3218875200.0,	83.93529387747043,	7.38044431549885,	0.015,	0.05,	0.2,	0.2,	400
