time ,	 x ,	 y ,	r_stem,	h_stem,	r_crown,	r_root,	k_geo
2982193200.0,	90.0825105998086,	6.037284939967462,	0.015,	0.05,	0.2,	0.2,	400
