time ,	 x ,	 y ,	r_stem,	h_stem,	r_crown,	r_root,	k_geo
4465400400.0,	47.68185009617033,	1.128716950576919,	0.015,	0.05,	0.2,	0.2,	400
