time ,	 x ,	 y ,	r_stem,	h_stem,	r_crown,	r_root,	k_geo
4323391200.0,	24.75489136519221,	2.974941301049645,	0.015,	0.05,	0.2,	0.2,	400
