time ,	 x ,	 y ,	r_stem,	h_stem,	r_crown,	r_root,	k_geo
788940000.0,	89.04494490084957,	5.016302289590168,	0.015,	0.05,	0.2,	0.2,	400
