time ,	 x ,	 y ,	r_stem,	h_stem,	r_crown,	r_root,	k_geo
1167631200.0,	79.79104326912233,	1.3725626033096616,	0.015,	0.05,	0.2,	0.2,	400
1183410000.0,	79.79104326912233,	1.3725626033096616,	0.015011078824934701,	0.05662069169621254,	0.24801097619289883,	0.25614135692670853,	400
1199188800.0,	79.79104326912233,	1.3725626033096616,	0.015015343926434508,	0.06155443237736428,	0.29682372485570696,	0.27003289529177016,	400
1214967600.0,	79.79104326912233,	1.3725626033096616,	0.015036351743790392,	0.07222815473441302,	0.35529688897230827,	0.329950733564636,	400
