time ,	 x ,	 y ,	r_stem,	h_stem,	r_crown,	r_root,	k_geo
3029529600.0,	35.33355938042079,	1.098927948916406,	0.015,	0.05,	0.2,	0.2,	400
3045308400.0,	35.33355938042079,	1.098927948916406,	0.015000844937917552,	0.05037844104020448,	0.20181530034948997,	0.2042822066340952,	400
3061087200.0,	35.33355938042079,	1.098927948916406,	0.015002068499323179,	0.050947251753906596,	0.2048404905632748,	0.2102916918814558,	400
3076866000.0,	35.33355938042079,	1.098927948916406,	0.015003469760584018,	0.05159953427051924,	0.20844925389380722,	0.21687711693980252,	400
3092644800.0,	35.33355938042079,	1.098927948916406,	0.015004895925208211,	0.052244992997581605,	0.21199521040922847,	0.2232576777352004,	400
