time ,	 x ,	 y ,	r_stem,	h_stem,	r_crown,	r_root,	k_geo
1861898400.0,	93.57252186828447,	1.775582595680714,	0.015,	0.05,	0.2,	0.2,	400
