time ,	 x ,	 y ,	r_stem,	h_stem,	r_crown,	r_root,	k_geo
4418064000.0,	88.6834754858952,	14.25806123015906,	0.015,	0.05,	0.2,	0.2,	400
