time ,	 x ,	 y ,	r_stem,	h_stem,	r_crown,	r_root,	k_geo
1120294800.0,	82.13545637391613,	11.434300139900946,	0.015,	0.05,	0.2,	0.2,	400
