time ,	 x ,	 y ,	r_stem,	h_stem,	r_crown,	r_root,	k_geo
2177474400.0,	2.4229890999327375,	12.147357896325246,	0.015,	0.05,	0.2,	0.2,	400
