time ,	 x ,	 y ,	r_stem,	h_stem,	r_crown,	r_root,	k_geo
347133600.0,	94.61244292355269,	9.918051008561468,	0.015,	0.05,	0.2,	0.2,	400
