time ,	 x ,	 y ,	r_stem,	h_stem,	r_crown,	r_root,	k_geo
3423999600.0,	70.98542859911613,	9.68061354741624,	0.015,	0.05,	0.2,	0.2,	400
