time ,	 x ,	 y ,	r_stem,	h_stem,	r_crown,	r_root,	k_geo
2003907600.0,	40.06058999272762,	6.9205111046453975,	0.015,	0.05,	0.2,	0.2,	400
