time ,	 x ,	 y ,	r_stem,	h_stem,	r_crown,	r_root,	k_geo
1072958400.0,	19.645166619590327,	5.054510480023785,	0.015,	0.05,	0.2,	0.2,	400
