time ,	 x ,	 y ,	r_stem,	h_stem,	r_crown,	r_root,	k_geo
2114359200.0,	87.27775409753205,	4.286921454405174,	0.015,	0.05,	0.2,	0.2,	400
