time ,	 x ,	 y ,	r_stem,	h_stem,	r_crown,	r_root,	k_geo
3865806000.0,	78.34261683624032,	13.295540212150048,	0.015,	0.05,	0.2,	0.2,	400
