time ,	 x ,	 y ,	r_stem,	h_stem,	r_crown,	r_root,	k_geo
4496958000.0,	73.01988833715016,	10.408599505496321,	0.015,	0.05,	0.2,	0.2,	400
