time ,	 x ,	 y ,	r_stem,	h_stem,	r_crown,	r_root,	k_geo
1356976800.0,	61.64074964553827,	1.3970196762316283,	0.015,	0.05,	0.2,	0.2,	400
