time ,	 x ,	 y ,	r_stem,	h_stem,	r_crown,	r_root,	k_geo
3045308400.0,	92.04383667441061,	2.8252784248017075,	0.015,	0.05,	0.2,	0.2,	400
