time ,	 x ,	 y ,	r_stem,	h_stem,	r_crown,	r_root,	k_geo
4512736800.0,	84.29462790692224,	10.743868876432803,	0.015,	0.05,	0.2,	0.2,	400
