time ,	 x ,	 y ,	r_stem,	h_stem,	r_crown,	r_root,	k_geo
1293861600.0,	93.71793541164793,	11.212702844401333,	0.015,	0.05,	0.2,	0.2,	400
