time ,	 x ,	 y ,	r_stem,	h_stem,	r_crown,	r_root,	k_geo
4134045600.0,	11.440440983096833,	7.9438513646933515,	0.015,	0.05,	0.2,	0.2,	400
