time ,	 x ,	 y ,	r_stem,	h_stem,	r_crown,	r_root,	k_geo
3439778400.0,	27.732862041747342,	10.768741518684946,	0.015,	0.05,	0.2,	0.2,	400
3455557200.0,	27.732862041747342,	10.768741518684946,	0.015000007883050104,	0.05000322641638411,	0.20001251061749428,	0.20003995227283586,	400
