time ,	 x ,	 y ,	r_stem,	h_stem,	r_crown,	r_root,	k_geo
583815600.0,	68.60014946959573,	5.315570583785734,	0.015,	0.05,	0.2,	0.2,	400
