time ,	 x ,	 y ,	r_stem,	h_stem,	r_crown,	r_root,	k_geo
189345600.0,	99.06842029696308,	3.4141142058155682,	0.015,	0.05,	0.2,	0.2,	400
