time ,	 x ,	 y ,	r_stem,	h_stem,	r_crown,	r_root,	k_geo
4007815200.0,	88.3734000629903,	12.603867515360957,	0.015,	0.05,	0.2,	0.2,	400
