time ,	 x ,	 y ,	r_stem,	h_stem,	r_crown,	r_root,	k_geo
2429935200.0,	17.63380726563821,	12.144381998617845,	0.015,	0.05,	0.2,	0.2,	400
