time ,	 x ,	 y ,	r_stem,	h_stem,	r_crown,	r_root,	k_geo
4276054800.0,	91.97917263276464,	6.2038529357364744,	0.015,	0.05,	0.2,	0.2,	400
