time ,	 x ,	 y ,	r_stem,	h_stem,	r_crown,	r_root,	k_geo
2477271600.0,	90.95820757630632,	3.0415213680837523,	0.015,	0.05,	0.2,	0.2,	400
