time ,	 x ,	 y ,	r_stem,	h_stem,	r_crown,	r_root,	k_geo
2477271600.0,	96.9256571510294,	5.505840811445268,	0.015,	0.05,	0.2,	0.2,	400
