time ,	 x ,	 y ,	r_stem,	h_stem,	r_crown,	r_root,	k_geo
2650838400.0,	92.1016518842542,	9.366947784489827,	0.015,	0.05,	0.2,	0.2,	400
