time ,	 x ,	 y ,	r_stem,	h_stem,	r_crown,	r_root,	k_geo
3218875200.0,	71.01324011494404,	5.019761386130277,	0.015,	0.05,	0.2,	0.2,	400
