time ,	 x ,	 y ,	r_stem,	h_stem,	r_crown,	r_root,	k_geo
1909234800.0,	4.931926788307949,	14.812717288693939,	0.015,	0.05,	0.2,	0.2,	400
