time ,	 x ,	 y ,	r_stem,	h_stem,	r_crown,	r_root,	k_geo
2808626400.0,	59.28184301908694,	0.9401912932611028,	0.015,	0.05,	0.2,	0.2,	400
