time ,	 x ,	 y ,	r_stem,	h_stem,	r_crown,	r_root,	k_geo
4496958000.0,	26.38996200424131,	9.309457997509792,	0.015,	0.05,	0.2,	0.2,	400
4512736800.0,	26.38996200424131,	9.309457997509792,	0.015000262172880731,	0.05008247905012585,	0.20005555546840936,	0.20132872050818226,	400
