time ,	 x ,	 y ,	r_stem,	h_stem,	r_crown,	r_root,	k_geo
1704110400.0,	90.91040204683442,	7.686028197594117,	0.015,	0.05,	0.2,	0.2,	400
