time ,	 x ,	 y ,	r_stem,	h_stem,	r_crown,	r_root,	k_geo
2650838400.0,	39.17784454839525,	6.667044972051946,	0.015,	0.05,	0.2,	0.2,	400
2666617200.0,	39.17784454839525,	6.667044972051946,	0.015001196605692829,	0.050562532123507926,	0.20295731014330037,	0.20606445869956283,	400
2682396000.0,	39.17784454839525,	6.667044972051946,	0.015002574938910229,	0.05121304443595825,	0.20653283916054674,	0.21274997681898453,	400
