time ,	 x ,	 y ,	r_stem,	h_stem,	r_crown,	r_root,	k_geo
3329326800.0,	16.426200458297156,	10.829072785340784,	0.015,	0.05,	0.2,	0.2,	400
