time ,	 x ,	 y ,	r_stem,	h_stem,	r_crown,	r_root,	k_geo
2335262400.0,	70.64460519449456,	13.598579146166518,	0.015,	0.05,	0.2,	0.2,	400
