time ,	 x ,	 y ,	r_stem,	h_stem,	r_crown,	r_root,	k_geo
1167631200.0,	58.11190860397093,	14.84754699851539,	0.015,	0.05,	0.2,	0.2,	400
