time ,	 x ,	 y ,	r_stem,	h_stem,	r_crown,	r_root,	k_geo
2256368400.0,	58.21975349897925,	0.9423804523317664,	0.015,	0.05,	0.2,	0.2,	400
