time ,	 x ,	 y ,	r_stem,	h_stem,	r_crown,	r_root,	k_geo
2145916800.0,	63.54649074872276,	4.526986397915512,	0.015,	0.05,	0.2,	0.2,	400
