time ,	 x ,	 y ,	r_stem,	h_stem,	r_crown,	r_root,	k_geo
4165603200.0,	5.405389810813455,	7.907810797609567,	0.015,	0.05,	0.2,	0.2,	400
