time ,	 x ,	 y ,	r_stem,	h_stem,	r_crown,	r_root,	k_geo
2950635600.0,	21.57226645825151,	1.9287804870629932,	0.015,	0.05,	0.2,	0.2,	400
2966414400.0,	21.57226645825151,	1.9287804870629932,	0.015000237507702862,	0.050074701675527154,	0.20005006732361055,	0.20120371507774285,	400
