time ,	 x ,	 y ,	r_stem,	h_stem,	r_crown,	r_root,	k_geo
2414156400.0,	83.26117271705661,	7.425393768636284,	0.015,	0.05,	0.2,	0.2,	400
