time ,	 x ,	 y ,	r_stem,	h_stem,	r_crown,	r_root,	k_geo
804718800.0,	97.60632503925895,	11.544767305380741,	0.015,	0.05,	0.2,	0.2,	400
