time ,	 x ,	 y ,	r_stem,	h_stem,	r_crown,	r_root,	k_geo
2792847600.0,	93.33117657003407,	10.05660061518558,	0.015,	0.05,	0.2,	0.2,	400
