time ,	 x ,	 y ,	r_stem,	h_stem,	r_crown,	r_root,	k_geo
1767225600.0,	58.60943460749583,	11.84039117471595,	0.015,	0.05,	0.2,	0.2,	400
