time ,	 x ,	 y ,	r_stem,	h_stem,	r_crown,	r_root,	k_geo
268239600.0,	84.45777028166592,	11.343532844271055,	0.015,	0.05,	0.2,	0.2,	400
