time ,	 x ,	 y ,	r_stem,	h_stem,	r_crown,	r_root,	k_geo
3708018000.0,	44.98261563055364,	3.425866562420365,	0.015,	0.05,	0.2,	0.2,	400
