time ,	 x ,	 y ,	r_stem,	h_stem,	r_crown,	r_root,	k_geo
2082801600.0,	77.82470191837473,	5.270367245115678,	0.015,	0.05,	0.2,	0.2,	400
