time ,	 x ,	 y ,	r_stem,	h_stem,	r_crown,	r_root,	k_geo
4149824400.0,	86.90743031105096,	1.9181203058178382,	0.015,	0.05,	0.2,	0.2,	400
