time ,	 x ,	 y ,	r_stem,	h_stem,	r_crown,	r_root,	k_geo
2287926000.0,	40.309850617458224,	6.2863579453227105,	0.015,	0.05,	0.2,	0.2,	400
