time ,	 x ,	 y ,	r_stem,	h_stem,	r_crown,	r_root,	k_geo
3124202400.0,	54.18884772660897,	0.9845224357928883,	0.015,	0.05,	0.2,	0.2,	400
3139981200.0,	54.18884772660897,	0.9845224357928883,	0.015005817208760548,	0.05200882260582576,	0.20384984825420335,	0.22948026776600522,	400
3155760000.0,	54.18884772660897,	0.9845224357928883,	0.015014970192823563,	0.055012572508291495,	0.21452350096470318,	0.2660140651689437,	400
3171538800.0,	54.18884772660897,	0.9845224357928883,	0.01501552233190155,	0.055693169585094945,	0.22332036638274239,	0.2676213454923409,	400
3187317600.0,	54.18884772660897,	0.9845224357928883,	0.015016486872057552,	0.056666065186198704,	0.23472245595240884,	0.2703997834034765,	400
3203096400.0,	54.18884772660897,	0.9845224357928883,	0.01501806504916028,	0.058037236241274215,	0.24918949166012036,	0.27484612058215036,	400
3218875200.0,	54.18884772660897,	0.9845224357928883,	0.015020995371017707,	0.059945736579812184,	0.2660331777954578,	0.28277251791916813,	400
3234654000.0,	54.18884772660897,	0.9845224357928883,	0.01502575002258868,	0.062482543092671344,	0.28517178870988175,	0.29462622106586084,	400
3250432800.0,	54.18884772660897,	0.9845224357928883,	0.015033644454460524,	0.06573593417914182,	0.3054334286694075,	0.31184918959940233,	400
