time ,	 x ,	 y ,	r_stem,	h_stem,	r_crown,	r_root,	k_geo
1435870800.0,	63.31142377567202,	6.335000303727663,	0.015,	0.05,	0.2,	0.2,	400
