time ,	 x ,	 y ,	r_stem,	h_stem,	r_crown,	r_root,	k_geo
552258000.0,	5.736713471847854,	8.841166205941336,	0.015,	0.05,	0.2,	0.2,	400
