time ,	 x ,	 y ,	r_stem,	h_stem,	r_crown,	r_root,	k_geo
2366820000.0,	31.766535121482754,	11.220158169380502,	0.015,	0.05,	0.2,	0.2,	400
