time ,	 x ,	 y ,	r_stem,	h_stem,	r_crown,	r_root,	k_geo
1562101200.0,	71.7349636138102,	2.68490817591322,	0.015,	0.05,	0.2,	0.2,	400
