time ,	 x ,	 y ,	r_stem,	h_stem,	r_crown,	r_root,	k_geo
2272147200.0,	43.89240538623326,	8.627868670682938,	0.015,	0.05,	0.2,	0.2,	400
