time ,	 x ,	 y ,	r_stem,	h_stem,	r_crown,	r_root,	k_geo
3439778400.0,	69.68927463250569,	8.99309696765086,	0.015,	0.05,	0.2,	0.2,	400
