time ,	 x ,	 y ,	r_stem,	h_stem,	r_crown,	r_root,	k_geo
2477271600.0,	33.55217932423117,	8.526198422476357,	0.015,	0.05,	0.2,	0.2,	400
