time ,	 x ,	 y ,	r_stem,	h_stem,	r_crown,	r_root,	k_geo
2067022800.0,	99.4552577602647,	9.729619879526052,	0.015,	0.05,	0.2,	0.2,	400
