time ,	 x ,	 y ,	r_stem,	h_stem,	r_crown,	r_root,	k_geo
4496958000.0,	51.55579742266178,	1.3263194874283086,	0.015,	0.05,	0.2,	0.2,	400
