time ,	 x ,	 y ,	r_stem,	h_stem,	r_crown,	r_root,	k_geo
2272147200.0,	82.84514670058925,	6.1070397315331055,	0.015,	0.05,	0.2,	0.2,	400
