time ,	 x ,	 y ,	r_stem,	h_stem,	r_crown,	r_root,	k_geo
1562101200.0,	89.62565486787567,	14.932628485494925,	0.015,	0.05,	0.2,	0.2,	400
