time ,	 x ,	 y ,	r_stem,	h_stem,	r_crown,	r_root,	k_geo
2035465200.0,	89.13950284879753,	11.871183346441159,	0.015,	0.05,	0.2,	0.2,	400
