time ,	 x ,	 y ,	r_stem,	h_stem,	r_crown,	r_root,	k_geo
3092644800.0,	21.107442056638824,	8.719417069494533,	0.015,	0.05,	0.2,	0.2,	400
