time ,	 x ,	 y ,	r_stem,	h_stem,	r_crown,	r_root,	k_geo
2729732400.0,	86.6871837652949,	12.16741044060553,	0.015,	0.05,	0.2,	0.2,	400
