time ,	 x ,	 y ,	r_stem,	h_stem,	r_crown,	r_root,	k_geo
2382598800.0,	20.64798290634897,	1.5366886409463927,	0.015,	0.05,	0.2,	0.2,	400
2398377600.0,	20.64798290634897,	1.5366886409463927,	0.01500008879526879,	0.05002788878829494,	0.2000181383508423,	0.20045002496454006,	400
2414156400.0,	20.64798290634897,	1.5366886409463927,	0.015000133462603453,	0.05004187750898896,	0.20002720210507757,	0.20067558749447456,	400
2429935200.0,	20.64798290634897,	1.5366886409463927,	0.015000187569218146,	0.050058802869325736,	0.20003821811371245,	0.2009483218682179,	400
