time ,	 x ,	 y ,	r_stem,	h_stem,	r_crown,	r_root,	k_geo
4070930400.0,	70.93116816697005,	13.576203726041099,	0.015,	0.05,	0.2,	0.2,	400
