time ,	 x ,	 y ,	r_stem,	h_stem,	r_crown,	r_root,	k_geo
1530543600.0,	51.536559299532705,	6.966235111779752,	0.015,	0.05,	0.2,	0.2,	400
