time ,	 x ,	 y ,	r_stem,	h_stem,	r_crown,	r_root,	k_geo
2682396000.0,	49.04944964099626,	7.019424631823205,	0.015,	0.05,	0.2,	0.2,	400
