time ,	 x ,	 y ,	r_stem,	h_stem,	r_crown,	r_root,	k_geo
2256368400.0,	73.57072067744545,	13.107397026291878,	0.015,	0.05,	0.2,	0.2,	400
