time ,	 x ,	 y ,	r_stem,	h_stem,	r_crown,	r_root,	k_geo
3029529600.0,	72.88251952021693,	14.121273410663546,	0.015,	0.05,	0.2,	0.2,	400
