time ,	 x ,	 y ,	r_stem,	h_stem,	r_crown,	r_root,	k_geo
4465400400.0,	32.53131961705342,	5.696038476712435,	0.015,	0.05,	0.2,	0.2,	400
