time ,	 x ,	 y ,	r_stem,	h_stem,	r_crown,	r_root,	k_geo
4465400400.0,	0.9103815284077332,	10.149823955446468,	0.015,	0.05,	0.2,	0.2,	400
