time ,	 x ,	 y ,	r_stem,	h_stem,	r_crown,	r_root,	k_geo
2619280800.0,	59.98818983640142,	4.1195775795364575,	0.015,	0.05,	0.2,	0.2,	400
