time ,	 x ,	 y ,	r_stem,	h_stem,	r_crown,	r_root,	k_geo
3266211600.0,	15.62344346638993,	0.1080827251285521,	0.015,	0.05,	0.2,	0.2,	400
