time ,	 x ,	 y ,	r_stem,	h_stem,	r_crown,	r_root,	k_geo
2603502000.0,	83.62557898626174,	10.850385540144012,	0.015,	0.05,	0.2,	0.2,	400
