time ,	 x ,	 y ,	r_stem,	h_stem,	r_crown,	r_root,	k_geo
4276054800.0,	74.10185092472484,	0.41279666885708166,	0.015,	0.05,	0.2,	0.2,	400
