time ,	 x ,	 y ,	r_stem,	h_stem,	r_crown,	r_root,	k_geo
3029529600.0,	55.950371955324705,	5.024807562774026,	0.015,	0.05,	0.2,	0.2,	400
