time ,	 x ,	 y ,	r_stem,	h_stem,	r_crown,	r_root,	k_geo
2855962800.0,	86.05497450330715,	1.217930987444324,	0.015,	0.05,	0.2,	0.2,	400
2871741600.0,	86.05497450330715,	1.217930987444324,	0.015000429647309903,	0.0513872008670705,	0.21827694108973117,	0.20217749462641044,	400
2887520400.0,	86.05497450330715,	1.217930987444324,	0.015001358784415627,	0.053489538069955225,	0.2418461776251837,	0.20696236041956775,	400
2903299200.0,	86.05497450330715,	1.217930987444324,	0.015003282416504839,	0.056626194189245374,	0.270657542845809,	0.21682779685694517,	400
2919078000.0,	86.05497450330715,	1.217930987444324,	0.015003571925081269,	0.057585341393485444,	0.2794717379691572,	0.21823240778831757,	400
2934856800.0,	86.05497450330715,	1.217930987444324,	0.01500397895757593,	0.05878030725404399,	0.28987111395199217,	0.22019797325900842,	400
2950635600.0,	86.05497450330715,	1.217930987444324,	0.015004577716785882,	0.06026412489348049,	0.3019213776688369,	0.22306105512614902,	400
