time ,	 x ,	 y ,	r_stem,	h_stem,	r_crown,	r_root,	k_geo
4560073200.0,	38.41121699177691,	8.928970754034403,	0.015,	0.05,	0.2,	0.2,	400
