time ,	 x ,	 y ,	r_stem,	h_stem,	r_crown,	r_root,	k_geo
3692239200.0,	24.28354449895872,	11.811436991451663,	0.015,	0.05,	0.2,	0.2,	400
