time ,	 x ,	 y ,	r_stem,	h_stem,	r_crown,	r_root,	k_geo
2871741600.0,	71.27910618910569,	5.782846272323016,	0.015,	0.05,	0.2,	0.2,	400
