time ,	 x ,	 y ,	r_stem,	h_stem,	r_crown,	r_root,	k_geo
1640995200.0,	17.91157937906146,	3.2307515145991865,	0.015,	0.05,	0.2,	0.2,	400
1656774000.0,	17.91157937906146,	3.2307515145991865,	0.015001065003126878,	0.05033785467129755,	0.20026696663302607,	0.20539749874765767,	400
1672552800.0,	17.91157937906146,	3.2307515145991865,	0.015002129592350892,	0.05066574392768652,	0.20054063150576346,	0.21056362373416443,	400
1688331600.0,	17.91157937906146,	3.2307515145991865,	0.015003686534993182,	0.051134422863865124,	0.20099169010475992,	0.21780914348334848,	400
1704110400.0,	17.91157937906146,	3.2307515145991865,	0.015005851064620006,	0.05176489227593564,	0.2017130284466819,	0.22730287172571445,	400
