time ,	 x ,	 y ,	r_stem,	h_stem,	r_crown,	r_root,	k_geo
3487114800.0,	86.97409089125136,	8.577824306598158,	0.015,	0.05,	0.2,	0.2,	400
