time ,	 x ,	 y ,	r_stem,	h_stem,	r_crown,	r_root,	k_geo
4134045600.0,	48.380961169034876,	10.394736185888078,	0.015,	0.05,	0.2,	0.2,	400
