time ,	 x ,	 y ,	r_stem,	h_stem,	r_crown,	r_root,	k_geo
4070930400.0,	72.69475342511959,	0.6700157869665085,	0.015,	0.05,	0.2,	0.2,	400
