time ,	 x ,	 y ,	r_stem,	h_stem,	r_crown,	r_root,	k_geo
1877677200.0,	47.699312234411316,	1.4858224175664447,	0.015,	0.05,	0.2,	0.2,	400
