time ,	 x ,	 y ,	r_stem,	h_stem,	r_crown,	r_root,	k_geo
3218875200.0,	82.56256595337564,	10.620540211363199,	0.015,	0.05,	0.2,	0.2,	400
3234654000.0,	82.56256595337564,	10.620540211363199,	0.015011052421592725,	0.0559890163528462,	0.23894044041827175,	0.25600757723726375,	400
