time ,	 x ,	 y ,	r_stem,	h_stem,	r_crown,	r_root,	k_geo
1309640400.0,	98.85606079369661,	3.3816796061361676,	0.015,	0.05,	0.2,	0.2,	400
1325419200.0,	98.85606079369661,	3.3816796061361676,	0.015006884679179966,	0.056640782982156836,	0.26652781441573115,	0.2348895115319512,	400
1341198000.0,	98.85606079369661,	3.3816796061361676,	0.015030206995694321,	0.06931352131014977,	0.32952645250012236,	0.3295036371870426,	400
1356976800.0,	98.85606079369661,	3.3816796061361676,	0.015087069018221582,	0.08836838689667272,	0.44307849592741255,	0.4086105459492609,	400
1372755600.0,	98.85606079369661,	3.3816796061361676,	0.015190228242672632,	0.10601124643431985,	0.5373354678772184,	0.4482621709683635,	400
1388534400.0,	98.85606079369661,	3.3816796061361676,	0.015523641820789297,	0.12758036934790776,	0.6209264336936212,	0.505697042460153,	400
