time ,	 x ,	 y ,	r_stem,	h_stem,	r_crown,	r_root,	k_geo
2414156400.0,	77.33504200051914,	8.563482512486665,	0.015,	0.05,	0.2,	0.2,	400
