time ,	 x ,	 y ,	r_stem,	h_stem,	r_crown,	r_root,	k_geo
347133600.0,	91.13510861576032,	11.912886029912604,	0.015,	0.05,	0.2,	0.2,	400
