time ,	 x ,	 y ,	r_stem,	h_stem,	r_crown,	r_root,	k_geo
3297769200.0,	5.988019297757663,	2.8202756058267964,	0.015,	0.05,	0.2,	0.2,	400
