time ,	 x ,	 y ,	r_stem,	h_stem,	r_crown,	r_root,	k_geo
1183410000.0,	50.46290585529084,	9.024329316056354,	0.015,	0.05,	0.2,	0.2,	400
