time ,	 x ,	 y ,	r_stem,	h_stem,	r_crown,	r_root,	k_geo
1656774000.0,	76.09336026391509,	2.7191726831550955,	0.015,	0.05,	0.2,	0.2,	400
