time ,	 x ,	 y ,	r_stem,	h_stem,	r_crown,	r_root,	k_geo
2777068800.0,	43.75308590878024,	1.9375570228953753,	0.015,	0.05,	0.2,	0.2,	400
