time ,	 x ,	 y ,	r_stem,	h_stem,	r_crown,	r_root,	k_geo
4118266800.0,	75.28794380133485,	11.4928853550001,	0.015,	0.05,	0.2,	0.2,	400
