time ,	 x ,	 y ,	r_stem,	h_stem,	r_crown,	r_root,	k_geo
1830340800.0,	26.13227437648513,	5.245290020556645,	0.015,	0.05,	0.2,	0.2,	400
