time ,	 x ,	 y ,	r_stem,	h_stem,	r_crown,	r_root,	k_geo
4481179200.0,	66.72910102022428,	13.472766566915059,	0.015,	0.05,	0.2,	0.2,	400
