time ,	 x ,	 y ,	r_stem,	h_stem,	r_crown,	r_root,	k_geo
2903299200.0,	94.07958717154486,	10.835368119590193,	0.015,	0.05,	0.2,	0.2,	400
