time ,	 x ,	 y ,	r_stem,	h_stem,	r_crown,	r_root,	k_geo
4528515600.0,	10.275753199771287,	5.288032935267424,	0.015,	0.05,	0.2,	0.2,	400
