time ,	 x ,	 y ,	r_stem,	h_stem,	r_crown,	r_root,	k_geo
3992036400.0,	73.71908710662062,	1.2494083504362057,	0.015,	0.05,	0.2,	0.2,	400
