time ,	 x ,	 y ,	r_stem,	h_stem,	r_crown,	r_root,	k_geo
1325419200.0,	61.125901673118385,	11.39691397605047,	0.015,	0.05,	0.2,	0.2,	400
