time ,	 x ,	 y ,	r_stem,	h_stem,	r_crown,	r_root,	k_geo
2997972000.0,	17.896175601806686,	2.370995386795134,	0.015,	0.05,	0.2,	0.2,	400
3013750800.0,	17.896175601806686,	2.370995386795134,	0.015000081929696311,	0.050025730798725965,	0.20001671156362688,	0.2004152294624666,	400
