time ,	 x ,	 y ,	r_stem,	h_stem,	r_crown,	r_root,	k_geo
1072958400.0,	70.46044411731374,	3.0433311497179583,	0.015,	0.05,	0.2,	0.2,	400
