time ,	 x ,	 y ,	r_stem,	h_stem,	r_crown,	r_root,	k_geo
788940000.0,	87.45801221363601,	6.543610977338343,	0.015,	0.05,	0.2,	0.2,	400
