time ,	 x ,	 y ,	r_stem,	h_stem,	r_crown,	r_root,	k_geo
3250432800.0,	81.57451196438227,	0.8356836629671677,	0.015,	0.05,	0.2,	0.2,	400
