time ,	 x ,	 y ,	r_stem,	h_stem,	r_crown,	r_root,	k_geo
1719889200.0,	54.93346771304305,	7.717631456866601,	0.015,	0.05,	0.2,	0.2,	400
