time ,	 x ,	 y ,	r_stem,	h_stem,	r_crown,	r_root,	k_geo
4418064000.0,	86.27243340426699,	2.095789082052945,	0.015,	0.05,	0.2,	0.2,	400
