time ,	 x ,	 y ,	r_stem,	h_stem,	r_crown,	r_root,	k_geo
883612800.0,	80.97103036743455,	14.5302997998337,	0.015,	0.05,	0.2,	0.2,	400
