time ,	 x ,	 y ,	r_stem,	h_stem,	r_crown,	r_root,	k_geo
1372755600.0,	20.0420564325303,	13.30677364984903,	0.015,	0.05,	0.2,	0.2,	400
1388534400.0,	20.0420564325303,	13.30677364984903,	0.015000118429488786,	0.05003720664271347,	0.20002434420164505,	0.20060021449533597,	400
