time ,	 x ,	 y ,	r_stem,	h_stem,	r_crown,	r_root,	k_geo
1214967600.0,	51.373567778789834,	0.6078929527220112,	0.015,	0.05,	0.2,	0.2,	400
