time ,	 x ,	 y ,	r_stem,	h_stem,	r_crown,	r_root,	k_geo
1341198000.0,	88.51906216791411,	2.0863749894918397,	0.015,	0.05,	0.2,	0.2,	400
