time ,	 x ,	 y ,	r_stem,	h_stem,	r_crown,	r_root,	k_geo
4481179200.0,	92.8916707482538,	3.407961286760865,	0.015,	0.05,	0.2,	0.2,	400
