time ,	 x ,	 y ,	r_stem,	h_stem,	r_crown,	r_root,	k_geo
820497600.0,	52.70535709886018,	8.112550097697314,	0.015,	0.05,	0.2,	0.2,	400
