time ,	 x ,	 y ,	r_stem,	h_stem,	r_crown,	r_root,	k_geo
3850027200.0,	54.60818976757243,	13.234405804236157,	0.015,	0.05,	0.2,	0.2,	400
