time ,	 x ,	 y ,	r_stem,	h_stem,	r_crown,	r_root,	k_geo
1246525200.0,	10.16024501922982,	12.759128937301348,	0.015,	0.05,	0.2,	0.2,	400
