time ,	 x ,	 y ,	r_stem,	h_stem,	r_crown,	r_root,	k_geo
1025622000.0,	74.20163525120567,	9.130896939412755,	0.015,	0.05,	0.2,	0.2,	400
