time ,	 x ,	 y ,	r_stem,	h_stem,	r_crown,	r_root,	k_geo
1151852400.0,	60.81551472302469,	5.96369273977043,	0.015,	0.05,	0.2,	0.2,	400
1167631200.0,	60.81551472302469,	5.96369273977043,	0.015001461338258679,	0.05138701007054289,	0.21378088756499652,	0.20740611320402577,	400
1183410000.0,	60.81551472302469,	5.96369273977043,	0.01500351105182554,	0.05318599791747106,	0.22976068097630623,	0.21742733688670737,	400
1199188800.0,	60.81551472302469,	5.96369273977043,	0.015006643588282229,	0.055483865075119,	0.2469082496544613,	0.23181835752260058,	400
1214967600.0,	60.81551472302469,	5.96369273977043,	0.015010957693622453,	0.0582874714000435,	0.2655501701790156,	0.24955035054989677,	400
