time ,	 x ,	 y ,	r_stem,	h_stem,	r_crown,	r_root,	k_geo
2997972000.0,	74.39374445778418,	4.067060432884314,	0.015,	0.05,	0.2,	0.2,	400
