time ,	 x ,	 y ,	r_stem,	h_stem,	r_crown,	r_root,	k_geo
3629124000.0,	94.06830846889481,	11.611408494684808,	0.015,	0.05,	0.2,	0.2,	400
