time ,	 x ,	 y ,	r_stem,	h_stem,	r_crown,	r_root,	k_geo
694267200.0,	9.441906540634537,	10.716329846950297,	0.015,	0.05,	0.2,	0.2,	400
