time ,	 x ,	 y ,	r_stem,	h_stem,	r_crown,	r_root,	k_geo
678488400.0,	52.87545500623114,	9.61551321360409,	0.015,	0.05,	0.2,	0.2,	400
