time ,	 x ,	 y ,	r_stem,	h_stem,	r_crown,	r_root,	k_geo
1041400800.0,	88.74827512461076,	0.9791469713246925,	0.015,	0.05,	0.2,	0.2,	400
