time ,	 x ,	 y ,	r_stem,	h_stem,	r_crown,	r_root,	k_geo
3581787600.0,	93.11345956619891,	10.898689537717702,	0.015,	0.05,	0.2,	0.2,	400
