time ,	 x ,	 y ,	r_stem,	h_stem,	r_crown,	r_root,	k_geo
2666617200.0,	90.79065002186907,	9.428638339796013,	0.015,	0.05,	0.2,	0.2,	400
