time ,	 x ,	 y ,	r_stem,	h_stem,	r_crown,	r_root,	k_geo
568036800.0,	70.58057914315388,	8.448817089451715,	0.015,	0.05,	0.2,	0.2,	400
