time ,	 x ,	 y ,	r_stem,	h_stem,	r_crown,	r_root,	k_geo
4496958000.0,	94.09796344731521,	14.76943648309046,	0.015,	0.05,	0.2,	0.2,	400
4512736800.0,	94.09796344731521,	14.76943648309046,	0.01500819534433594,	0.05663962315412818,	0.26081528044469704,	0.2415309170016875,	400
4528515600.0,	94.09796344731521,	14.76943648309046,	0.015013361858746568,	0.06302879722851823,	0.31695437408324595,	0.2610956072595671,	400
