time ,	 x ,	 y ,	r_stem,	h_stem,	r_crown,	r_root,	k_geo
4339170000.0,	49.282526414406334,	9.832680677055436,	0.015,	0.05,	0.2,	0.2,	400
