time ,	 x ,	 y ,	r_stem,	h_stem,	r_crown,	r_root,	k_geo
3597566400.0,	19.5341323583493,	11.210793677075275,	0.015,	0.05,	0.2,	0.2,	400
