time ,	 x ,	 y ,	r_stem,	h_stem,	r_crown,	r_root,	k_geo
2887520400.0,	60.068446581483514,	11.467235861597608,	0.015,	0.05,	0.2,	0.2,	400
