time ,	 x ,	 y ,	r_stem,	h_stem,	r_crown,	r_root,	k_geo
1704110400.0,	41.49478899352275,	6.134905760688679,	0.015,	0.05,	0.2,	0.2,	400
1719889200.0,	41.49478899352275,	6.134905760688679,	0.015001868583454843,	0.050992808864661544,	0.2062806581339635,	0.20946999953377354,	400
1735668000.0,	41.49478899352275,	6.134905760688679,	0.015003898038856838,	0.0520409051499791,	0.2128334939615098,	0.21909708533068273,	400
