time ,	 x ,	 y ,	r_stem,	h_stem,	r_crown,	r_root,	k_geo
410248800.0,	70.28756482884053,	5.972585760957943,	0.015,	0.05,	0.2,	0.2,	400
