time ,	 x ,	 y ,	r_stem,	h_stem,	r_crown,	r_root,	k_geo
1167631200.0,	6.60461259674936,	2.853341791042834,	0.015,	0.05,	0.2,	0.2,	400
