time ,	 x ,	 y ,	r_stem,	h_stem,	r_crown,	r_root,	k_geo
3439778400.0,	41.821652783142994,	4.640874354553406,	0.015,	0.05,	0.2,	0.2,	400
