time ,	 x ,	 y ,	r_stem,	h_stem,	r_crown,	r_root,	k_geo
1577880000.0,	67.73270109736985,	6.701855126606658,	0.015,	0.05,	0.2,	0.2,	400
1593658800.0,	67.73270109736985,	6.701855126606658,	0.01500983649264659,	0.05415176357509551,	0.21751242878046143,	0.24984665123643074,	400
1609437600.0,	67.73270109736985,	6.701855126606658,	0.015024797736409586,	0.06041592095530858,	0.2592603211827922,	0.30049967191502913,	400
1625216400.0,	67.73270109736985,	6.701855126606658,	0.015034831762512172,	0.06626737530892916,	0.31296725366695666,	0.32122036211763694,	400
