time ,	 x ,	 y ,	r_stem,	h_stem,	r_crown,	r_root,	k_geo
4496958000.0,	96.2219704173239,	7.3646913004314225,	0.015,	0.05,	0.2,	0.2,	400
