time ,	 x ,	 y ,	r_stem,	h_stem,	r_crown,	r_root,	k_geo
2919078000.0,	43.15345688033014,	6.697703697934287,	0.015,	0.05,	0.2,	0.2,	400
