time ,	 x ,	 y ,	r_stem,	h_stem,	r_crown,	r_root,	k_geo
1104516000.0,	18.155175346097707,	1.6588956270433997,	0.015,	0.05,	0.2,	0.2,	400
1120294800.0,	18.155175346097707,	1.6588956270433997,	0.015000125260191942,	0.050039355156220065,	0.2000257855983963,	0.20063483324524223,	400
