time ,	 x ,	 y ,	r_stem,	h_stem,	r_crown,	r_root,	k_geo
142009200.0,	88.86658380970773,	6.882016589837467,	0.015,	0.05,	0.2,	0.2,	400
157788000.0,	88.86658380970773,	6.882016589837467,	0.015005935627589718,	0.05664162300241355,	0.270664529209561,	0.23008034401807811,	400
173566800.0,	88.86658380970773,	6.882016589837467,	0.0150295557367465,	0.07029587240690972,	0.337645952778464,	0.33083877800102157,	400
189345600.0,	88.86658380970773,	6.882016589837467,	0.015051152210907361,	0.08329413680755196,	0.43368819734398545,	0.3601001191307136,	400
205124400.0,	88.86658380970773,	6.882016589837467,	0.015064656094560243,	0.09196023578178501,	0.4859660206833806,	0.37077873408225615,	400
