time ,	 x ,	 y ,	r_stem,	h_stem,	r_crown,	r_root,	k_geo
2666617200.0,	99.5083331872187,	3.809763709441722,	0.015,	0.05,	0.2,	0.2,	400
