time ,	 x ,	 y ,	r_stem,	h_stem,	r_crown,	r_root,	k_geo
4055151600.0,	39.17532029605353,	1.1549137982107576,	0.015,	0.05,	0.2,	0.2,	400
