time ,	 x ,	 y ,	r_stem,	h_stem,	r_crown,	r_root,	k_geo
2761290000.0,	36.7530538900941,	11.8549905782451,	0.015,	0.05,	0.2,	0.2,	400
