time ,	 x ,	 y ,	r_stem,	h_stem,	r_crown,	r_root,	k_geo
978285600.0,	4.699442970574797,	11.109700119920173,	0.015,	0.05,	0.2,	0.2,	400
994064400.0,	4.699442970574797,	11.109700119920173,	0.015002089457419012,	0.05067121677018025,	0.20064667651593282,	0.21058936277259616,	400
1009843200.0,	4.699442970574797,	11.109700119920173,	0.015005119031951257,	0.05160257329509487,	0.20181060575201154,	0.2246873670384464,	400
1025622000.0,	4.699442970574797,	11.109700119920173,	0.015009777416988451,	0.052964805430445544,	0.20425904459404,	0.24399856966961575,	400
1041400800.0,	4.699442970574797,	11.109700119920173,	0.015016507044586935,	0.05480283797220652,	0.20906930630713402,	0.2677030443773953,	400
1057179600.0,	4.699442970574797,	11.109700119920173,	0.015026116508623255,	0.05722228662614421,	0.2180513004265814,	0.29515535330193843,	400
