time ,	 x ,	 y ,	r_stem,	h_stem,	r_crown,	r_root,	k_geo
1688331600.0,	60.19290306081805,	1.2604538400814351,	0.015,	0.05,	0.2,	0.2,	400
