time ,	 x ,	 y ,	r_stem,	h_stem,	r_crown,	r_root,	k_geo
173566800.0,	86.62388819349816,	8.673821085190697,	0.015,	0.05,	0.2,	0.2,	400
