time ,	 x ,	 y ,	r_stem,	h_stem,	r_crown,	r_root,	k_geo
126230400.0,	28.04804961807609,	13.849984763937195,	0.015,	0.05,	0.2,	0.2,	400
142009200.0,	28.04804961807609,	13.849984763937195,	0.015002028993926287,	0.05138690510750996,	0.21130719056419028,	0.21028294150489713,	400
157788000.0,	28.04804961807609,	13.849984763937195,	0.015004632724510992,	0.05302497805143652,	0.22338330775397372,	0.2226558137841767,	400
