time ,	 x ,	 y ,	r_stem,	h_stem,	r_crown,	r_root,	k_geo
2682396000.0,	2.58449735786197,	10.579884473310992,	0.015,	0.05,	0.2,	0.2,	400
