time ,	 x ,	 y ,	r_stem,	h_stem,	r_crown,	r_root,	k_geo
804718800.0,	28.251989354318496,	9.101247596022136,	0.015,	0.05,	0.2,	0.2,	400
