time ,	 x ,	 y ,	r_stem,	h_stem,	r_crown,	r_root,	k_geo
2635059600.0,	12.835422581067679,	7.94214563867428,	0.015,	0.05,	0.2,	0.2,	400
