time ,	 x ,	 y ,	r_stem,	h_stem,	r_crown,	r_root,	k_geo
2414156400.0,	85.81273966161412,	4.964171686400614,	0.015,	0.05,	0.2,	0.2,	400
