time ,	 x ,	 y ,	r_stem,	h_stem,	r_crown,	r_root,	k_geo
2429935200.0,	58.52802646325542,	2.997340589377707,	0.015,	0.05,	0.2,	0.2,	400
