time ,	 x ,	 y ,	r_stem,	h_stem,	r_crown,	r_root,	k_geo
1593658800.0,	24.969261299134406,	6.692194931556304,	0.015,	0.05,	0.2,	0.2,	400
