time ,	 x ,	 y ,	r_stem,	h_stem,	r_crown,	r_root,	k_geo
4291833600.0,	21.70622987437063,	3.118604681783663,	0.015,	0.05,	0.2,	0.2,	400
