time ,	 x ,	 y ,	r_stem,	h_stem,	r_crown,	r_root,	k_geo
1262304000.0,	48.40024517370484,	14.808829615949303,	0.015,	0.05,	0.2,	0.2,	400
