time ,	 x ,	 y ,	r_stem,	h_stem,	r_crown,	r_root,	k_geo
1625216400.0,	95.19175333553966,	11.948795737994551,	0.015,	0.05,	0.2,	0.2,	400
