time ,	 x ,	 y ,	r_stem,	h_stem,	r_crown,	r_root,	k_geo
252460800.0,	61.05629945435286,	4.309331409585495,	0.015,	0.05,	0.2,	0.2,	400
