time ,	 x ,	 y ,	r_stem,	h_stem,	r_crown,	r_root,	k_geo
962506800.0,	68.63661310049962,	6.142939218149387,	0.015,	0.05,	0.2,	0.2,	400
