time ,	 x ,	 y ,	r_stem,	h_stem,	r_crown,	r_root,	k_geo
3550230000.0,	58.99292645390168,	0.9694836624680109,	0.015,	0.05,	0.2,	0.2,	400
3566008800.0,	58.99292645390168,	0.9694836624680109,	0.015007092845786368,	0.05255065296765392,	0.20617267400280223,	0.23594434786822518,	400
3581787600.0,	58.99292645390168,	0.9694836624680109,	0.015018089363183369,	0.056373729583867695,	0.22376257961839333,	0.2775843871814771,	400
3597566400.0,	58.99292645390168,	0.9694836624680109,	0.015035153872974093,	0.06168551784670201,	0.25560607476897335,	0.32224442544146625,	400
