time ,	 x ,	 y ,	r_stem,	h_stem,	r_crown,	r_root,	k_geo
4370727600.0,	56.19458266083378,	6.727255214047056,	0.015,	0.05,	0.2,	0.2,	400
4386506400.0,	56.19458266083378,	6.727255214047056,	0.01500586843553536,	0.05202937846737963,	0.2039255981753921,	0.2297398548280557,	400
4402285200.0,	56.19458266083378,	6.727255214047056,	0.015015240423781762,	0.05513398080901499,	0.2153520855743596,	0.2670686902382665,	400
4418064000.0,	56.19458266083378,	6.727255214047056,	0.015015831949340542,	0.05582389489334051,	0.22415564675262115,	0.2687745167116326,	400
4433842800.0,	56.19458266083378,	6.727255214047056,	0.01501669620336864,	0.05680565527652942,	0.23597202168535794,	0.2712377533763989,	400
