time ,	 x ,	 y ,	r_stem,	h_stem,	r_crown,	r_root,	k_geo
331354800.0,	36.8805479831128,	2.548860256710709,	0.015,	0.05,	0.2,	0.2,	400
