time ,	 x ,	 y ,	r_stem,	h_stem,	r_crown,	r_root,	k_geo
1167631200.0,	84.69539174273454,	8.094008739733672,	0.015,	0.05,	0.2,	0.2,	400
1183410000.0,	84.69539174273454,	8.094008739733672,	0.015000463988140875,	0.05138719451559017,	0.21812728123188618,	0.2023515363456939,	400
