time ,	 x ,	 y ,	r_stem,	h_stem,	r_crown,	r_root,	k_geo
2682396000.0,	76.78572550314904,	0.6702529930698298,	0.015,	0.05,	0.2,	0.2,	400
