time ,	 x ,	 y ,	r_stem,	h_stem,	r_crown,	r_root,	k_geo
568036800.0,	44.35486353387053,	5.585716779848645,	0.015,	0.05,	0.2,	0.2,	400
