time ,	 x ,	 y ,	r_stem,	h_stem,	r_crown,	r_root,	k_geo
1483207200.0,	24.63611351367767,	14.162778806352547,	0.015,	0.05,	0.2,	0.2,	400
