time ,	 x ,	 y ,	r_stem,	h_stem,	r_crown,	r_root,	k_geo
315576000.0,	62.49830521172587,	4.193377140359287,	0.015,	0.05,	0.2,	0.2,	400
