time ,	 x ,	 y ,	r_stem,	h_stem,	r_crown,	r_root,	k_geo
1783004400.0,	88.79233703311404,	9.95193957629737,	0.015,	0.05,	0.2,	0.2,	400
