time ,	 x ,	 y ,	r_stem,	h_stem,	r_crown,	r_root,	k_geo
3266211600.0,	65.74426788279614,	9.28214852498161,	0.015,	0.05,	0.2,	0.2,	400
