time ,	 x ,	 y ,	r_stem,	h_stem,	r_crown,	r_root,	k_geo
3345105600.0,	28.16710375269553,	3.2298945963692622,	0.015,	0.05,	0.2,	0.2,	400
