time ,	 x ,	 y ,	r_stem,	h_stem,	r_crown,	r_root,	k_geo
3329326800.0,	7.685552879325497,	10.406349449795874,	0.015,	0.05,	0.2,	0.2,	400
