time ,	 x ,	 y ,	r_stem,	h_stem,	r_crown,	r_root,	k_geo
962506800.0,	85.93337568706305,	7.317812359699111,	0.015,	0.05,	0.2,	0.2,	400
