time ,	 x ,	 y ,	r_stem,	h_stem,	r_crown,	r_root,	k_geo
899391600.0,	51.898299109259646,	5.2660836111105,	0.015,	0.05,	0.2,	0.2,	400
