time ,	 x ,	 y ,	r_stem,	h_stem,	r_crown,	r_root,	k_geo
3171538800.0,	95.26714927725658,	0.25336722214141905,	0.015,	0.05,	0.2,	0.2,	400
