time ,	 x ,	 y ,	r_stem,	h_stem,	r_crown,	r_root,	k_geo
2161695600.0,	66.12589576138622,	5.7496736326933116,	0.015,	0.05,	0.2,	0.2,	400
