time ,	 x ,	 y ,	r_stem,	h_stem,	r_crown,	r_root,	k_geo
3692239200.0,	88.1804515012482,	9.06186132398225,	0.015,	0.05,	0.2,	0.2,	400
