time ,	 x ,	 y ,	r_stem,	h_stem,	r_crown,	r_root,	k_geo
4544294400.0,	93.62087785693288,	6.376844577718269,	0.015,	0.05,	0.2,	0.2,	400
