time ,	 x ,	 y ,	r_stem,	h_stem,	r_crown,	r_root,	k_geo
615373200.0,	95.71031111295707,	9.459940590895844,	0.015,	0.05,	0.2,	0.2,	400
