time ,	 x ,	 y ,	r_stem,	h_stem,	r_crown,	r_root,	k_geo
4197160800.0,	56.22194238747371,	4.087369452712811,	0.015,	0.05,	0.2,	0.2,	400
