time ,	 x ,	 y ,	r_stem,	h_stem,	r_crown,	r_root,	k_geo
3029529600.0,	17.8990063107231,	8.92531615662564,	0.015,	0.05,	0.2,	0.2,	400
