time ,	 x ,	 y ,	r_stem,	h_stem,	r_crown,	r_root,	k_geo
2461492800.0,	89.06362712203921,	10.359925681305498,	0.015,	0.05,	0.2,	0.2,	400
