time ,	 x ,	 y ,	r_stem,	h_stem,	r_crown,	r_root,	k_geo
1656774000.0,	42.353503568474885,	12.128419837305971,	0.015,	0.05,	0.2,	0.2,	400
