time ,	 x ,	 y ,	r_stem,	h_stem,	r_crown,	r_root,	k_geo
362912400.0,	5.113248202549736,	3.244767989774444,	0.015,	0.05,	0.2,	0.2,	400
