time ,	 x ,	 y ,	r_stem,	h_stem,	r_crown,	r_root,	k_geo
2934856800.0,	89.6911330730192,	12.024979025714831,	0.015,	0.05,	0.2,	0.2,	400
