time ,	 x ,	 y ,	r_stem,	h_stem,	r_crown,	r_root,	k_geo
4244497200.0,	52.37596235311285,	6.7623520294081265,	0.015,	0.05,	0.2,	0.2,	400
