time ,	 x ,	 y ,	r_stem,	h_stem,	r_crown,	r_root,	k_geo
710046000.0,	38.51321485887974,	13.970039803323395,	0.015,	0.05,	0.2,	0.2,	400
