time ,	 x ,	 y ,	r_stem,	h_stem,	r_crown,	r_root,	k_geo
1846119600.0,	36.90234548631488,	7.491376111016217,	0.015,	0.05,	0.2,	0.2,	400
