time ,	 x ,	 y ,	r_stem,	h_stem,	r_crown,	r_root,	k_geo
4181382000.0,	73.22864256267684,	12.559855840324213,	0.015,	0.05,	0.2,	0.2,	400
