time ,	 x ,	 y ,	r_stem,	h_stem,	r_crown,	r_root,	k_geo
583815600.0,	57.62487734746323,	0.16865332881346562,	0.015,	0.05,	0.2,	0.2,	400
