time ,	 x ,	 y ,	r_stem,	h_stem,	r_crown,	r_root,	k_geo
378691200.0,	96.73508889300668,	8.45865523864512,	0.015,	0.05,	0.2,	0.2,	400
