time ,	 x ,	 y ,	r_stem,	h_stem,	r_crown,	r_root,	k_geo
4575852000.0,	74.16826069377153,	11.63336962418677,	0.015,	0.05,	0.2,	0.2,	400
