time ,	 x ,	 y ,	r_stem,	h_stem,	r_crown,	r_root,	k_geo
3029529600.0,	45.098991483837516,	0.8298699155691097,	0.015,	0.05,	0.2,	0.2,	400
