time ,	 x ,	 y ,	r_stem,	h_stem,	r_crown,	r_root,	k_geo
4496958000.0,	52.81432126393321,	14.210868063309064,	0.015,	0.05,	0.2,	0.2,	400
