time ,	 x ,	 y ,	r_stem,	h_stem,	r_crown,	r_root,	k_geo
2508829200.0,	87.55683316985333,	0.30016041820258355,	0.015,	0.05,	0.2,	0.2,	400
