time ,	 x ,	 y ,	r_stem,	h_stem,	r_crown,	r_root,	k_geo
1325419200.0,	83.7560771987128,	7.092665178710752,	0.015,	0.05,	0.2,	0.2,	400
