time ,	 x ,	 y ,	r_stem,	h_stem,	r_crown,	r_root,	k_geo
441806400.0,	55.33033102742551,	14.316140255961951,	0.015,	0.05,	0.2,	0.2,	400
