time ,	 x ,	 y ,	r_stem,	h_stem,	r_crown,	r_root,	k_geo
1751446800.0,	60.27976795168111,	10.179591696889256,	0.015,	0.05,	0.2,	0.2,	400
