time ,	 x ,	 y ,	r_stem,	h_stem,	r_crown,	r_root,	k_geo
3566008800.0,	46.504890780644295,	2.543293898635726,	0.015,	0.05,	0.2,	0.2,	400
