time ,	 x ,	 y ,	r_stem,	h_stem,	r_crown,	r_root,	k_geo
457585200.0,	55.72661660120101,	11.962165518672334,	0.015,	0.05,	0.2,	0.2,	400
