time ,	 x ,	 y ,	r_stem,	h_stem,	r_crown,	r_root,	k_geo
3281990400.0,	1.655694072189251,	5.248390764234076,	0.015,	0.05,	0.2,	0.2,	400
