time ,	 x ,	 y ,	r_stem,	h_stem,	r_crown,	r_root,	k_geo
3124202400.0,	6.353499850669875,	5.0647142154088245,	0.015,	0.05,	0.2,	0.2,	400
