time ,	 x ,	 y ,	r_stem,	h_stem,	r_crown,	r_root,	k_geo
1325419200.0,	75.60039152361703,	3.6927246161613088,	0.015,	0.05,	0.2,	0.2,	400
