time ,	 x ,	 y ,	r_stem,	h_stem,	r_crown,	r_root,	k_geo
1577880000.0,	97.85796327249831,	0.1950705800343555,	0.015,	0.05,	0.2,	0.2,	400
