time ,	 x ,	 y ,	r_stem,	h_stem,	r_crown,	r_root,	k_geo
1356976800.0,	83.17468460186521,	5.1518577273695385,	0.015,	0.05,	0.2,	0.2,	400
