time ,	 x ,	 y ,	r_stem,	h_stem,	r_crown,	r_root,	k_geo
2745511200.0,	22.242860485915926,	4.448007336435047,	0.015,	0.05,	0.2,	0.2,	400
2761290000.0,	22.242860485915926,	4.448007336435047,	0.01500014768206033,	0.05006124399609499,	0.20024600917309376,	0.20074846968394602,	400
