time ,	 x ,	 y ,	r_stem,	h_stem,	r_crown,	r_root,	k_geo
1388534400.0,	70.33777362255233,	10.240330052916365,	0.015,	0.05,	0.2,	0.2,	400
