time ,	 x ,	 y ,	r_stem,	h_stem,	r_crown,	r_root,	k_geo
3692239200.0,	77.28186037092632,	5.615182399000736,	0.015,	0.05,	0.2,	0.2,	400
3708018000.0,	77.28186037092632,	5.615182399000736,	0.015010759350327404,	0.05519591016219456,	0.2286817761838035,	0.2545226465004801,	400
