time ,	 x ,	 y ,	r_stem,	h_stem,	r_crown,	r_root,	k_geo
2114359200.0,	0.976465886031308,	0.15139637735086697,	0.015,	0.05,	0.2,	0.2,	400
