time ,	 x ,	 y ,	r_stem,	h_stem,	r_crown,	r_root,	k_geo
2635059600.0,	89.76356547873812,	10.38068284283299,	0.015,	0.05,	0.2,	0.2,	400
