time ,	 x ,	 y ,	r_stem,	h_stem,	r_crown,	r_root,	k_geo
536479200.0,	90.66033636529154,	14.547238713532114,	0.015,	0.05,	0.2,	0.2,	400
