time ,	 x ,	 y ,	r_stem,	h_stem,	r_crown,	r_root,	k_geo
1467428400.0,	91.4951892947817,	5.226390453232565,	0.015,	0.05,	0.2,	0.2,	400
