time ,	 x ,	 y ,	r_stem,	h_stem,	r_crown,	r_root,	k_geo
2871741600.0,	61.103914097339576,	13.935179657757274,	0.015,	0.05,	0.2,	0.2,	400
