time ,	 x ,	 y ,	r_stem,	h_stem,	r_crown,	r_root,	k_geo
2666617200.0,	65.47083930224137,	10.406799993820886,	0.015,	0.05,	0.2,	0.2,	400
