time ,	 x ,	 y ,	r_stem,	h_stem,	r_crown,	r_root,	k_geo
741603600.0,	59.82517476657063,	4.784101529951504,	0.015,	0.05,	0.2,	0.2,	400
