time ,	 x ,	 y ,	r_stem,	h_stem,	r_crown,	r_root,	k_geo
4575852000.0,	66.98685201187081,	8.127127687680424,	0.015,	0.05,	0.2,	0.2,	400
4591630800.0,	66.98685201187081,	8.127127687680424,	0.015009645035623659,	0.05399906804778542,	0.2161250085914938,	0.24887655130451894,	400
