time ,	 x ,	 y ,	r_stem,	h_stem,	r_crown,	r_root,	k_geo
1751446800.0,	59.242968520002194,	2.2558940232834575,	0.015,	0.05,	0.2,	0.2,	400
