time ,	 x ,	 y ,	r_stem,	h_stem,	r_crown,	r_root,	k_geo
3865806000.0,	23.952481580202733,	4.858729882952418,	0.015,	0.05,	0.2,	0.2,	400
3881584800.0,	23.952481580202733,	4.858729882952418,	0.015000053366133094,	0.05001675567648134,	0.2000108195699655,	0.20027046601402337,	400
