time ,	 x ,	 y ,	r_stem,	h_stem,	r_crown,	r_root,	k_geo
4465400400.0,	22.65610040840247,	3.0438241042346896,	0.015,	0.05,	0.2,	0.2,	400
