time ,	 x ,	 y ,	r_stem,	h_stem,	r_crown,	r_root,	k_geo
2556165600.0,	87.96029197456274,	6.658630157875701,	0.015,	0.05,	0.2,	0.2,	400
