time ,	 x ,	 y ,	r_stem,	h_stem,	r_crown,	r_root,	k_geo
4070930400.0,	88.02960827564618,	14.538752730824262,	0.015,	0.05,	0.2,	0.2,	400
