time ,	 x ,	 y ,	r_stem,	h_stem,	r_crown,	r_root,	k_geo
4496958000.0,	49.53065338174806,	11.754435270945756,	0.015,	0.05,	0.2,	0.2,	400
