time ,	 x ,	 y ,	r_stem,	h_stem,	r_crown,	r_root,	k_geo
3439778400.0,	22.50049057759529,	4.294461726853659,	0.015,	0.05,	0.2,	0.2,	400
