time ,	 x ,	 y ,	r_stem,	h_stem,	r_crown,	r_root,	k_geo
3566008800.0,	84.49383479935399,	7.974506751435902,	0.015,	0.05,	0.2,	0.2,	400
