time ,	 x ,	 y ,	r_stem,	h_stem,	r_crown,	r_root,	k_geo
1719889200.0,	48.383037928708475,	2.867392952147783,	0.015,	0.05,	0.2,	0.2,	400
1735668000.0,	48.383037928708475,	2.867392952147783,	0.015002165328901395,	0.0513868799001069,	0.21071309014461156,	0.2109738691339873,	400
1751446800.0,	48.383037928708475,	2.867392952147783,	0.015004514878033599,	0.05298701583414204,	0.22343655108249733,	0.22206307436614467,	400
1767225600.0,	48.383037928708475,	2.867392952147783,	0.015007576661978493,	0.05489886860993579,	0.23721348019905208,	0.23545007686153857,	400
1783004400.0,	48.383037928708475,	2.867392952147783,	0.015011554492248606,	0.05714433771316094,	0.2519631345556306,	0.25110881010551167,	400
