time ,	 x ,	 y ,	r_stem,	h_stem,	r_crown,	r_root,	k_geo
1057179600.0,	18.108967107216056,	5.883980243008868,	0.015,	0.05,	0.2,	0.2,	400
