time ,	 x ,	 y ,	r_stem,	h_stem,	r_crown,	r_root,	k_geo
4386506400.0,	72.73993451437224,	9.195676822303211,	0.015,	0.05,	0.2,	0.2,	400
