time ,	 x ,	 y ,	r_stem,	h_stem,	r_crown,	r_root,	k_geo
994064400.0,	75.96353227902276,	13.532702779004476,	0.015,	0.05,	0.2,	0.2,	400
