time ,	 x ,	 y ,	r_stem,	h_stem,	r_crown,	r_root,	k_geo
489142800.0,	55.23446360680294,	14.548432891164282,	0.015,	0.05,	0.2,	0.2,	400
