time ,	 x ,	 y ,	r_stem,	h_stem,	r_crown,	r_root,	k_geo
3029529600.0,	4.892381064352136,	14.28921558534325,	0.015,	0.05,	0.2,	0.2,	400
