time ,	 x ,	 y ,	r_stem,	h_stem,	r_crown,	r_root,	k_geo
4086709200.0,	93.95482507619441,	3.697476994162183,	0.015,	0.05,	0.2,	0.2,	400
