time ,	 x ,	 y ,	r_stem,	h_stem,	r_crown,	r_root,	k_geo
3203096400.0,	53.35853167772468,	10.001524520876746,	0.015,	0.05,	0.2,	0.2,	400
3218875200.0,	53.35853167772468,	10.001524520876746,	0.015004764382298794,	0.051603129539792555,	0.20253765851009187,	0.2241450935423183,	400
3234654000.0,	53.35853167772468,	10.001524520876746,	0.015012385041709571,	0.054031200021505715,	0.20936240379522678,	0.255913555763316,	400
3250432800.0,	53.35853167772468,	10.001524520876746,	0.015023586459689304,	0.057336036154438615,	0.22386202751518505,	0.2915637731802334,	400
3266211600.0,	53.35853167772468,	10.001524520876746,	0.015024059594661533,	0.05785424528389992,	0.23060574705533218,	0.29264327125773315,	400
3281990400.0,	53.35853167772468,	10.001524520876746,	0.015024899360284068,	0.05859797501529803,	0.23951372002965715,	0.294538405697813,	400
3297769200.0,	53.35853167772468,	10.001524520876746,	0.015026083809317652,	0.059650408704880864,	0.25153106613119336,	0.2971579243861388,	400
3313548000.0,	53.35853167772468,	10.001524520876746,	0.015028360617750055,	0.061154081768839665,	0.26637947537197126,	0.3020453752981675,	400
