time ,	 x ,	 y ,	r_stem,	h_stem,	r_crown,	r_root,	k_geo
2319483600.0,	34.674154752236575,	0.5699300338638041,	0.015,	0.05,	0.2,	0.2,	400
