time ,	 x ,	 y ,	r_stem,	h_stem,	r_crown,	r_root,	k_geo
3187317600.0,	65.47307000065972,	2.291969218731137,	0.015,	0.05,	0.2,	0.2,	400
