time ,	 x ,	 y ,	r_stem,	h_stem,	r_crown,	r_root,	k_geo
1498986000.0,	63.667659801358,	8.243942697002282,	0.015,	0.05,	0.2,	0.2,	400
