time ,	 x ,	 y ,	r_stem,	h_stem,	r_crown,	r_root,	k_geo
3739575600.0,	41.602682082494994,	10.065941421489185,	0.015,	0.05,	0.2,	0.2,	400
