time ,	 x ,	 y ,	r_stem,	h_stem,	r_crown,	r_root,	k_geo
4323391200.0,	30.302032420847425,	4.496281657512701,	0.015,	0.05,	0.2,	0.2,	400
