time ,	 x ,	 y ,	r_stem,	h_stem,	r_crown,	r_root,	k_geo
2871741600.0,	83.87962970585345,	9.971546069101517,	0.015,	0.05,	0.2,	0.2,	400
