time ,	 x ,	 y ,	r_stem,	h_stem,	r_crown,	r_root,	k_geo
2635059600.0,	61.17802098204797,	6.76293808251831,	0.015,	0.05,	0.2,	0.2,	400
2650838400.0,	61.17802098204797,	6.76293808251831,	0.015007032631698931,	0.05252344130904291,	0.20603920011361895,	0.23563922739242937,	400
