time ,	 x ,	 y ,	r_stem,	h_stem,	r_crown,	r_root,	k_geo
2871741600.0,	39.04036777218691,	11.333215223189093,	0.015,	0.05,	0.2,	0.2,	400
