time ,	 x ,	 y ,	r_stem,	h_stem,	r_crown,	r_root,	k_geo
3329326800.0,	75.56160231477206,	1.6692173241682555,	0.015,	0.05,	0.2,	0.2,	400
