time ,	 x ,	 y ,	r_stem,	h_stem,	r_crown,	r_root,	k_geo
3944700000.0,	2.8026980191280804,	14.398833579308723,	0.015,	0.05,	0.2,	0.2,	400
