time ,	 x ,	 y ,	r_stem,	h_stem,	r_crown,	r_root,	k_geo
3455557200.0,	21.386746559963733,	13.79818532352169,	0.015,	0.05,	0.2,	0.2,	400
