time ,	 x ,	 y ,	r_stem,	h_stem,	r_crown,	r_root,	k_geo
3203096400.0,	86.25705079827962,	9.7201515945343,	0.015,	0.05,	0.2,	0.2,	400
