time ,	 x ,	 y ,	r_stem,	h_stem,	r_crown,	r_root,	k_geo
2666617200.0,	37.21372600472031,	12.99751786801057,	0.015,	0.05,	0.2,	0.2,	400
2682396000.0,	37.21372600472031,	12.99751786801057,	0.01500109427377121,	0.050506804250807884,	0.20259360901844833,	0.20554584214421515,	400
2698174800.0,	37.21372600472031,	12.99751786801057,	0.015002363479802801,	0.05109749635208261,	0.20575982084099442,	0.21172421204932954,	400
2713953600.0,	37.21372600472031,	12.99751786801057,	0.015003749047965472,	0.05173626097347199,	0.20926092269636773,	0.21816886073703207,	400
2729732400.0,	37.21372600472031,	12.99751786801057,	0.015005744012009879,	0.052719376517823505,	0.21540389202449345,	0.22700817886216393,	400
2745511200.0,	37.21372600472031,	12.99751786801057,	0.01500807190175232,	0.05385705811672432,	0.22264363688555744,	0.2366515573183751,	400
