time ,	 x ,	 y ,	r_stem,	h_stem,	r_crown,	r_root,	k_geo
3029529600.0,	97.40362055557381,	4.006751548961361,	0.015,	0.05,	0.2,	0.2,	400
