time ,	 x ,	 y ,	r_stem,	h_stem,	r_crown,	r_root,	k_geo
3171538800.0,	45.15383325951662,	9.028974275339511,	0.015,	0.05,	0.2,	0.2,	400
