time ,	 x ,	 y ,	r_stem,	h_stem,	r_crown,	r_root,	k_geo
2761290000.0,	79.84765766795734,	9.611535728213669,	0.015,	0.05,	0.2,	0.2,	400
