time ,	 x ,	 y ,	r_stem,	h_stem,	r_crown,	r_root,	k_geo
2792847600.0,	14.429160104736638,	10.658926535154373,	0.015,	0.05,	0.2,	0.2,	400
