time ,	 x ,	 y ,	r_stem,	h_stem,	r_crown,	r_root,	k_geo
2571944400.0,	31.781452650297837,	9.494454900940289,	0.015,	0.05,	0.2,	0.2,	400
