time ,	 x ,	 y ,	r_stem,	h_stem,	r_crown,	r_root,	k_geo
1151852400.0,	41.578222440404474,	7.533612983534776,	0.015,	0.05,	0.2,	0.2,	400
