time ,	 x ,	 y ,	r_stem,	h_stem,	r_crown,	r_root,	k_geo
2729732400.0,	9.124358228023077,	1.5302246176521461,	0.015,	0.05,	0.2,	0.2,	400
