time ,	 x ,	 y ,	r_stem,	h_stem,	r_crown,	r_root,	k_geo
1230746400.0,	22.184458336016277,	6.939431836598868,	0.015,	0.05,	0.2,	0.2,	400
1246525200.0,	22.184458336016277,	6.939431836598868,	0.015000260187354402,	0.05008185283803506,	0.20005511161814207,	0.20131865767762858,	400
1262304000.0,	22.184458336016277,	6.939431836598868,	0.01500045312190643,	0.05014207188792872,	0.2000957114870185,	0.2022861653173738,	400
1278082800.0,	22.184458336016277,	6.939431836598868,	0.015000498732680043,	0.05015621249783159,	0.20010507051661627,	0.20251311569033062,	400
1293861600.0,	22.184458336016277,	6.939431836598868,	0.015000530356553434,	0.05016600319675093,	0.20011154932527508,	0.2026701825423642,	400
1309640400.0,	22.184458336016277,	6.939431836598868,	0.015000666842340025,	0.050208264095315244,	0.2001401576242599,	0.203347210594422,	400
