time ,	 x ,	 y ,	r_stem,	h_stem,	r_crown,	r_root,	k_geo
2240589600.0,	0.07587612469850402,	4.525121861612092,	0.015,	0.05,	0.2,	0.2,	400
