time ,	 x ,	 y ,	r_stem,	h_stem,	r_crown,	r_root,	k_geo
4276054800.0,	29.58962877230309,	2.1703713364361144,	0.015,	0.05,	0.2,	0.2,	400
