time ,	 x ,	 y ,	r_stem,	h_stem,	r_crown,	r_root,	k_geo
2619280800.0,	23.49466909425997,	14.602104679965343,	0.015,	0.05,	0.2,	0.2,	400
