time ,	 x ,	 y ,	r_stem,	h_stem,	r_crown,	r_root,	k_geo
1751446800.0,	74.56030659148192,	0.9562195248120298,	0.015,	0.05,	0.2,	0.2,	400
