time ,	 x ,	 y ,	r_stem,	h_stem,	r_crown,	r_root,	k_geo
1009843200.0,	31.697938173150785,	13.054538504872895,	0.015,	0.05,	0.2,	0.2,	400
