time ,	 x ,	 y ,	r_stem,	h_stem,	r_crown,	r_root,	k_geo
2840184000.0,	88.15081068483796,	9.31946221053924,	0.015,	0.05,	0.2,	0.2,	400
