time ,	 x ,	 y ,	r_stem,	h_stem,	r_crown,	r_root,	k_geo
31557600.0,	72.67848254750172,	2.2678130666747243,	0.015,	0.05,	0.2,	0.2,	400
47336400.0,	72.67848254750172,	2.2678130666747243,	0.015006431729894782,	0.05664118387470135,	0.26850209571856004,	0.23259427703585536,	400
63115200.0,	72.67848254750172,	2.2678130666747243,	0.015029904070900837,	0.06974348156949738,	0.33302134181454646,	0.3301250500458872,	400
78894000.0,	72.67848254750172,	2.2678130666747243,	0.01505571054129595,	0.083644580550826,	0.4340673864356887,	0.3656065052232884,	400
94672800.0,	72.67848254750172,	2.2678130666747243,	0.015186347465769707,	0.10697952001262079,	0.5246683014134215,	0.4609919960628698,	400
110451600.0,	72.67848254750172,	2.2678130666747243,	0.016033647048230758,	0.13534067350033854,	0.6078176225983569,	0.5840052019557634,	400
126230400.0,	72.67848254750172,	2.2678130666747243,	0.016303149261234398,	0.1445762895526364,	0.657369023521574,	0.591393125528516,	400
142009200.0,	72.67848254750172,	2.2678130666747243,	0.01631220920367733,	0.14508537877249983,	0.6600235947842407,	0.5916153232888558,	400
