time ,	 x ,	 y ,	r_stem,	h_stem,	r_crown,	r_root,	k_geo
3755354400.0,	41.327964018157616,	10.342580762807767,	0.015,	0.05,	0.2,	0.2,	400
