time ,	 x ,	 y ,	r_stem,	h_stem,	r_crown,	r_root,	k_geo
1451649600.0,	25.64778008647759,	4.505224509337231,	0.015,	0.05,	0.2,	0.2,	400
1467428400.0,	25.64778008647759,	4.505224509337231,	0.015000115573186727,	0.05003630831086485,	0.20002374269125806,	0.2005857384427254,	400
1483207200.0,	25.64778008647759,	4.505224509337231,	0.015000145901993176,	0.05004579821082599,	0.20002988326593937,	0.2007387269263838,	400
