time ,	 x ,	 y ,	r_stem,	h_stem,	r_crown,	r_root,	k_geo
4575852000.0,	65.52755412107011,	0.7753217368736476,	0.015,	0.05,	0.2,	0.2,	400
