time ,	 x ,	 y ,	r_stem,	h_stem,	r_crown,	r_root,	k_geo
3218875200.0,	61.749632436067714,	14.201436290937817,	0.015,	0.05,	0.2,	0.2,	400
