time ,	 x ,	 y ,	r_stem,	h_stem,	r_crown,	r_root,	k_geo
3392442000.0,	73.40714375641038,	2.6430571840713184,	0.015,	0.05,	0.2,	0.2,	400
