time ,	 x ,	 y ,	r_stem,	h_stem,	r_crown,	r_root,	k_geo
520700400.0,	39.208993202414945,	13.029642906885503,	0.015,	0.05,	0.2,	0.2,	400
