time ,	 x ,	 y ,	r_stem,	h_stem,	r_crown,	r_root,	k_geo
2571944400.0,	92.59595568264,	11.303773087791026,	0.015,	0.05,	0.2,	0.2,	400
