time ,	 x ,	 y ,	r_stem,	h_stem,	r_crown,	r_root,	k_geo
3392442000.0,	68.89069801492609,	6.647059591202595,	0.015,	0.05,	0.2,	0.2,	400
3408220800.0,	68.89069801492609,	6.647059591202595,	0.015001005814510134,	0.051387094308310316,	0.2157660020252674,	0.20509753098086425,	400
