time ,	 x ,	 y ,	r_stem,	h_stem,	r_crown,	r_root,	k_geo
3944700000.0,	6.096255457263977,	11.502858850665888,	0.015,	0.05,	0.2,	0.2,	400
