time ,	 x ,	 y ,	r_stem,	h_stem,	r_crown,	r_root,	k_geo
3992036400.0,	67.85537971914255,	13.757945974662862,	0.015,	0.05,	0.2,	0.2,	400
4007815200.0,	67.85537971914255,	13.757945974662862,	0.015008542079805157,	0.05327977691055344,	0.21046546786218046,	0.24328786062223912,	400
4023594000.0,	67.85537971914255,	13.757945974662862,	0.015021656887269426,	0.058381294762453365,	0.24114490160688487,	0.29007477168864754,	400
