time ,	 x ,	 y ,	r_stem,	h_stem,	r_crown,	r_root,	k_geo
3597566400.0,	71.48754420299046,	13.143171900174083,	0.015,	0.05,	0.2,	0.2,	400
