time ,	 x ,	 y ,	r_stem,	h_stem,	r_crown,	r_root,	k_geo
1151852400.0,	47.542166507050645,	6.143649833325531,	0.015,	0.05,	0.2,	0.2,	400
