time ,	 x ,	 y ,	r_stem,	h_stem,	r_crown,	r_root,	k_geo
3455557200.0,	27.903111185803688,	0.9707125340521455,	0.015,	0.05,	0.2,	0.2,	400
