time ,	 x ,	 y ,	r_stem,	h_stem,	r_crown,	r_root,	k_geo
1783004400.0,	65.22937816508514,	0.9341770266221683,	0.015,	0.05,	0.2,	0.2,	400
