time ,	 x ,	 y ,	r_stem,	h_stem,	r_crown,	r_root,	k_geo
489142800.0,	95.41893284364618,	13.886142136727662,	0.015,	0.05,	0.2,	0.2,	400
