time ,	 x ,	 y ,	r_stem,	h_stem,	r_crown,	r_root,	k_geo
3502893600.0,	54.10749307290027,	10.630831526346762,	0.015,	0.05,	0.2,	0.2,	400
3518672400.0,	54.10749307290027,	10.630831526346762,	0.0150053587917256,	0.05182847064230734,	0.20322443666021234,	0.22715726649462364,	400
3534451200.0,	54.10749307290027,	10.630831526346762,	0.01501388643300431,	0.05459137484844422,	0.21217040959319294,	0.26184538579828553,	400
3550230000.0,	54.10749307290027,	10.630831526346762,	0.01501447382570257,	0.05526783231815588,	0.22080019137335077,	0.26362009016546123,	400
3566008800.0,	54.10749307290027,	10.630831526346762,	0.015015448580642358,	0.05622455539640018,	0.23193940699664303,	0.26653259649365063,	400
3581787600.0,	54.10749307290027,	10.630831526346762,	0.015023610546564373,	0.05974855606735229,	0.2572180115259266,	0.2903835780842276,	400
3597566400.0,	54.10749307290027,	10.630831526346762,	0.015036084546864108,	0.063983046067085,	0.28243494578128636,	0.31910906426715724,	400
3613345200.0,	54.10749307290027,	10.630831526346762,	0.015055043946993139,	0.06875535569599629,	0.3070618316870986,	0.3505106133520898,	400
3629124000.0,	54.10749307290027,	10.630831526346762,	0.015063865225358204,	0.07169225781221045,	0.3294836018692989,	0.360281884280437,	400
