time ,	 x ,	 y ,	r_stem,	h_stem,	r_crown,	r_root,	k_geo
2303704800.0,	39.79730319105084,	10.781638877409039,	0.015,	0.05,	0.2,	0.2,	400
