time ,	 x ,	 y ,	r_stem,	h_stem,	r_crown,	r_root,	k_geo
3013750800.0,	98.85454988936367,	10.17780724992211,	0.015,	0.05,	0.2,	0.2,	400
