time ,	 x ,	 y ,	r_stem,	h_stem,	r_crown,	r_root,	k_geo
552258000.0,	41.09503895663924,	8.314607719372924,	0.015,	0.05,	0.2,	0.2,	400
