time ,	 x ,	 y ,	r_stem,	h_stem,	r_crown,	r_root,	k_geo
2477271600.0,	54.19813671892461,	5.909722613710709,	0.015,	0.05,	0.2,	0.2,	400
