time ,	 x ,	 y ,	r_stem,	h_stem,	r_crown,	r_root,	k_geo
4481179200.0,	97.98748772804488,	0.7087333180009581,	0.015,	0.05,	0.2,	0.2,	400
