time ,	 x ,	 y ,	r_stem,	h_stem,	r_crown,	r_root,	k_geo
1072958400.0,	45.138672446601745,	6.679230374828572,	0.015,	0.05,	0.2,	0.2,	400
