time ,	 x ,	 y ,	r_stem,	h_stem,	r_crown,	r_root,	k_geo
3234654000.0,	29.09150377073646,	9.985181268245652,	0.015,	0.05,	0.2,	0.2,	400
