time ,	 x ,	 y ,	r_stem,	h_stem,	r_crown,	r_root,	k_geo
2745511200.0,	56.78505701211171,	11.466104861830921,	0.015,	0.05,	0.2,	0.2,	400
