time ,	 x ,	 y ,	r_stem,	h_stem,	r_crown,	r_root,	k_geo
2414156400.0,	80.79477927838745,	14.877594872237925,	0.015,	0.05,	0.2,	0.2,	400
2429935200.0,	80.79477927838745,	14.877594872237925,	0.015011036101470516,	0.05590525574113063,	0.2377933941419417,	0.2559248868714495,	400
2445714000.0,	80.79477927838745,	14.877594872237925,	0.015011754248410622,	0.05772374841686013,	0.25953255996140845,	0.2582558781751556,	400
