time ,	 x ,	 y ,	r_stem,	h_stem,	r_crown,	r_root,	k_geo
3944700000.0,	62.61363924613795,	6.00449638714665,	0.015,	0.05,	0.2,	0.2,	400
