time ,	 x ,	 y ,	r_stem,	h_stem,	r_crown,	r_root,	k_geo
4528515600.0,	20.217136402684645,	3.529589489483646,	0.015,	0.05,	0.2,	0.2,	400
