time ,	 x ,	 y ,	r_stem,	h_stem,	r_crown,	r_root,	k_geo
1104516000.0,	11.189396210474378,	10.787234168911182,	0.015,	0.05,	0.2,	0.2,	400
