time ,	 x ,	 y ,	r_stem,	h_stem,	r_crown,	r_root,	k_geo
2114359200.0,	90.92241864262535,	6.027718092117421,	0.015,	0.05,	0.2,	0.2,	400
