time ,	 x ,	 y ,	r_stem,	h_stem,	r_crown,	r_root,	k_geo
804718800.0,	93.0516218684645,	14.59515214562251,	0.015,	0.05,	0.2,	0.2,	400
