time ,	 x ,	 y ,	r_stem,	h_stem,	r_crown,	r_root,	k_geo
820497600.0,	11.644058344424957,	13.195495936747182,	0.015,	0.05,	0.2,	0.2,	400
