time ,	 x ,	 y ,	r_stem,	h_stem,	r_crown,	r_root,	k_geo
2398377600.0,	97.76805511698092,	5.510567826114096,	0.015,	0.05,	0.2,	0.2,	400
2414156400.0,	97.76805511698092,	5.510567826114096,	0.015007261887201306,	0.05664044915375475,	0.26488370837911207,	0.2368009224086367,	400
