time ,	 x ,	 y ,	r_stem,	h_stem,	r_crown,	r_root,	k_geo
1783004400.0,	47.08727055086541,	12.431867450900251,	0.015,	0.05,	0.2,	0.2,	400
