time ,	 x ,	 y ,	r_stem,	h_stem,	r_crown,	r_root,	k_geo
2272147200.0,	95.36356485094994,	11.468818283542573,	0.015,	0.05,	0.2,	0.2,	400
