time ,	 x ,	 y ,	r_stem,	h_stem,	r_crown,	r_root,	k_geo
299797200.0,	70.13025534553124,	13.743453370082237,	0.015,	0.05,	0.2,	0.2,	400
