time ,	 x ,	 y ,	r_stem,	h_stem,	r_crown,	r_root,	k_geo
4575852000.0,	32.495351037022814,	11.434625217966833,	0.015,	0.05,	0.2,	0.2,	400
