time ,	 x ,	 y ,	r_stem,	h_stem,	r_crown,	r_root,	k_geo
3234654000.0,	54.00265797511855,	8.371438438397346,	0.015,	0.05,	0.2,	0.2,	400
