time ,	 x ,	 y ,	r_stem,	h_stem,	r_crown,	r_root,	k_geo
3423999600.0,	6.049897898015077,	9.717950537618522,	0.015,	0.05,	0.2,	0.2,	400
