time ,	 x ,	 y ,	r_stem,	h_stem,	r_crown,	r_root,	k_geo
2556165600.0,	14.723595057410964,	2.692392159951717,	0.015,	0.05,	0.2,	0.2,	400
