time ,	 x ,	 y ,	r_stem,	h_stem,	r_crown,	r_root,	k_geo
1814562000.0,	51.244547546779295,	2.9828115959102854,	0.015,	0.05,	0.2,	0.2,	400
