time ,	 x ,	 y ,	r_stem,	h_stem,	r_crown,	r_root,	k_geo
3455557200.0,	35.45138491212103,	11.23027954992367,	0.015,	0.05,	0.2,	0.2,	400
