time ,	 x ,	 y ,	r_stem,	h_stem,	r_crown,	r_root,	k_geo
3045308400.0,	66.71522810882283,	7.7837127291603645,	0.015,	0.05,	0.2,	0.2,	400
