time ,	 x ,	 y ,	r_stem,	h_stem,	r_crown,	r_root,	k_geo
757382400.0,	93.36066316245746,	5.099707176550568,	0.015,	0.05,	0.2,	0.2,	400
