time ,	 x ,	 y ,	r_stem,	h_stem,	r_crown,	r_root,	k_geo
1467428400.0,	70.76135383749411,	0.21248682188379997,	0.015,	0.05,	0.2,	0.2,	400
