time ,	 x ,	 y ,	r_stem,	h_stem,	r_crown,	r_root,	k_geo
1136073600.0,	4.419011776141191,	2.72406883300775,	0.015,	0.05,	0.2,	0.2,	400
