time ,	 x ,	 y ,	r_stem,	h_stem,	r_crown,	r_root,	k_geo
4560073200.0,	68.49942144795351,	14.303707668997776,	0.015,	0.05,	0.2,	0.2,	400
4575852000.0,	68.49942144795351,	14.303707668997776,	0.015008607073971092,	0.05331688747332925,	0.2107222049280411,	0.24361719098488943,	400
4591630800.0,	68.49942144795351,	14.303707668997776,	0.015021860642492179,	0.058552580113535875,	0.24297790390645213,	0.29077354901440844,	400
