time ,	 x ,	 y ,	r_stem,	h_stem,	r_crown,	r_root,	k_geo
883612800.0,	23.54776963448948,	9.74965194584026,	0.015,	0.05,	0.2,	0.2,	400
