time ,	 x ,	 y ,	r_stem,	h_stem,	r_crown,	r_root,	k_geo
3392442000.0,	40.72030548259969,	6.196094275219154,	0.015,	0.05,	0.2,	0.2,	400
