time ,	 x ,	 y ,	r_stem,	h_stem,	r_crown,	r_root,	k_geo
1814562000.0,	57.56371448439942,	7.023176444165699,	0.015,	0.05,	0.2,	0.2,	400
