time ,	 x ,	 y ,	r_stem,	h_stem,	r_crown,	r_root,	k_geo
4370727600.0,	68.47960009226662,	11.250674212604086,	0.015,	0.05,	0.2,	0.2,	400
