time ,	 x ,	 y ,	r_stem,	h_stem,	r_crown,	r_root,	k_geo
3455557200.0,	59.23068305330161,	4.689700535850438,	0.015,	0.05,	0.2,	0.2,	400
3471336000.0,	59.23068305330161,	4.689700535850438,	0.015001539367140364,	0.051386995641815196,	0.2134408529496375,	0.20780155895315572,	400
3487114800.0,	59.23068305330161,	4.689700535850438,	0.015003793556190614,	0.05316358358304457,	0.22835489702978604,	0.21877939392883208,	400
