time ,	 x ,	 y ,	r_stem,	h_stem,	r_crown,	r_root,	k_geo
1183410000.0,	30.514973255537146,	7.189516092965931,	0.015,	0.05,	0.2,	0.2,	400
