time ,	 x ,	 y ,	r_stem,	h_stem,	r_crown,	r_root,	k_geo
426027600.0,	68.46424226590881,	9.753755183992965,	0.015,	0.05,	0.2,	0.2,	400
