time ,	 x ,	 y ,	r_stem,	h_stem,	r_crown,	r_root,	k_geo
1751446800.0,	66.86685074331035,	3.273407179326618,	0.015,	0.05,	0.2,	0.2,	400
