time ,	 x ,	 y ,	r_stem,	h_stem,	r_crown,	r_root,	k_geo
2114359200.0,	78.50234400902426,	9.35737396178442,	0.015,	0.05,	0.2,	0.2,	400
2130138000.0,	78.50234400902426,	9.35737396178442,	0.015011044362259512,	0.0559455887661389,	0.23834397987140213,	0.2559667424238504,	400
2145916800.0,	78.50234400902426,	9.35737396178442,	0.015011740683285087,	0.05778779051139799,	0.2603931896651317,	0.25822670618135074,	400
