time ,	 x ,	 y ,	r_stem,	h_stem,	r_crown,	r_root,	k_geo
4481179200.0,	0.5610284253009468,	10.798875236222925,	0.015,	0.05,	0.2,	0.2,	400
