time ,	 x ,	 y ,	r_stem,	h_stem,	r_crown,	r_root,	k_geo
4512736800.0,	54.421350965036964,	1.3089222175583797,	0.015,	0.05,	0.2,	0.2,	400
