time ,	 x ,	 y ,	r_stem,	h_stem,	r_crown,	r_root,	k_geo
2903299200.0,	38.18075528866787,	9.559332337544515,	0.015,	0.05,	0.2,	0.2,	400
