time ,	 x ,	 y ,	r_stem,	h_stem,	r_crown,	r_root,	k_geo
1341198000.0,	31.91065492109488,	5.140922988781912,	0.015,	0.05,	0.2,	0.2,	400
