time ,	 x ,	 y ,	r_stem,	h_stem,	r_crown,	r_root,	k_geo
915170400.0,	98.4097980308001,	12.6595664692357,	0.015,	0.05,	0.2,	0.2,	400
