time ,	 x ,	 y ,	r_stem,	h_stem,	r_crown,	r_root,	k_geo
757382400.0,	71.22944629917824,	7.321417726458277,	0.015,	0.05,	0.2,	0.2,	400
