time ,	 x ,	 y ,	r_stem,	h_stem,	r_crown,	r_root,	k_geo
1783004400.0,	98.662608956838,	12.067531424732833,	0.015,	0.05,	0.2,	0.2,	400
