time ,	 x ,	 y ,	r_stem,	h_stem,	r_crown,	r_root,	k_geo
2177474400.0,	9.654038686132193,	3.080039565381998,	0.015,	0.05,	0.2,	0.2,	400
