time ,	 x ,	 y ,	r_stem,	h_stem,	r_crown,	r_root,	k_geo
2429935200.0,	89.83502871487148,	9.378438223594012,	0.015,	0.05,	0.2,	0.2,	400
