time ,	 x ,	 y ,	r_stem,	h_stem,	r_crown,	r_root,	k_geo
3708018000.0,	10.62496934322742,	12.584415764900289,	0.015,	0.05,	0.2,	0.2,	400
