time ,	 x ,	 y ,	r_stem,	h_stem,	r_crown,	r_root,	k_geo
662709600.0,	48.6741071614387,	10.01649555567427,	0.015,	0.05,	0.2,	0.2,	400
