time ,	 x ,	 y ,	r_stem,	h_stem,	r_crown,	r_root,	k_geo
4402285200.0,	88.52380073630815,	14.736168109916942,	0.015,	0.05,	0.2,	0.2,	400
4418064000.0,	88.52380073630815,	14.736168109916942,	0.015009909430677317,	0.05663810679087743,	0.2533450965308992,	0.250216222181199,	400
4433842800.0,	88.52380073630815,	14.736168109916942,	0.015031263225030603,	0.06777962841144931,	0.3222617053034247,	0.3241265296817939,	400
4449621600.0,	88.52380073630815,	14.736168109916942,	0.015097169114482943,	0.08508835935704613,	0.40445940069571185,	0.423008830629535,	400
4465400400.0,	88.52380073630815,	14.736168109916942,	0.015310855288411541,	0.10555812113681942,	0.5076623027336162,	0.4961571492682998,	400
4481179200.0,	88.52380073630815,	14.736168109916942,	0.015539839733884704,	0.1184806444539512,	0.5754728564394066,	0.51784254214536,	400
