time ,	 x ,	 y ,	r_stem,	h_stem,	r_crown,	r_root,	k_geo
788940000.0,	4.412809568273868,	3.3121322692154385,	0.015,	0.05,	0.2,	0.2,	400
