time ,	 x ,	 y ,	r_stem,	h_stem,	r_crown,	r_root,	k_geo
631152000.0,	9.285452341127021,	2.237840160337186,	0.015,	0.05,	0.2,	0.2,	400
