time ,	 x ,	 y ,	r_stem,	h_stem,	r_crown,	r_root,	k_geo
2130138000.0,	52.048299312437805,	11.652481721406708,	0.015,	0.05,	0.2,	0.2,	400
