time ,	 x ,	 y ,	r_stem,	h_stem,	r_crown,	r_root,	k_geo
331354800.0,	57.76879773882501,	0.8258744741097118,	0.015,	0.05,	0.2,	0.2,	400
