time ,	 x ,	 y ,	r_stem,	h_stem,	r_crown,	r_root,	k_geo
4591630800.0,	0.435839384600023,	3.863852901005629,	0.015,	0.05,	0.2,	0.2,	400
