time ,	 x ,	 y ,	r_stem,	h_stem,	r_crown,	r_root,	k_geo
3297769200.0,	53.73270314193892,	5.268652835086887,	0.015,	0.05,	0.2,	0.2,	400
