time ,	 x ,	 y ,	r_stem,	h_stem,	r_crown,	r_root,	k_geo
3281990400.0,	67.9359314045307,	12.091563827366866,	0.015,	0.05,	0.2,	0.2,	400
