time ,	 x ,	 y ,	r_stem,	h_stem,	r_crown,	r_root,	k_geo
1988128800.0,	40.39738809634558,	0.6714997469241307,	0.015,	0.05,	0.2,	0.2,	400
