time ,	 x ,	 y ,	r_stem,	h_stem,	r_crown,	r_root,	k_geo
3171538800.0,	88.5528629664966,	9.219997334290127,	0.015,	0.05,	0.2,	0.2,	400
