time ,	 x ,	 y ,	r_stem,	h_stem,	r_crown,	r_root,	k_geo
1514764800.0,	80.12872058980554,	13.274702152393049,	0.015,	0.05,	0.2,	0.2,	400
