time ,	 x ,	 y ,	r_stem,	h_stem,	r_crown,	r_root,	k_geo
4260276000.0,	63.77242608320016,	14.030589834011042,	0.015,	0.05,	0.2,	0.2,	400
