time ,	 x ,	 y ,	r_stem,	h_stem,	r_crown,	r_root,	k_geo
3597566400.0,	88.87580320157944,	8.839993715952112,	0.015,	0.05,	0.2,	0.2,	400
