time ,	 x ,	 y ,	r_stem,	h_stem,	r_crown,	r_root,	k_geo
284018400.0,	29.787165163024575,	9.836390987024117,	0.015,	0.05,	0.2,	0.2,	400
299797200.0,	29.787165163024575,	9.836390987024117,	0.015002755454495562,	0.05089360418086675,	0.2009765842890344,	0.21396452142009484,	400
