time ,	 x ,	 y ,	r_stem,	h_stem,	r_crown,	r_root,	k_geo
3534451200.0,	30.35208003244415,	9.403749564926743,	0.015,	0.05,	0.2,	0.2,	400
3550230000.0,	30.35208003244415,	9.403749564926743,	0.015000279054132721,	0.050117234813572435,	0.2004868179675271,	0.201414276230715,	400
3566008800.0,	30.35208003244415,	9.403749564926743,	0.01500040426294423,	0.05016884182285415,	0.20069439076939405,	0.20204220322031924,	400
3581787600.0,	30.35208003244415,	9.403749564926743,	0.0150008088092877,	0.050340014641690134,	0.20143485818618387,	0.2040614861358703,	400
3597566400.0,	30.35208003244415,	9.403749564926743,	0.015001362103109928,	0.050576494104649046,	0.20250431669279514,	0.20678195428366525,	400
3613345200.0,	30.35208003244415,	9.403749564926743,	0.015001665153086596,	0.050701587473040724,	0.20304145789046196,	0.20824203712380956,	400
3629124000.0,	30.35208003244415,	9.403749564926743,	0.015002611502044384,	0.0511197507624135,	0.20514742698324312,	0.2127513442082896,	400
