time ,	 x ,	 y ,	r_stem,	h_stem,	r_crown,	r_root,	k_geo
3928921200.0,	98.33711733090674,	5.631071924597778,	0.015,	0.05,	0.2,	0.2,	400
