time ,	 x ,	 y ,	r_stem,	h_stem,	r_crown,	r_root,	k_geo
3013750800.0,	94.85195897854882,	6.944139059924144,	0.015,	0.05,	0.2,	0.2,	400
