time ,	 x ,	 y ,	r_stem,	h_stem,	r_crown,	r_root,	k_geo
4544294400.0,	25.293544679745207,	6.29282611835977,	0.015,	0.05,	0.2,	0.2,	400
