time ,	 x ,	 y ,	r_stem,	h_stem,	r_crown,	r_root,	k_geo
1562101200.0,	52.469463660618544,	14.238200806592873,	0.015,	0.05,	0.2,	0.2,	400
1577880000.0,	52.469463660618544,	14.238200806592873,	0.015003681638165579,	0.0512123507447579,	0.20157403327320217,	0.21865817083418196,	400
1593658800.0,	52.469463660618544,	14.238200806592873,	0.015009719709814327,	0.05310313675512026,	0.20566191201521938,	0.2449774941607537,	400
1609437600.0,	52.469463660618544,	14.238200806592873,	0.015018074115088624,	0.05548524757658481,	0.21322018900159145,	0.2741954159742362,	400
1625216400.0,	52.469463660618544,	14.238200806592873,	0.015031411374450552,	0.0592018046301884,	0.23278465016119282,	0.310125388364271,	400
1640995200.0,	52.469463660618544,	14.238200806592873,	0.015051303147978248,	0.06348136639322333,	0.2544463803767343,	0.34760975845518527,	400
1656774000.0,	52.469463660618544,	14.238200806592873,	0.015060197566975615,	0.0663551114659345,	0.28243326922034323,	0.3585341592096826,	400
1672552800.0,	52.469463660618544,	14.238200806592873,	0.015064266245344054,	0.06779942178731671,	0.295808019426902,	0.3627707413078668,	400
