time ,	 x ,	 y ,	r_stem,	h_stem,	r_crown,	r_root,	k_geo
4418064000.0,	9.152358569174924,	4.179570373077775,	0.015,	0.05,	0.2,	0.2,	400
