time ,	 x ,	 y ,	r_stem,	h_stem,	r_crown,	r_root,	k_geo
4039372800.0,	87.17833812091307,	10.035356113871678,	0.015,	0.05,	0.2,	0.2,	400
