time ,	 x ,	 y ,	r_stem,	h_stem,	r_crown,	r_root,	k_geo
4007815200.0,	30.697721628426354,	7.537994644565169,	0.015,	0.05,	0.2,	0.2,	400
