time ,	 x ,	 y ,	r_stem,	h_stem,	r_crown,	r_root,	k_geo
2003907600.0,	40.240173198972315,	4.9401919722250485,	0.015,	0.05,	0.2,	0.2,	400
2019686400.0,	40.240173198972315,	4.9401919722250485,	0.01500158894145927,	0.05079739596295871,	0.20465995988249824,	0.20805279827741066,	400
