time ,	 x ,	 y ,	r_stem,	h_stem,	r_crown,	r_root,	k_geo
126230400.0,	86.85251340540364,	1.9415209025169218,	0.015,	0.05,	0.2,	0.2,	400
