time ,	 x ,	 y ,	r_stem,	h_stem,	r_crown,	r_root,	k_geo
1372755600.0,	25.03329475166297,	9.82392647923183,	0.015,	0.05,	0.2,	0.2,	400
