time ,	 x ,	 y ,	r_stem,	h_stem,	r_crown,	r_root,	k_geo
1088737200.0,	95.09959578186734,	0.16548927373638445,	0.015,	0.05,	0.2,	0.2,	400
