time ,	 x ,	 y ,	r_stem,	h_stem,	r_crown,	r_root,	k_geo
4386506400.0,	18.1019619491261,	0.14570213461796433,	0.015,	0.05,	0.2,	0.2,	400
4402285200.0,	18.1019619491261,	0.14570213461796433,	0.015000107290564158,	0.050033703629518464,	0.20002200250605562,	0.20054376119605574,	400
