time ,	 x ,	 y ,	r_stem,	h_stem,	r_crown,	r_root,	k_geo
3139981200.0,	94.39822331961267,	7.228626629234418,	0.015,	0.05,	0.2,	0.2,	400
