time ,	 x ,	 y ,	r_stem,	h_stem,	r_crown,	r_root,	k_geo
2587723200.0,	68.78472275745585,	2.221915467833738,	0.015,	0.05,	0.2,	0.2,	400
