time ,	 x ,	 y ,	r_stem,	h_stem,	r_crown,	r_root,	k_geo
1546322400.0,	88.00138447755944,	2.388036785138137,	0.015,	0.05,	0.2,	0.2,	400
