time ,	 x ,	 y ,	r_stem,	h_stem,	r_crown,	r_root,	k_geo
1151852400.0,	5.265691600756783,	2.291672823318785,	0.015,	0.05,	0.2,	0.2,	400
