time ,	 x ,	 y ,	r_stem,	h_stem,	r_crown,	r_root,	k_geo
4560073200.0,	29.622874600453365,	6.366163059168959,	0.015,	0.05,	0.2,	0.2,	400
4575852000.0,	29.622874600453365,	6.366163059168959,	0.015000025344944308,	0.05000795563147087,	0.20000510801654264,	0.20012845128514378,	400
4591630800.0,	29.622874600453365,	6.366163059168959,	0.015000059472429798,	0.050018661370878244,	0.2000120042498045,	0.20030123517450357,	400
