time ,	 x ,	 y ,	r_stem,	h_stem,	r_crown,	r_root,	k_geo
4260276000.0,	28.959427781861223,	6.9413297819116355,	0.015,	0.05,	0.2,	0.2,	400
4276054800.0,	28.959427781861223,	6.9413297819116355,	0.015000129198699896,	0.050053483857452556,	0.20021383705744536,	0.200654794031281,	400
