time ,	 x ,	 y ,	r_stem,	h_stem,	r_crown,	r_root,	k_geo
3518672400.0,	20.46110994292577,	1.9175773561286662,	0.015,	0.05,	0.2,	0.2,	400
