time ,	 x ,	 y ,	r_stem,	h_stem,	r_crown,	r_root,	k_geo
3660681600.0,	71.72368433731748,	7.1168458450896805,	0.015,	0.05,	0.2,	0.2,	400
3676460400.0,	71.72368433731748,	7.1168458450896805,	0.015000800656683798,	0.051387132249645015,	0.21666007098147239,	0.2040577882974428,	400
3692239200.0,	71.72368433731748,	7.1168458450896805,	0.015002327384085103,	0.05337870779162935,	0.23668650824624307,	0.21177428432764012,	400
3708018000.0,	71.72368433731748,	7.1168458450896805,	0.015005016459886788,	0.05613840553998612,	0.25951597481025535,	0.22488917086307753,	400
3723796800.0,	71.72368433731748,	7.1168458450896805,	0.015015475844047747,	0.061818803141414545,	0.28598434118808397,	0.27134784225922515,	400
