time ,	 x ,	 y ,	r_stem,	h_stem,	r_crown,	r_root,	k_geo
1104516000.0,	64.59857705430777,	4.7209784857803525,	0.015,	0.05,	0.2,	0.2,	400
