time ,	 x ,	 y ,	r_stem,	h_stem,	r_crown,	r_root,	k_geo
2051244000.0,	94.05150882398006,	14.178294905275038,	0.015,	0.05,	0.2,	0.2,	400
