time ,	 x ,	 y ,	r_stem,	h_stem,	r_crown,	r_root,	k_geo
1798783200.0,	7.389162683245054,	4.663214028041666,	0.015,	0.05,	0.2,	0.2,	400
