time ,	 x ,	 y ,	r_stem,	h_stem,	r_crown,	r_root,	k_geo
3423999600.0,	83.58890545644321,	1.9954738219667323,	0.015,	0.05,	0.2,	0.2,	400
