time ,	 x ,	 y ,	r_stem,	h_stem,	r_crown,	r_root,	k_geo
994064400.0,	38.59049683958745,	4.8659520962855565,	0.015,	0.05,	0.2,	0.2,	400
