time ,	 x ,	 y ,	r_stem,	h_stem,	r_crown,	r_root,	k_geo
3313548000.0,	78.91986911576554,	11.77502966522298,	0.015,	0.05,	0.2,	0.2,	400
