time ,	 x ,	 y ,	r_stem,	h_stem,	r_crown,	r_root,	k_geo
2445714000.0,	69.09877024349784,	5.349900128063002,	0.015,	0.05,	0.2,	0.2,	400
