time ,	 x ,	 y ,	r_stem,	h_stem,	r_crown,	r_root,	k_geo
3408220800.0,	39.22292696105878,	6.763313690804732,	0.015,	0.05,	0.2,	0.2,	400
