time ,	 x ,	 y ,	r_stem,	h_stem,	r_crown,	r_root,	k_geo
2808626400.0,	2.491564800481927,	11.01503076381119,	0.015,	0.05,	0.2,	0.2,	400
