time ,	 x ,	 y ,	r_stem,	h_stem,	r_crown,	r_root,	k_geo
3913142400.0,	90.56299135076615,	5.671551019670186,	0.015,	0.05,	0.2,	0.2,	400
