time ,	 x ,	 y ,	r_stem,	h_stem,	r_crown,	r_root,	k_geo
2256368400.0,	71.74499039057231,	2.722004642268523,	0.015,	0.05,	0.2,	0.2,	400
