time ,	 x ,	 y ,	r_stem,	h_stem,	r_crown,	r_root,	k_geo
2287926000.0,	61.86038280948697,	0.27712182190813395,	0.015,	0.05,	0.2,	0.2,	400
