time ,	 x ,	 y ,	r_stem,	h_stem,	r_crown,	r_root,	k_geo
4086709200.0,	86.43872593339528,	3.3072928267156474,	0.015,	0.05,	0.2,	0.2,	400
