time ,	 x ,	 y ,	r_stem,	h_stem,	r_crown,	r_root,	k_geo
2429935200.0,	22.910661184131655,	3.9811719504592573,	0.015,	0.05,	0.2,	0.2,	400
