time ,	 x ,	 y ,	r_stem,	h_stem,	r_crown,	r_root,	k_geo
2855962800.0,	65.77142385782261,	1.9385345687956739,	0.015,	0.05,	0.2,	0.2,	400
