time ,	 x ,	 y ,	r_stem,	h_stem,	r_crown,	r_root,	k_geo
2950635600.0,	71.06125204130245,	4.488129104539431,	0.015,	0.05,	0.2,	0.2,	400
