time ,	 x ,	 y ,	r_stem,	h_stem,	r_crown,	r_root,	k_geo
3881584800.0,	4.378271466064055,	6.3276310281692805,	0.015,	0.05,	0.2,	0.2,	400
3897363600.0,	4.378271466064055,	6.3276310281692805,	0.015002599868026071,	0.05084119194387089,	0.20089278933423393,	0.2131760408043443,	400
3913142400.0,	4.378271466064055,	6.3276310281692805,	0.01500637467650259,	0.05199991523655289,	0.20256934059296058,	0.230378123347556,	400
