time ,	 x ,	 y ,	r_stem,	h_stem,	r_crown,	r_root,	k_geo
4070930400.0,	56.67259718183261,	4.120586428488167,	0.015,	0.05,	0.2,	0.2,	400
