time ,	 x ,	 y ,	r_stem,	h_stem,	r_crown,	r_root,	k_geo
2477271600.0,	99.3333671838133,	7.684295796970636,	0.015,	0.05,	0.2,	0.2,	400
