time ,	 x ,	 y ,	r_stem,	h_stem,	r_crown,	r_root,	k_geo
3897363600.0,	95.4280545436778,	9.109150072074177,	0.015,	0.05,	0.2,	0.2,	400
