time ,	 x ,	 y ,	r_stem,	h_stem,	r_crown,	r_root,	k_geo
1183410000.0,	34.32243413101674,	12.680592584006002,	0.015,	0.05,	0.2,	0.2,	400
