time ,	 x ,	 y ,	r_stem,	h_stem,	r_crown,	r_root,	k_geo
2240589600.0,	37.9433233624085,	0.12700532388814467,	0.015,	0.05,	0.2,	0.2,	400
