time ,	 x ,	 y ,	r_stem,	h_stem,	r_crown,	r_root,	k_geo
2777068800.0,	72.35856001506508,	1.423415574147624,	0.015,	0.05,	0.2,	0.2,	400
