time ,	 x ,	 y ,	r_stem,	h_stem,	r_crown,	r_root,	k_geo
2256368400.0,	67.16336609844674,	9.449534788774297,	0.015,	0.05,	0.2,	0.2,	400
