time ,	 x ,	 y ,	r_stem,	h_stem,	r_crown,	r_root,	k_geo
3739575600.0,	82.44591195901133,	13.523361194710645,	0.015,	0.05,	0.2,	0.2,	400
