time ,	 x ,	 y ,	r_stem,	h_stem,	r_crown,	r_root,	k_geo
1404313200.0,	23.526587354886363,	10.47041126188451,	0.015,	0.05,	0.2,	0.2,	400
