time ,	 x ,	 y ,	r_stem,	h_stem,	r_crown,	r_root,	k_geo
2145916800.0,	58.464364148134464,	1.5495801660011999,	0.015,	0.05,	0.2,	0.2,	400
