time ,	 x ,	 y ,	r_stem,	h_stem,	r_crown,	r_root,	k_geo
2840184000.0,	80.11153350174622,	1.0025623574601434,	0.015,	0.05,	0.2,	0.2,	400
