time ,	 x ,	 y ,	r_stem,	h_stem,	r_crown,	r_root,	k_geo
3234654000.0,	23.10950759999686,	2.012187385751279,	0.015,	0.05,	0.2,	0.2,	400
