time ,	 x ,	 y ,	r_stem,	h_stem,	r_crown,	r_root,	k_geo
4118266800.0,	59.376026176849514,	9.481929783797378,	0.015,	0.05,	0.2,	0.2,	400
