time ,	 x ,	 y ,	r_stem,	h_stem,	r_crown,	r_root,	k_geo
615373200.0,	1.8763161077336332,	5.738109401388641,	0.015,	0.05,	0.2,	0.2,	400
