time ,	 x ,	 y ,	r_stem,	h_stem,	r_crown,	r_root,	k_geo
299797200.0,	74.30944499806293,	6.888052871669552,	0.015,	0.05,	0.2,	0.2,	400
