time ,	 x ,	 y ,	r_stem,	h_stem,	r_crown,	r_root,	k_geo
1214967600.0,	77.8625245980426,	4.674965874108845,	0.015,	0.05,	0.2,	0.2,	400
1230746400.0,	77.8625245980426,	4.674965874108845,	0.015010865521273637,	0.05539966535021139,	0.2311830189528496,	0.2550605936680961,	400
1246525200.0,	77.8625245980426,	4.674965874108845,	0.015011469612273497,	0.056949067472255255,	0.2504261221460036,	0.2570295516139176,	400
