time ,	 x ,	 y ,	r_stem,	h_stem,	r_crown,	r_root,	k_geo
4386506400.0,	78.66124322711742,	3.996946803355981,	0.015,	0.05,	0.2,	0.2,	400
