time ,	 x ,	 y ,	r_stem,	h_stem,	r_crown,	r_root,	k_geo
4339170000.0,	79.53860765030647,	1.1146114571366172,	0.015,	0.05,	0.2,	0.2,	400
