time ,	 x ,	 y ,	r_stem,	h_stem,	r_crown,	r_root,	k_geo
1388534400.0,	29.15856494994061,	3.8709013945692377,	0.015,	0.05,	0.2,	0.2,	400
