time ,	 x ,	 y ,	r_stem,	h_stem,	r_crown,	r_root,	k_geo
426027600.0,	69.88969274426913,	8.611330053168174,	0.015,	0.05,	0.2,	0.2,	400
441806400.0,	69.88969274426913,	8.611330053168174,	0.01501049865864932,	0.054815284478878186,	0.22428061503926927,	0.2532017675234179,	400
457585200.0,	69.88969274426913,	8.611330053168174,	0.015026979083519422,	0.062276683096362376,	0.27692434740228267,	0.3075928663726178,	400
473364000.0,	69.88969274426913,	8.611330053168174,	0.015064547525736336,	0.07249563572888262,	0.3281080499639995,	0.3787181301374057,	400
489142800.0,	69.88969274426913,	8.611330053168174,	0.01507026195130476,	0.07584294076880498,	0.3588442568266357,	0.3829790826776009,	400
