time ,	 x ,	 y ,	r_stem,	h_stem,	r_crown,	r_root,	k_geo
3045308400.0,	25.78468675972998,	14.418757258961245,	0.015,	0.05,	0.2,	0.2,	400
3061087200.0,	25.78468675972998,	14.418757258961245,	0.01500006143550974,	0.05001929071480317,	0.20001247691814691,	0.20031136256008716,	400
3076866000.0,	25.78468675972998,	14.418757258961245,	0.015000149976710082,	0.050047052154042385,	0.20003059603935025,	0.20075897888615493,	400
