time ,	 x ,	 y ,	r_stem,	h_stem,	r_crown,	r_root,	k_geo
4354948800.0,	46.59664608952312,	12.144492026623205,	0.015,	0.05,	0.2,	0.2,	400
