time ,	 x ,	 y ,	r_stem,	h_stem,	r_crown,	r_root,	k_geo
2729732400.0,	42.71534102212841,	11.47424494530384,	0.015,	0.05,	0.2,	0.2,	400
