time ,	 x ,	 y ,	r_stem,	h_stem,	r_crown,	r_root,	k_geo
2934856800.0,	54.96558554094887,	3.7475710426218054,	0.015,	0.05,	0.2,	0.2,	400
