time ,	 x ,	 y ,	r_stem,	h_stem,	r_crown,	r_root,	k_geo
4575852000.0,	41.45339157258196,	10.042053865423055,	0.015,	0.05,	0.2,	0.2,	400
4591630800.0,	41.45339157258196,	10.042053865423055,	0.01500226160158284,	0.05072822207734467,	0.20072497390829652,	0.21146176498656188,	400
