time ,	 x ,	 y ,	r_stem,	h_stem,	r_crown,	r_root,	k_geo
962506800.0,	54.04986101894678,	3.1513825929394472,	0.015,	0.05,	0.2,	0.2,	400
