time ,	 x ,	 y ,	r_stem,	h_stem,	r_crown,	r_root,	k_geo
2414156400.0,	8.240883186307146,	4.0531586030409725,	0.015,	0.05,	0.2,	0.2,	400
