time ,	 x ,	 y ,	r_stem,	h_stem,	r_crown,	r_root,	k_geo
1830340800.0,	89.4497502956514,	5.9705369447298855,	0.015,	0.05,	0.2,	0.2,	400
