time ,	 x ,	 y ,	r_stem,	h_stem,	r_crown,	r_root,	k_geo
3597566400.0,	61.6065978605045,	12.464620852601398,	0.015,	0.05,	0.2,	0.2,	400
3613345200.0,	61.6065978605045,	12.464620852601398,	0.015001528308185975,	0.051386997686770464,	0.21348904561689078,	0.20774551287283408,	400
3629124000.0,	61.6065978605045,	12.464620852601398,	0.015003595534288098,	0.053166792913579855,	0.22920510591633428,	0.21781845187372592,	400
3644902800.0,	61.6065978605045,	12.464620852601398,	0.01501029700372089,	0.056325259925423796,	0.24381760016892232,	0.24847445094881973,	400
3660681600.0,	61.6065978605045,	12.464620852601398,	0.015019594904728071,	0.06054514355512811,	0.26759061427014386,	0.2810224627944218,	400
