time ,	 x ,	 y ,	r_stem,	h_stem,	r_crown,	r_root,	k_geo
2145916800.0,	42.55401958405921,	2.9318317159913336,	0.015,	0.05,	0.2,	0.2,	400
