time ,	 x ,	 y ,	r_stem,	h_stem,	r_crown,	r_root,	k_geo
457585200.0,	96.93005848275055,	4.453427441456576,	0.015,	0.05,	0.2,	0.2,	400
