time ,	 x ,	 y ,	r_stem,	h_stem,	r_crown,	r_root,	k_geo
315576000.0,	58.92465081158085,	14.194566609614713,	0.015,	0.05,	0.2,	0.2,	400
