time ,	 x ,	 y ,	r_stem,	h_stem,	r_crown,	r_root,	k_geo
1830340800.0,	20.760287019462375,	9.886248506144799,	0.015,	0.05,	0.2,	0.2,	400
