time ,	 x ,	 y ,	r_stem,	h_stem,	r_crown,	r_root,	k_geo
3329326800.0,	10.033647098557019,	9.654612781940324,	0.015,	0.05,	0.2,	0.2,	400
