time ,	 x ,	 y ,	r_stem,	h_stem,	r_crown,	r_root,	k_geo
378691200.0,	4.029072066742156,	11.724617921908042,	0.015,	0.05,	0.2,	0.2,	400
