time ,	 x ,	 y ,	r_stem,	h_stem,	r_crown,	r_root,	k_geo
662709600.0,	52.4865958865779,	8.14908441449604,	0.015,	0.05,	0.2,	0.2,	400
