time ,	 x ,	 y ,	r_stem,	h_stem,	r_crown,	r_root,	k_geo
1293861600.0,	78.15769627983788,	1.5276095736687967,	0.015,	0.05,	0.2,	0.2,	400
