time ,	 x ,	 y ,	r_stem,	h_stem,	r_crown,	r_root,	k_geo
2903299200.0,	67.86227234244177,	10.346082305928352,	0.015,	0.05,	0.2,	0.2,	400
