time ,	 x ,	 y ,	r_stem,	h_stem,	r_crown,	r_root,	k_geo
1514764800.0,	88.37109250616324,	5.026389095729625,	0.015,	0.05,	0.2,	0.2,	400
