time ,	 x ,	 y ,	r_stem,	h_stem,	r_crown,	r_root,	k_geo
4465400400.0,	59.113534511880964,	4.4859085592345425,	0.015,	0.05,	0.2,	0.2,	400
