time ,	 x ,	 y ,	r_stem,	h_stem,	r_crown,	r_root,	k_geo
3329326800.0,	81.15281859579629,	2.9655960848082015,	0.015,	0.05,	0.2,	0.2,	400
