time ,	 x ,	 y ,	r_stem,	h_stem,	r_crown,	r_root,	k_geo
205124400.0,	43.462724652775705,	14.887263689322083,	0.015,	0.05,	0.2,	0.2,	400
