time ,	 x ,	 y ,	r_stem,	h_stem,	r_crown,	r_root,	k_geo
1420092000.0,	65.60942928414481,	13.061925857929575,	0.015,	0.05,	0.2,	0.2,	400
1435870800.0,	65.60942928414481,	13.061925857929575,	0.015001155384551353,	0.05138706664821171,	0.21511418900519796,	0.20585555076246792,	400
