time ,	 x ,	 y ,	r_stem,	h_stem,	r_crown,	r_root,	k_geo
2240589600.0,	67.96249297184669,	13.54541213910924,	0.015,	0.05,	0.2,	0.2,	400
