time ,	 x ,	 y ,	r_stem,	h_stem,	r_crown,	r_root,	k_geo
725824800.0,	34.688515258671984,	14.630824594107715,	0.015,	0.05,	0.2,	0.2,	400
741603600.0,	34.688515258671984,	14.630824594107715,	0.015000912665157792,	0.05041235643588633,	0.20201287344648589,	0.20462544942071742,	400
757382400.0,	34.688515258671984,	14.630824594107715,	0.015002133523169188,	0.05097886067002537,	0.20502154788619575,	0.21060704334522903,	400
