time ,	 x ,	 y ,	r_stem,	h_stem,	r_crown,	r_root,	k_geo
1798783200.0,	74.85367494852483,	6.674695349547211,	0.015,	0.05,	0.2,	0.2,	400
