time ,	 x ,	 y ,	r_stem,	h_stem,	r_crown,	r_root,	k_geo
2934856800.0,	95.8249885856366,	5.13569902300944,	0.015,	0.05,	0.2,	0.2,	400
