time ,	 x ,	 y ,	r_stem,	h_stem,	r_crown,	r_root,	k_geo
552258000.0,	70.48448147584193,	11.361190440115655,	0.015,	0.05,	0.2,	0.2,	400
