time ,	 x ,	 y ,	r_stem,	h_stem,	r_crown,	r_root,	k_geo
4055151600.0,	92.5388413702622,	7.585291759422484,	0.015,	0.05,	0.2,	0.2,	400
