time ,	 x ,	 y ,	r_stem,	h_stem,	r_crown,	r_root,	k_geo
3092644800.0,	84.19045700079862,	8.505225219319426,	0.015,	0.05,	0.2,	0.2,	400
