time ,	 x ,	 y ,	r_stem,	h_stem,	r_crown,	r_root,	k_geo
3187317600.0,	56.59410609297968,	6.491996066680041,	0.015,	0.05,	0.2,	0.2,	400
