time ,	 x ,	 y ,	r_stem,	h_stem,	r_crown,	r_root,	k_geo
3061087200.0,	77.03441050111753,	2.597383226495929,	0.015,	0.05,	0.2,	0.2,	400
3076866000.0,	77.03441050111753,	2.597383226495929,	0.01501062905174758,	0.0549905504933409,	0.22626216275812575,	0.2538624475051905,	400
3092644800.0,	77.03441050111753,	2.597383226495929,	0.015026869442441509,	0.06267952803654,	0.28226808360626576,	0.3072088518556056,	400
