time ,	 x ,	 y ,	r_stem,	h_stem,	r_crown,	r_root,	k_geo
2966414400.0,	73.71490545231767,	9.646532048694093,	0.015,	0.05,	0.2,	0.2,	400
