time ,	 x ,	 y ,	r_stem,	h_stem,	r_crown,	r_root,	k_geo
2713953600.0,	82.80959421049202,	3.7370695469308357,	0.015,	0.05,	0.2,	0.2,	400
2729732400.0,	82.80959421049202,	3.7370695469308357,	0.015011076084967335,	0.056161349882627595,	0.2413435306259796,	0.25612747414327147,	400
2745511200.0,	82.80959421049202,	3.7370695469308357,	0.015011855203861134,	0.05813593562510689,	0.2644810048624655,	0.258656545651977,	400
2761290000.0,	82.80959421049202,	3.7370695469308357,	0.015013679273803109,	0.06120015960188868,	0.2946144404414956,	0.26449193977679725,	400
2777068800.0,	82.80959421049202,	3.7370695469308357,	0.015013905799552002,	0.06186945395956395,	0.300801179261082,	0.2651781097410066,	400
