time ,	 x ,	 y ,	r_stem,	h_stem,	r_crown,	r_root,	k_geo
3487114800.0,	63.866287996697544,	5.164387330241168,	0.015,	0.05,	0.2,	0.2,	400
3502893600.0,	63.866287996697544,	5.164387330241168,	0.015001288675070041,	0.05138704199939445,	0.2145333255140119,	0.20653106374867752,	400
3518672400.0,	63.866287996697544,	5.164387330241168,	0.015003445536232765,	0.05323574598975085,	0.2305627498011516,	0.217167944670544,	400
3534451200.0,	63.866287996697544,	5.164387330241168,	0.015006224727862217,	0.05557699931951331,	0.24946323939825088,	0.2299791173304889,	400
3550230000.0,	63.866287996697544,	5.164387330241168,	0.015010420385698444,	0.0585562433076008,	0.26993633323219945,	0.24756788198867796,	400
3566008800.0,	63.866287996697544,	5.164387330241168,	0.015016270735280725,	0.062204896611808724,	0.29264519743845835,	0.2685565617079627,	400
3581787600.0,	63.866287996697544,	5.164387330241168,	0.015016687572242988,	0.06272511976112845,	0.29697185416874994,	0.2697652509829202,	400
3597566400.0,	63.866287996697544,	5.164387330241168,	0.01501719185836377,	0.06334690632499625,	0.3020457450617948,	0.2712083993558485,	400
