time ,	 x ,	 y ,	r_stem,	h_stem,	r_crown,	r_root,	k_geo
1577880000.0,	43.40688565104613,	6.4833725769222,	0.015,	0.05,	0.2,	0.2,	400
