time ,	 x ,	 y ,	r_stem,	h_stem,	r_crown,	r_root,	k_geo
4039372800.0,	21.3877044433748,	9.265002393650486,	0.015,	0.05,	0.2,	0.2,	400
