time ,	 x ,	 y ,	r_stem,	h_stem,	r_crown,	r_root,	k_geo
3124202400.0,	55.315494213305406,	4.421098764942131,	0.015,	0.05,	0.2,	0.2,	400
3139981200.0,	55.315494213305406,	4.421098764942131,	0.015001885938313137,	0.05138693155825187,	0.21193058228524736,	0.2095579521276757,	400
