time ,	 x ,	 y ,	r_stem,	h_stem,	r_crown,	r_root,	k_geo
284018400.0,	99.5754727463613,	5.03417005664979,	0.015,	0.05,	0.2,	0.2,	400
