time ,	 x ,	 y ,	r_stem,	h_stem,	r_crown,	r_root,	k_geo
2761290000.0,	78.727042482445,	10.57151580373007,	0.015,	0.05,	0.2,	0.2,	400
