time ,	 x ,	 y ,	r_stem,	h_stem,	r_crown,	r_root,	k_geo
3092644800.0,	25.42854660167262,	3.5866189604660024,	0.015,	0.05,	0.2,	0.2,	400
