time ,	 x ,	 y ,	r_stem,	h_stem,	r_crown,	r_root,	k_geo
2272147200.0,	50.44981204235868,	10.576712736771924,	0.015,	0.05,	0.2,	0.2,	400
