time ,	 x ,	 y ,	r_stem,	h_stem,	r_crown,	r_root,	k_geo
3471336000.0,	51.52175151979259,	0.5326268360333641,	0.015,	0.05,	0.2,	0.2,	400
