time ,	 x ,	 y ,	r_stem,	h_stem,	r_crown,	r_root,	k_geo
694267200.0,	47.19682592151572,	14.02927754623529,	0.015,	0.05,	0.2,	0.2,	400
