time ,	 x ,	 y ,	r_stem,	h_stem,	r_crown,	r_root,	k_geo
3234654000.0,	53.79551904152221,	4.274297593442125,	0.015,	0.05,	0.2,	0.2,	400
