time ,	 x ,	 y ,	r_stem,	h_stem,	r_crown,	r_root,	k_geo
2903299200.0,	25.151230619092257,	3.932201599357801,	0.015,	0.05,	0.2,	0.2,	400
2919078000.0,	25.151230619092257,	3.932201599357801,	0.015000158689077153,	0.050065878620754525,	0.2002653626818052,	0.20080425440565114,	400
