time ,	 x ,	 y ,	r_stem,	h_stem,	r_crown,	r_root,	k_geo
1214967600.0,	40.66248118802196,	12.236416819934371,	0.015,	0.05,	0.2,	0.2,	400
