time ,	 x ,	 y ,	r_stem,	h_stem,	r_crown,	r_root,	k_geo
2745511200.0,	8.82071146804514,	7.251360407585372,	0.015,	0.05,	0.2,	0.2,	400
2761290000.0,	8.82071146804514,	7.251360407585372,	0.01500207570063751,	0.05066667467583332,	0.20064061636663122,	0.21051964519820066,	400
2777068800.0,	8.82071146804514,	7.251360407585372,	0.015003837125816202,	0.051564467992422584,	0.2066050079772311,	0.2187211066820245,	400
2792847600.0,	8.82071146804514,	7.251360407585372,	0.015005771370042035,	0.052525493551932215,	0.212895253767822,	0.2272160866414652,	400
2808626400.0,	8.82071146804514,	7.251360407585372,	0.015008014922942523,	0.05362817726516268,	0.22016586425747844,	0.23646221567791365,	400
2824405200.0,	8.82071146804514,	7.251360407585372,	0.01501052961122383,	0.05481440049703588,	0.2277933050998771,	0.2460994766641554,	400
2840184000.0,	8.82071146804514,	7.251360407585372,	0.01501331046544497,	0.05605206887710542,	0.23545780818317727,	0.2559347271576514,	400
