time ,	 x ,	 y ,	r_stem,	h_stem,	r_crown,	r_root,	k_geo
4055151600.0,	64.69765023656846,	5.5748121696726285,	0.015,	0.05,	0.2,	0.2,	400
