time ,	 x ,	 y ,	r_stem,	h_stem,	r_crown,	r_root,	k_geo
4086709200.0,	18.07890263984582,	12.871449221471728,	0.015,	0.05,	0.2,	0.2,	400
