time ,	 x ,	 y ,	r_stem,	h_stem,	r_crown,	r_root,	k_geo
1530543600.0,	27.13600058121469,	14.718283348950317,	0.015,	0.05,	0.2,	0.2,	400
1546322400.0,	27.13600058121469,	14.718283348950317,	0.015000038886613167,	0.05001220781480942,	0.20000785976790467,	0.20019708209099785,	400
1562101200.0,	27.13600058121469,	14.718283348950317,	0.015000140004112785,	0.05004393609810696,	0.2000285935597097,	0.20070874683038617,	400
