time ,	 x ,	 y ,	r_stem,	h_stem,	r_crown,	r_root,	k_geo
1088737200.0,	17.920981440080542,	6.042042515100656,	0.015,	0.05,	0.2,	0.2,	400
