time ,	 x ,	 y ,	r_stem,	h_stem,	r_crown,	r_root,	k_geo
1136073600.0,	94.53248249190929,	5.6767102290934845,	0.015,	0.05,	0.2,	0.2,	400
