time ,	 x ,	 y ,	r_stem,	h_stem,	r_crown,	r_root,	k_geo
3723796800.0,	47.81711934949732,	8.827744153661094,	0.015,	0.05,	0.2,	0.2,	400
3739575600.0,	47.81711934949732,	8.827744153661094,	0.01500401863465642,	0.051331613740894476,	0.20183943344178445,	0.22036595227245107,	400
3755354400.0,	47.81711934949732,	8.827744153661094,	0.015010141539983696,	0.05323455770757037,	0.20602765396582468,	0.24668747908770833,	400
3771133200.0,	47.81711934949732,	8.827744153661094,	0.015019555921045726,	0.05599980333784716,	0.21619692417908062,	0.2791312255826688,	400
3786912000.0,	47.81711934949732,	8.827744153661094,	0.015032971720901808,	0.059477618629371544,	0.23283151473839359,	0.3136512697608539,	400
3802690800.0,	47.81711934949732,	8.827744153661094,	0.015038637792156143,	0.06189238810635354,	0.2575433256091929,	0.323941936614498,	400
