time ,	 x ,	 y ,	r_stem,	h_stem,	r_crown,	r_root,	k_geo
1325419200.0,	81.73827425558396,	8.32438326875473,	0.015,	0.05,	0.2,	0.2,	400
