time ,	 x ,	 y ,	r_stem,	h_stem,	r_crown,	r_root,	k_geo
852055200.0,	95.95117170675611,	2.288492447019903,	0.015,	0.05,	0.2,	0.2,	400
