time ,	 x ,	 y ,	r_stem,	h_stem,	r_crown,	r_root,	k_geo
489142800.0,	48.82543877831329,	2.279948294592275,	0.015,	0.05,	0.2,	0.2,	400
504921600.0,	48.82543877831329,	2.279948294592275,	0.015006301762397705,	0.05220687971706852,	0.20461912414374686,	0.23193568679061913,	400
