time ,	 x ,	 y ,	r_stem,	h_stem,	r_crown,	r_root,	k_geo
3802690800.0,	98.41442858887388,	6.35854358273893,	0.015,	0.05,	0.2,	0.2,	400
