time ,	 x ,	 y ,	r_stem,	h_stem,	r_crown,	r_root,	k_geo
2619280800.0,	77.07606960088192,	13.396913009025722,	0.015,	0.05,	0.2,	0.2,	400
