time ,	 x ,	 y ,	r_stem,	h_stem,	r_crown,	r_root,	k_geo
3928921200.0,	48.51895034973135,	4.646341257948208,	0.015,	0.05,	0.2,	0.2,	400
