time ,	 x ,	 y ,	r_stem,	h_stem,	r_crown,	r_root,	k_geo
2366820000.0,	66.36190892731696,	3.140902951561893,	0.015,	0.05,	0.2,	0.2,	400
