time ,	 x ,	 y ,	r_stem,	h_stem,	r_crown,	r_root,	k_geo
2035465200.0,	84.56593145134795,	0.45545371169989024,	0.015,	0.05,	0.2,	0.2,	400
