time ,	 x ,	 y ,	r_stem,	h_stem,	r_crown,	r_root,	k_geo
4386506400.0,	96.09831824924686,	11.454485910336572,	0.015,	0.05,	0.2,	0.2,	400
