time ,	 x ,	 y ,	r_stem,	h_stem,	r_crown,	r_root,	k_geo
4070930400.0,	25.17362667531581,	1.3711803673907086,	0.015,	0.05,	0.2,	0.2,	400
