time ,	 x ,	 y ,	r_stem,	h_stem,	r_crown,	r_root,	k_geo
3660681600.0,	33.942021029246746,	5.867567025278671,	0.015,	0.05,	0.2,	0.2,	400
