time ,	 x ,	 y ,	r_stem,	h_stem,	r_crown,	r_root,	k_geo
1088737200.0,	66.53122225381524,	12.29006527220212,	0.015,	0.05,	0.2,	0.2,	400
