time ,	 x ,	 y ,	r_stem,	h_stem,	r_crown,	r_root,	k_geo
3755354400.0,	4.7542697337535245,	0.6026840216765056,	0.015,	0.05,	0.2,	0.2,	400
