time ,	 x ,	 y ,	r_stem,	h_stem,	r_crown,	r_root,	k_geo
4449621600.0,	55.30307150645544,	7.772323909384275,	0.015,	0.05,	0.2,	0.2,	400
