time ,	 x ,	 y ,	r_stem,	h_stem,	r_crown,	r_root,	k_geo
1893456000.0,	4.559235517316651,	4.288640990031281,	0.015,	0.05,	0.2,	0.2,	400
