time ,	 x ,	 y ,	r_stem,	h_stem,	r_crown,	r_root,	k_geo
268239600.0,	76.65608083733022,	2.9376010165259805,	0.015,	0.05,	0.2,	0.2,	400
