time ,	 x ,	 y ,	r_stem,	h_stem,	r_crown,	r_root,	k_geo
2982193200.0,	50.895909852517505,	2.1184653382119203,	0.015,	0.05,	0.2,	0.2,	400
