time ,	 x ,	 y ,	r_stem,	h_stem,	r_crown,	r_root,	k_geo
1388534400.0,	89.74022687177367,	11.239731275062459,	0.015,	0.05,	0.2,	0.2,	400
