time ,	 x ,	 y ,	r_stem,	h_stem,	r_crown,	r_root,	k_geo
347133600.0,	82.93088632111242,	9.596233662424396,	0.015,	0.05,	0.2,	0.2,	400
