time ,	 x ,	 y ,	r_stem,	h_stem,	r_crown,	r_root,	k_geo
3897363600.0,	76.72132780451027,	13.792898433086949,	0.015,	0.05,	0.2,	0.2,	400
