time ,	 x ,	 y ,	r_stem,	h_stem,	r_crown,	r_root,	k_geo
2398377600.0,	22.81328759668143,	10.6360087212447,	0.015,	0.05,	0.2,	0.2,	400
