time ,	 x ,	 y ,	r_stem,	h_stem,	r_crown,	r_root,	k_geo
3266211600.0,	93.91917937259825,	2.6255312193843867,	0.015,	0.05,	0.2,	0.2,	400
