time ,	 x ,	 y ,	r_stem,	h_stem,	r_crown,	r_root,	k_geo
1230746400.0,	94.29140921941917,	12.069383986232614,	0.015,	0.05,	0.2,	0.2,	400
