time ,	 x ,	 y ,	r_stem,	h_stem,	r_crown,	r_root,	k_geo
788940000.0,	80.05941412359661,	9.568383472232533,	0.015,	0.05,	0.2,	0.2,	400
804718800.0,	80.05941412359661,	9.568383472232533,	0.015010933867928298,	0.055560888255075304,	0.23323026856457077,	0.255406891908286,	400
820497600.0,	80.05941412359661,	9.568383472232533,	0.015027128464444883,	0.06399064501731565,	0.2969152423213217,	0.30807899774003017,	400
836276400.0,	80.05941412359661,	9.568383472232533,	0.015073215651985541,	0.07669776215374835,	0.3545831948487414,	0.3937440846276065,	400
852055200.0,	80.05941412359661,	9.568383472232533,	0.01508223364150752,	0.08126001511328981,	0.3932910134100565,	0.3989596821728649,	400
867834000.0,	80.05941412359661,	9.568383472232533,	0.015092682826525317,	0.08564149627062341,	0.4253049812153249,	0.40413781905290347,	400
883612800.0,	80.05941412359661,	9.568383472232533,	0.015117323425074516,	0.09194163115076837,	0.46389864165533956,	0.4147116126490824,	400
899391600.0,	80.05941412359661,	9.568383472232533,	0.015128977055430223,	0.09512110799548834,	0.48236956113508256,	0.41864826470165234,	400
