time ,	 x ,	 y ,	r_stem,	h_stem,	r_crown,	r_root,	k_geo
3250432800.0,	73.59592701412986,	1.300910330933656,	0.015,	0.05,	0.2,	0.2,	400
