time ,	 x ,	 y ,	r_stem,	h_stem,	r_crown,	r_root,	k_geo
3392442000.0,	28.473774053538026,	1.8316689614693589,	0.015,	0.05,	0.2,	0.2,	400
