time ,	 x ,	 y ,	r_stem,	h_stem,	r_crown,	r_root,	k_geo
3502893600.0,	63.49028513233159,	14.77227975270281,	0.015,	0.05,	0.2,	0.2,	400
