time ,	 x ,	 y ,	r_stem,	h_stem,	r_crown,	r_root,	k_geo
773161200.0,	86.2995341553866,	8.968091552670582,	0.015,	0.05,	0.2,	0.2,	400
788940000.0,	86.2995341553866,	8.968091552670582,	0.015009770173279582,	0.05663822996528385,	0.2539519681935458,	0.24951061594629803,	400
804718800.0,	86.2995341553866,	8.968091552670582,	0.015014514457917199,	0.0622230805291918,	0.30606827675685633,	0.2660541275606479,	400
820497600.0,	86.2995341553866,	8.968091552670582,	0.015029800436816725,	0.07196173255283393,	0.3637813781177119,	0.3115900495115858,	400
836276400.0,	86.2995341553866,	8.968091552670582,	0.015042097397553916,	0.08008981281303118,	0.41448413151300684,	0.3322997531790252,	400
852055200.0,	86.2995341553866,	8.968091552670582,	0.015076853773594542,	0.09187357297787387,	0.4675015474568947,	0.3741880136239409,	400
867834000.0,	86.2995341553866,	8.968091552670582,	0.015164825621319619,	0.10705105889833287,	0.5255780855906383,	0.4275053438804637,	400
883612800.0,	86.2995341553866,	8.968091552670582,	0.01534848982922408,	0.12227524798906299,	0.5817770917709485,	0.4718994287439606,	400
