time ,	 x ,	 y ,	r_stem,	h_stem,	r_crown,	r_root,	k_geo
3281990400.0,	72.36374026870436,	0.15780687842947894,	0.015,	0.05,	0.2,	0.2,	400
