time ,	 x ,	 y ,	r_stem,	h_stem,	r_crown,	r_root,	k_geo
1199188800.0,	84.15882059196683,	9.512049434397637,	0.015,	0.05,	0.2,	0.2,	400
