time ,	 x ,	 y ,	r_stem,	h_stem,	r_crown,	r_root,	k_geo
2508829200.0,	65.52053176860598,	6.32536686673999,	0.015,	0.05,	0.2,	0.2,	400
