time ,	 x ,	 y ,	r_stem,	h_stem,	r_crown,	r_root,	k_geo
1214967600.0,	50.479721613115835,	7.701702254359701,	0.015,	0.05,	0.2,	0.2,	400
