time ,	 x ,	 y ,	r_stem,	h_stem,	r_crown,	r_root,	k_geo
4386506400.0,	85.44854794956963,	11.617843812792842,	0.015,	0.05,	0.2,	0.2,	400
