time ,	 x ,	 y ,	r_stem,	h_stem,	r_crown,	r_root,	k_geo
3045308400.0,	71.95053169980437,	13.737560171712708,	0.015,	0.05,	0.2,	0.2,	400
3061087200.0,	71.95053169980437,	13.737560171712708,	0.015000822094788428,	0.05138712828486697,	0.21656664414405916,	0.20416643714706859,	400
