time ,	 x ,	 y ,	r_stem,	h_stem,	r_crown,	r_root,	k_geo
678488400.0,	70.77701718110589,	4.5789632047413384,	0.015,	0.05,	0.2,	0.2,	400
