time ,	 x ,	 y ,	r_stem,	h_stem,	r_crown,	r_root,	k_geo
1498986000.0,	22.30729335579208,	10.587455597963782,	0.015,	0.05,	0.2,	0.2,	400
