time ,	 x ,	 y ,	r_stem,	h_stem,	r_crown,	r_root,	k_geo
4370727600.0,	78.06897660965262,	3.5694521118514917,	0.015,	0.05,	0.2,	0.2,	400
