time ,	 x ,	 y ,	r_stem,	h_stem,	r_crown,	r_root,	k_geo
867834000.0,	39.65816317350006,	10.484763822874214,	0.015,	0.05,	0.2,	0.2,	400
