time ,	 x ,	 y ,	r_stem,	h_stem,	r_crown,	r_root,	k_geo
1451649600.0,	70.88609780440794,	12.425387953375862,	0.015,	0.05,	0.2,	0.2,	400
