time ,	 x ,	 y ,	r_stem,	h_stem,	r_crown,	r_root,	k_geo
3471336000.0,	25.81810430122794,	12.895397950970125,	0.015,	0.05,	0.2,	0.2,	400
