time ,	 x ,	 y ,	r_stem,	h_stem,	r_crown,	r_root,	k_geo
47336400.0,	98.39701531341943,	6.875777675610401,	0.015,	0.05,	0.2,	0.2,	400
63115200.0,	98.39701531341943,	6.875777675610401,	0.015003403843182887,	0.056643864703894875,	0.28170116493971065,	0.21725039168404656,	400
78894000.0,	98.39701531341943,	6.875777675610401,	0.015027630052200525,	0.07310032337116726,	0.3594659226433276,	0.3355278096849539,	400
94672800.0,	98.39701531341943,	6.875777675610401,	0.015052736723058081,	0.09049271671966079,	0.4840490389008084,	0.3666468078225821,	400
110451600.0,	98.39701531341943,	6.875777675610401,	0.015062979235576915,	0.0994555602255663,	0.5338108688834735,	0.3733474500090189,	400
126230400.0,	98.39701531341943,	6.875777675610401,	0.015139815226052521,	0.11941512806299436,	0.6144706872644089,	0.41456910710557726,	400
142009200.0,	98.39701531341943,	6.875777675610401,	0.015154614646012716,	0.12464476682885874,	0.6368223093003513,	0.41809997302144714,	400
