time ,	 x ,	 y ,	r_stem,	h_stem,	r_crown,	r_root,	k_geo
220903200.0,	98.41582179649765,	9.587293661411367,	0.015,	0.05,	0.2,	0.2,	400
