time ,	 x ,	 y ,	r_stem,	h_stem,	r_crown,	r_root,	k_geo
2193253200.0,	20.633848914771146,	10.507258142451258,	0.015,	0.05,	0.2,	0.2,	400
