time ,	 x ,	 y ,	r_stem,	h_stem,	r_crown,	r_root,	k_geo
284018400.0,	25.006978952006598,	2.1339503495401764,	0.015,	0.05,	0.2,	0.2,	400
