time ,	 x ,	 y ,	r_stem,	h_stem,	r_crown,	r_root,	k_geo
1009843200.0,	38.46014050684128,	4.851486776499516,	0.015,	0.05,	0.2,	0.2,	400
