time ,	 x ,	 y ,	r_stem,	h_stem,	r_crown,	r_root,	k_geo
2997972000.0,	16.326273874681295,	8.369715214217772,	0.015,	0.05,	0.2,	0.2,	400
