time ,	 x ,	 y ,	r_stem,	h_stem,	r_crown,	r_root,	k_geo
3076866000.0,	19.573530411674856,	12.477100161008815,	0.015,	0.05,	0.2,	0.2,	400
3092644800.0,	19.573530411674856,	12.477100161008815,	0.015000037318356883,	0.050011715316020056,	0.20000754028100992,	0.2001891339807582,	400
