time ,	 x ,	 y ,	r_stem,	h_stem,	r_crown,	r_root,	k_geo
1530543600.0,	84.50194099786114,	0.42760217441261184,	0.015,	0.05,	0.2,	0.2,	400
