time ,	 x ,	 y ,	r_stem,	h_stem,	r_crown,	r_root,	k_geo
489142800.0,	31.033368756135914,	7.820613184030813,	0.015,	0.05,	0.2,	0.2,	400
504921600.0,	31.033368756135914,	7.820613184030813,	0.015001107724263283,	0.05051401939238854,	0.20263981888101762,	0.20561400909773286,	400
520700400.0,	31.033368756135914,	7.820613184030813,	0.015002304327786087,	0.05106488551969898,	0.2055381700607012,	0.21143619854697193,	400
536479200.0,	31.033368756135914,	7.820613184030813,	0.01500370293199741,	0.05171197461465144,	0.2091027293248983,	0.217954660521121,	400
552258000.0,	31.033368756135914,	7.820613184030813,	0.015004900187817714,	0.05223454548095879,	0.21182000416459956,	0.22326787788048125,	400
568036800.0,	31.033368756135914,	7.820613184030813,	0.01500689542761711,	0.053188100171774,	0.2177064010396474,	0.23176368321831523,	400
583815600.0,	31.033368756135914,	7.820613184030813,	0.01500940264174058,	0.0544138555571138,	0.22571963779779095,	0.24175424988591604,	400
599594400.0,	31.033368756135914,	7.820613184030813,	0.015011885273447574,	0.055506407643469174,	0.23219102435712513,	0.25087580900562995,	400
615373200.0,	31.033368756135914,	7.820613184030813,	0.015014307504587944,	0.05648165179137311,	0.23756654576262212,	0.2590980089044485,	400
