time ,	 x ,	 y ,	r_stem,	h_stem,	r_crown,	r_root,	k_geo
1988128800.0,	67.29759556361952,	13.03483767962973,	0.015,	0.05,	0.2,	0.2,	400
