time ,	 x ,	 y ,	r_stem,	h_stem,	r_crown,	r_root,	k_geo
4354948800.0,	83.25055436817249,	6.5292947837562725,	0.015,	0.05,	0.2,	0.2,	400
