time ,	 x ,	 y ,	r_stem,	h_stem,	r_crown,	r_root,	k_geo
1846119600.0,	97.41053323517373,	0.34451120272422864,	0.015,	0.05,	0.2,	0.2,	400
