time ,	 x ,	 y ,	r_stem,	h_stem,	r_crown,	r_root,	k_geo
1183410000.0,	43.87302652183291,	5.070772837269483,	0.015,	0.05,	0.2,	0.2,	400
1199188800.0,	43.87302652183291,	5.070772837269483,	0.01500335328917535,	0.05109793081488375,	0.20134149005543675,	0.21699419857731403,	400
1214967600.0,	43.87302652183291,	5.070772837269483,	0.015005133281224494,	0.052220034228813654,	0.21095076332480026,	0.22485883320183536,	400
1230746400.0,	43.87302652183291,	5.070772837269483,	0.015007537158210519,	0.0535576371477251,	0.2209599322244639,	0.23494243302047252,	400
1246525200.0,	43.87302652183291,	5.070772837269483,	0.015010397114081364,	0.05509673605468322,	0.23206026823565465,	0.24606237484780874,	400
1262304000.0,	43.87302652183291,	5.070772837269483,	0.015013855434944982,	0.05687480672512833,	0.24439157303869363,	0.25834097119002297,	400
