time ,	 x ,	 y ,	r_stem,	h_stem,	r_crown,	r_root,	k_geo
2729732400.0,	64.32154455240334,	8.537314996967108,	0.015,	0.05,	0.2,	0.2,	400
