time ,	 x ,	 y ,	r_stem,	h_stem,	r_crown,	r_root,	k_geo
3203096400.0,	63.300932041880785,	7.070704176590124,	0.015,	0.05,	0.2,	0.2,	400
