time ,	 x ,	 y ,	r_stem,	h_stem,	r_crown,	r_root,	k_geo
1972350000.0,	50.955316130139394,	14.488737492905585,	0.015,	0.05,	0.2,	0.2,	400
