time ,	 x ,	 y ,	r_stem,	h_stem,	r_crown,	r_root,	k_geo
4260276000.0,	12.941059096981766,	0.618218959535265,	0.015,	0.05,	0.2,	0.2,	400
