time ,	 x ,	 y ,	r_stem,	h_stem,	r_crown,	r_root,	k_geo
3928921200.0,	86.36587773425627,	9.497339991706614,	0.015,	0.05,	0.2,	0.2,	400
