time ,	 x ,	 y ,	r_stem,	h_stem,	r_crown,	r_root,	k_geo
1830340800.0,	84.4981193565244,	2.1463580549888865,	0.015,	0.05,	0.2,	0.2,	400
