time ,	 x ,	 y ,	r_stem,	h_stem,	r_crown,	r_root,	k_geo
788940000.0,	55.476918708772594,	6.222069341855164,	0.015,	0.05,	0.2,	0.2,	400
804718800.0,	55.476918708772594,	6.222069341855164,	0.01500608859174259,	0.052118723712280116,	0.20426576456537066,	0.23085547290297248,	400
820497600.0,	55.476918708772594,	6.222069341855164,	0.015016068710388249,	0.05551285861308167,	0.21802684057570415,	0.27024659995065614,	400
