time ,	 x ,	 y ,	r_stem,	h_stem,	r_crown,	r_root,	k_geo
3708018000.0,	65.372435216594,	9.140128734945431,	0.015,	0.05,	0.2,	0.2,	400
