time ,	 x ,	 y ,	r_stem,	h_stem,	r_crown,	r_root,	k_geo
3392442000.0,	53.95216440842505,	12.372536327957118,	0.015,	0.05,	0.2,	0.2,	400
