time ,	 x ,	 y ,	r_stem,	h_stem,	r_crown,	r_root,	k_geo
1893456000.0,	15.416460315218316,	12.648921717889642,	0.015,	0.05,	0.2,	0.2,	400
