time ,	 x ,	 y ,	r_stem,	h_stem,	r_crown,	r_root,	k_geo
4291833600.0,	26.0242431749248,	5.344192601213197,	0.015,	0.05,	0.2,	0.2,	400
