time ,	 x ,	 y ,	r_stem,	h_stem,	r_crown,	r_root,	k_geo
2808626400.0,	99.83902978040618,	9.959688021784762,	0.015,	0.05,	0.2,	0.2,	400
