time ,	 x ,	 y ,	r_stem,	h_stem,	r_crown,	r_root,	k_geo
2461492800.0,	93.11187299702213,	3.8510059102955503,	0.015,	0.05,	0.2,	0.2,	400
