time ,	 x ,	 y ,	r_stem,	h_stem,	r_crown,	r_root,	k_geo
2761290000.0,	83.8525869779131,	2.3605008315191185,	0.015,	0.05,	0.2,	0.2,	400
