time ,	 x ,	 y ,	r_stem,	h_stem,	r_crown,	r_root,	k_geo
1120294800.0,	25.250782797553406,	1.2667823223137609,	0.015,	0.05,	0.2,	0.2,	400
