time ,	 x ,	 y ,	r_stem,	h_stem,	r_crown,	r_root,	k_geo
2240589600.0,	84.54163317646618,	10.61238520587334,	0.015,	0.05,	0.2,	0.2,	400
