time ,	 x ,	 y ,	r_stem,	h_stem,	r_crown,	r_root,	k_geo
3471336000.0,	29.027332637760306,	1.5915322321811287,	0.015,	0.05,	0.2,	0.2,	400
