time ,	 x ,	 y ,	r_stem,	h_stem,	r_crown,	r_root,	k_geo
2161695600.0,	77.7000935988066,	0.016280380443638998,	0.015,	0.05,	0.2,	0.2,	400
2177474400.0,	77.7000935988066,	0.016280380443638998,	0.015010682553493682,	0.055070398402631476,	0.2271906042315479,	0.2541335312868636,	400
2193253200.0,	77.7000935988066,	0.016280380443638998,	0.015026755825646353,	0.06285408160976655,	0.28473738708277874,	0.3068317360387188,	400
2209032000.0,	77.7000935988066,	0.016280380443638998,	0.015029128549560032,	0.06576081639261101,	0.3134682670715609,	0.3113427562495533,	400
2224810800.0,	77.7000935988066,	0.016280380443638998,	0.01503441027610622,	0.0702404751010209,	0.35017460702022407,	0.32067959276986696,	400
