time ,	 x ,	 y ,	r_stem,	h_stem,	r_crown,	r_root,	k_geo
299797200.0,	90.68638245892524,	2.182118962431625,	0.015,	0.05,	0.2,	0.2,	400
