time ,	 x ,	 y ,	r_stem,	h_stem,	r_crown,	r_root,	k_geo
3644902800.0,	99.02473471892372,	13.705611087774855,	0.015,	0.05,	0.2,	0.2,	400
