time ,	 x ,	 y ,	r_stem,	h_stem,	r_crown,	r_root,	k_geo
2256368400.0,	89.36672344233848,	5.235331482007254,	0.015,	0.05,	0.2,	0.2,	400
