time ,	 x ,	 y ,	r_stem,	h_stem,	r_crown,	r_root,	k_geo
3644902800.0,	81.39893739445515,	12.947082725321271,	0.015,	0.05,	0.2,	0.2,	400
