time ,	 x ,	 y ,	r_stem,	h_stem,	r_crown,	r_root,	k_geo
2114359200.0,	77.78081242350294,	13.667389316332537,	0.015,	0.05,	0.2,	0.2,	400
