time ,	 x ,	 y ,	r_stem,	h_stem,	r_crown,	r_root,	k_geo
2919078000.0,	6.913185669299882,	12.304316216595595,	0.015,	0.05,	0.2,	0.2,	400
