time ,	 x ,	 y ,	r_stem,	h_stem,	r_crown,	r_root,	k_geo
3976257600.0,	92.68260202117435,	14.137356376696738,	0.015,	0.05,	0.2,	0.2,	400
