time ,	 x ,	 y ,	r_stem,	h_stem,	r_crown,	r_root,	k_geo
2650838400.0,	95.16859008897124,	5.564765944919918,	0.015,	0.05,	0.2,	0.2,	400
