time ,	 x ,	 y ,	r_stem,	h_stem,	r_crown,	r_root,	k_geo
3518672400.0,	72.50688500368358,	0.2301776567114966,	0.015,	0.05,	0.2,	0.2,	400
