time ,	 x ,	 y ,	r_stem,	h_stem,	r_crown,	r_root,	k_geo
1467428400.0,	70.07074991358976,	6.8298450340616785,	0.015,	0.05,	0.2,	0.2,	400
