time ,	 x ,	 y ,	r_stem,	h_stem,	r_crown,	r_root,	k_geo
3234654000.0,	61.32588087295615,	11.306641771058562,	0.015,	0.05,	0.2,	0.2,	400
