time ,	 x ,	 y ,	r_stem,	h_stem,	r_crown,	r_root,	k_geo
4212939600.0,	74.70287692394945,	5.027979892856168,	0.015,	0.05,	0.2,	0.2,	400
