time ,	 x ,	 y ,	r_stem,	h_stem,	r_crown,	r_root,	k_geo
2256368400.0,	76.73370503709054,	2.0507895978328783,	0.015,	0.05,	0.2,	0.2,	400
