time ,	 x ,	 y ,	r_stem,	h_stem,	r_crown,	r_root,	k_geo
3187317600.0,	75.05034887665606,	7.707489345879371,	0.015,	0.05,	0.2,	0.2,	400
