time ,	 x ,	 y ,	r_stem,	h_stem,	r_crown,	r_root,	k_geo
1767225600.0,	51.00725948157305,	1.8477431565049707,	0.015,	0.05,	0.2,	0.2,	400
