time ,	 x ,	 y ,	r_stem,	h_stem,	r_crown,	r_root,	k_geo
3850027200.0,	50.37652857982566,	5.956650832349524,	0.015,	0.05,	0.2,	0.2,	400
