time ,	 x ,	 y ,	r_stem,	h_stem,	r_crown,	r_root,	k_geo
2887520400.0,	18.067404066517668,	2.4229724905585783,	0.015,	0.05,	0.2,	0.2,	400
