time ,	 x ,	 y ,	r_stem,	h_stem,	r_crown,	r_root,	k_geo
1372755600.0,	30.9974367371618,	11.416061232992675,	0.015,	0.05,	0.2,	0.2,	400
1388534400.0,	30.9974367371618,	11.416061232992675,	0.0150001852505213,	0.05005823644568006,	0.20003862233591782,	0.20093887054393136,	400
