time ,	 x ,	 y ,	r_stem,	h_stem,	r_crown,	r_root,	k_geo
788940000.0,	63.88807316077448,	13.667090316868372,	0.015,	0.05,	0.2,	0.2,	400
