time ,	 x ,	 y ,	r_stem,	h_stem,	r_crown,	r_root,	k_geo
347133600.0,	98.758715690478,	9.168337832366358,	0.015,	0.05,	0.2,	0.2,	400
