time ,	 x ,	 y ,	r_stem,	h_stem,	r_crown,	r_root,	k_geo
1372755600.0,	96.719039574375,	14.532217985289844,	0.015,	0.05,	0.2,	0.2,	400
