time ,	 x ,	 y ,	r_stem,	h_stem,	r_crown,	r_root,	k_geo
1072958400.0,	0.7334668893277496,	9.934281050891627,	0.015,	0.05,	0.2,	0.2,	400
