time ,	 x ,	 y ,	r_stem,	h_stem,	r_crown,	r_root,	k_geo
2919078000.0,	74.40563221715801,	4.670566092462157,	0.015,	0.05,	0.2,	0.2,	400
