time ,	 x ,	 y ,	r_stem,	h_stem,	r_crown,	r_root,	k_geo
1719889200.0,	76.57324226944463,	5.7764510415038375,	0.015,	0.05,	0.2,	0.2,	400
