time ,	 x ,	 y ,	r_stem,	h_stem,	r_crown,	r_root,	k_geo
2493050400.0,	76.11504486246933,	3.601173185319968,	0.015,	0.05,	0.2,	0.2,	400
