time ,	 x ,	 y ,	r_stem,	h_stem,	r_crown,	r_root,	k_geo
4528515600.0,	2.645417877162104,	0.8479912908966797,	0.015,	0.05,	0.2,	0.2,	400
