time ,	 x ,	 y ,	r_stem,	h_stem,	r_crown,	r_root,	k_geo
1783004400.0,	85.14449078732623,	13.205900229522625,	0.015,	0.05,	0.2,	0.2,	400
