time ,	 x ,	 y ,	r_stem,	h_stem,	r_crown,	r_root,	k_geo
3139981200.0,	61.04026006519461,	4.4648970876869365,	0.015,	0.05,	0.2,	0.2,	400
