time ,	 x ,	 y ,	r_stem,	h_stem,	r_crown,	r_root,	k_geo
662709600.0,	65.53328362019609,	12.190904269575837,	0.015,	0.05,	0.2,	0.2,	400
