time ,	 x ,	 y ,	r_stem,	h_stem,	r_crown,	r_root,	k_geo
804718800.0,	95.42196310293669,	4.86659037932396,	0.015,	0.05,	0.2,	0.2,	400
