time ,	 x ,	 y ,	r_stem,	h_stem,	r_crown,	r_root,	k_geo
2729732400.0,	90.92243134486861,	1.3250557553974462,	0.015,	0.05,	0.2,	0.2,	400
