time ,	 x ,	 y ,	r_stem,	h_stem,	r_crown,	r_root,	k_geo
3976257600.0,	6.988423016508271,	8.85940277725601,	0.015,	0.05,	0.2,	0.2,	400
3992036400.0,	6.988423016508271,	8.85940277725601,	0.015001039409315598,	0.05047770059077534,	0.20240987063626975,	0.20526778942641305,	400
4007815200.0,	6.988423016508271,	8.85940277725601,	0.015002180603608325,	0.05099976941054961,	0.20512230472291276,	0.21083382088758146,	400
4023594000.0,	6.988423016508271,	8.85940277725601,	0.015003475250790422,	0.05159157848547992,	0.20831048635215824,	0.2168937972024177,	400
4039372800.0,	6.988423016508271,	8.85940277725601,	0.015005040286711702,	0.052315025854763525,	0.2124271405252648,	0.22389313126106433,	400
4055151600.0,	6.988423016508271,	8.85940277725601,	0.015006907286052423,	0.05318327842350913,	0.21759442447951952,	0.23180697846187254,	400
