time ,	 x ,	 y ,	r_stem,	h_stem,	r_crown,	r_root,	k_geo
504921600.0,	40.93315113800541,	8.577432013908297,	0.015,	0.05,	0.2,	0.2,	400
