time ,	 x ,	 y ,	r_stem,	h_stem,	r_crown,	r_root,	k_geo
2209032000.0,	55.72241792071021,	6.437826810236381,	0.015,	0.05,	0.2,	0.2,	400
