time ,	 x ,	 y ,	r_stem,	h_stem,	r_crown,	r_root,	k_geo
3345105600.0,	17.822246253247286,	11.258107389774375,	0.015,	0.05,	0.2,	0.2,	400
