time ,	 x ,	 y ,	r_stem,	h_stem,	r_crown,	r_root,	k_geo
299797200.0,	50.777579834469776,	13.333508321757725,	0.015,	0.05,	0.2,	0.2,	400
