time ,	 x ,	 y ,	r_stem,	h_stem,	r_crown,	r_root,	k_geo
4528515600.0,	24.946897101848855,	10.313423814621146,	0.015,	0.05,	0.2,	0.2,	400
