time ,	 x ,	 y ,	r_stem,	h_stem,	r_crown,	r_root,	k_geo
3660681600.0,	4.9879495015245805,	8.890978518654391,	0.015,	0.05,	0.2,	0.2,	400
