time ,	 x ,	 y ,	r_stem,	h_stem,	r_crown,	r_root,	k_geo
3423999600.0,	89.4012736405466,	1.2043200341667815,	0.015,	0.05,	0.2,	0.2,	400
