time ,	 x ,	 y ,	r_stem,	h_stem,	r_crown,	r_root,	k_geo
3455557200.0,	48.95879666006937,	4.788203786317185,	0.015,	0.05,	0.2,	0.2,	400
