time ,	 x ,	 y ,	r_stem,	h_stem,	r_crown,	r_root,	k_geo
2745511200.0,	43.15561919194011,	1.616906697230816,	0.015,	0.05,	0.2,	0.2,	400
