time ,	 x ,	 y ,	r_stem,	h_stem,	r_crown,	r_root,	k_geo
1972350000.0,	30.171381214177718,	12.487671591019017,	0.015,	0.05,	0.2,	0.2,	400
