time ,	 x ,	 y ,	r_stem,	h_stem,	r_crown,	r_root,	k_geo
3108423600.0,	60.46186711252935,	13.01767027043676,	0.015,	0.05,	0.2,	0.2,	400
