time ,	 x ,	 y ,	r_stem,	h_stem,	r_crown,	r_root,	k_geo
1988128800.0,	2.252982102979395,	11.461831021657982,	0.015,	0.05,	0.2,	0.2,	400
