time ,	 x ,	 y ,	r_stem,	h_stem,	r_crown,	r_root,	k_geo
4102488000.0,	72.54600853559899,	1.583524466383976,	0.015,	0.05,	0.2,	0.2,	400
