time ,	 x ,	 y ,	r_stem,	h_stem,	r_crown,	r_root,	k_geo
3376663200.0,	99.16296871010249,	2.360227608455683,	0.015,	0.05,	0.2,	0.2,	400
