time ,	 x ,	 y ,	r_stem,	h_stem,	r_crown,	r_root,	k_geo
1199188800.0,	5.124443109373933,	14.810484724822016,	0.015,	0.05,	0.2,	0.2,	400
