time ,	 x ,	 y ,	r_stem,	h_stem,	r_crown,	r_root,	k_geo
2067022800.0,	7.457587246283848,	10.794764790061734,	0.015,	0.05,	0.2,	0.2,	400
