time ,	 x ,	 y ,	r_stem,	h_stem,	r_crown,	r_root,	k_geo
3076866000.0,	4.4389274456743895,	1.070314552947168,	0.015,	0.05,	0.2,	0.2,	400
