time ,	 x ,	 y ,	r_stem,	h_stem,	r_crown,	r_root,	k_geo
4007815200.0,	14.746949011953802,	7.768846082656936,	0.015,	0.05,	0.2,	0.2,	400
