time ,	 x ,	 y ,	r_stem,	h_stem,	r_crown,	r_root,	k_geo
1925013600.0,	89.97391509551314,	2.130531247969617,	0.015,	0.05,	0.2,	0.2,	400
