time ,	 x ,	 y ,	r_stem,	h_stem,	r_crown,	r_root,	k_geo
473364000.0,	94.11034819228614,	9.850953214427077,	0.015,	0.05,	0.2,	0.2,	400
