time ,	 x ,	 y ,	r_stem,	h_stem,	r_crown,	r_root,	k_geo
978285600.0,	96.22488067657522,	10.174043669004652,	0.015,	0.05,	0.2,	0.2,	400
