time ,	 x ,	 y ,	r_stem,	h_stem,	r_crown,	r_root,	k_geo
3329326800.0,	46.297186406556236,	14.229792095447138,	0.015,	0.05,	0.2,	0.2,	400
