time ,	 x ,	 y ,	r_stem,	h_stem,	r_crown,	r_root,	k_geo
520700400.0,	63.28588690347243,	9.395500118802802,	0.015,	0.05,	0.2,	0.2,	400
