time ,	 x ,	 y ,	r_stem,	h_stem,	r_crown,	r_root,	k_geo
2635059600.0,	82.48166925544972,	6.116228398510352,	0.015,	0.05,	0.2,	0.2,	400
