time ,	 x ,	 y ,	r_stem,	h_stem,	r_crown,	r_root,	k_geo
678488400.0,	53.492090654686685,	1.9647114939460648,	0.015,	0.05,	0.2,	0.2,	400
