time ,	 x ,	 y ,	r_stem,	h_stem,	r_crown,	r_root,	k_geo
678488400.0,	89.97103711669118,	5.759067300389045,	0.015,	0.05,	0.2,	0.2,	400
