time ,	 x ,	 y ,	r_stem,	h_stem,	r_crown,	r_root,	k_geo
3629124000.0,	73.93354703857075,	10.126978574589781,	0.015,	0.05,	0.2,	0.2,	400
