time ,	 x ,	 y ,	r_stem,	h_stem,	r_crown,	r_root,	k_geo
2934856800.0,	61.64479821667707,	5.850003101295321,	0.015,	0.05,	0.2,	0.2,	400
