time ,	 x ,	 y ,	r_stem,	h_stem,	r_crown,	r_root,	k_geo
3834248400.0,	98.33522222387697,	2.223703110911388,	0.015,	0.05,	0.2,	0.2,	400
