time ,	 x ,	 y ,	r_stem,	h_stem,	r_crown,	r_root,	k_geo
2035465200.0,	93.40134577578759,	9.482324846592759,	0.015,	0.05,	0.2,	0.2,	400
