time ,	 x ,	 y ,	r_stem,	h_stem,	r_crown,	r_root,	k_geo
4481179200.0,	26.29237361092571,	12.99964615381173,	0.015,	0.05,	0.2,	0.2,	400
4496958000.0,	26.29237361092571,	12.99964615381173,	0.015000115997054558,	0.05003644161790451,	0.2000238319084638,	0.20058788665152683,	400
4512736800.0,	26.29237361092571,	12.99964615381173,	0.015000419998860015,	0.05013181089201836,	0.20008904091186086,	0.20212134031537698,	400
