time ,	 x ,	 y ,	r_stem,	h_stem,	r_crown,	r_root,	k_geo
3739575600.0,	37.965514500684364,	6.515033748324607,	0.015,	0.05,	0.2,	0.2,	400
