time ,	 x ,	 y ,	r_stem,	h_stem,	r_crown,	r_root,	k_geo
1120294800.0,	81.30391676649265,	4.048805160630948,	0.015,	0.05,	0.2,	0.2,	400
