time ,	 x ,	 y ,	r_stem,	h_stem,	r_crown,	r_root,	k_geo
1688331600.0,	82.57729935809954,	10.935464480539922,	0.015,	0.05,	0.2,	0.2,	400
