time ,	 x ,	 y ,	r_stem,	h_stem,	r_crown,	r_root,	k_geo
2429935200.0,	24.057614415000206,	4.874077282396402,	0.015,	0.05,	0.2,	0.2,	400
