time ,	 x ,	 y ,	r_stem,	h_stem,	r_crown,	r_root,	k_geo
1562101200.0,	24.427354590027573,	7.110769659117036,	0.015,	0.05,	0.2,	0.2,	400
