time ,	 x ,	 y ,	r_stem,	h_stem,	r_crown,	r_root,	k_geo
3629124000.0,	91.48228381368392,	7.363291759362861,	0.015,	0.05,	0.2,	0.2,	400
3644902800.0,	91.48228381368392,	7.363291759362861,	0.015008552752056495,	0.05663930693119042,	0.259257594962211,	0.24334193776373164,	400
