time ,	 x ,	 y ,	r_stem,	h_stem,	r_crown,	r_root,	k_geo
3061087200.0,	76.60514271660348,	3.608455471046418,	0.015,	0.05,	0.2,	0.2,	400
3076866000.0,	76.60514271660348,	3.608455471046418,	0.01501062905174758,	0.0549905504933409,	0.22626216275812575,	0.2538624475051905,	400
3092644800.0,	76.60514271660348,	3.608455471046418,	0.015011180836124235,	0.05636002662719583,	0.24367296366085708,	0.25567522353045014,	400
