time ,	 x ,	 y ,	r_stem,	h_stem,	r_crown,	r_root,	k_geo
3723796800.0,	56.60679779689243,	4.222566823868202,	0.015,	0.05,	0.2,	0.2,	400
