time ,	 x ,	 y ,	r_stem,	h_stem,	r_crown,	r_root,	k_geo
3439778400.0,	66.32092134070005,	11.127657958724985,	0.015,	0.05,	0.2,	0.2,	400
