time ,	 x ,	 y ,	r_stem,	h_stem,	r_crown,	r_root,	k_geo
3171538800.0,	75.24297507171141,	13.100269788971456,	0.015,	0.05,	0.2,	0.2,	400
