time ,	 x ,	 y ,	r_stem,	h_stem,	r_crown,	r_root,	k_geo
2351041200.0,	78.41523375377098,	12.290818375552773,	0.015,	0.05,	0.2,	0.2,	400
