time ,	 x ,	 y ,	r_stem,	h_stem,	r_crown,	r_root,	k_geo
3139981200.0,	15.843654998172173,	14.835852934354104,	0.015,	0.05,	0.2,	0.2,	400
