time ,	 x ,	 y ,	r_stem,	h_stem,	r_crown,	r_root,	k_geo
1546322400.0,	90.700360326015,	3.816781561733058,	0.015,	0.05,	0.2,	0.2,	400
