time ,	 x ,	 y ,	r_stem,	h_stem,	r_crown,	r_root,	k_geo
2603502000.0,	22.31679866732652,	9.408963993295089,	0.015,	0.05,	0.2,	0.2,	400
