time ,	 x ,	 y ,	r_stem,	h_stem,	r_crown,	r_root,	k_geo
4007815200.0,	94.75949149129234,	4.9799228625145435,	0.015,	0.05,	0.2,	0.2,	400
