time ,	 x ,	 y ,	r_stem,	h_stem,	r_crown,	r_root,	k_geo
1704110400.0,	51.706698870592504,	10.610095233970327,	0.015,	0.05,	0.2,	0.2,	400
1719889200.0,	51.706698870592504,	10.610095233970327,	0.015001934481682909,	0.05138692258257975,	0.21171904484277912,	0.2098039646172401,	400
1735668000.0,	51.706698870592504,	10.610095233970327,	0.01500463237007764,	0.0530514531134294,	0.22368015908329167,	0.2226850158945897,	400
