time ,	 x ,	 y ,	r_stem,	h_stem,	r_crown,	r_root,	k_geo
1009843200.0,	42.9933584765739,	11.62619992359158,	0.015,	0.05,	0.2,	0.2,	400
