time ,	 x ,	 y ,	r_stem,	h_stem,	r_crown,	r_root,	k_geo
3802690800.0,	24.624005051973484,	9.848125499661911,	0.015,	0.05,	0.2,	0.2,	400
