time ,	 x ,	 y ,	r_stem,	h_stem,	r_crown,	r_root,	k_geo
3360884400.0,	52.35289238293247,	6.29374066667041,	0.015,	0.05,	0.2,	0.2,	400
