time ,	 x ,	 y ,	r_stem,	h_stem,	r_crown,	r_root,	k_geo
4244497200.0,	88.40901529665372,	10.732707486897702,	0.015,	0.05,	0.2,	0.2,	400
