time ,	 x ,	 y ,	r_stem,	h_stem,	r_crown,	r_root,	k_geo
1530543600.0,	88.37738039343435,	2.8570846007527435,	0.015,	0.05,	0.2,	0.2,	400
