time ,	 x ,	 y ,	r_stem,	h_stem,	r_crown,	r_root,	k_geo
3076866000.0,	29.96877238715904,	12.94558210816882,	0.015,	0.05,	0.2,	0.2,	400
