time ,	 x ,	 y ,	r_stem,	h_stem,	r_crown,	r_root,	k_geo
2303704800.0,	15.090462517795533,	2.7988681088462446,	0.015,	0.05,	0.2,	0.2,	400
2319483600.0,	15.090462517795533,	2.7988681088462446,	0.015000831131547682,	0.050262989797949305,	0.20019844817218352,	0.20421223565180738,	400
2335262400.0,	15.090462517795533,	2.7988681088462446,	0.015001702148057244,	0.050650699560374636,	0.20214666213381557,	0.20847957026502445,	400
2351041200.0,	15.090462517795533,	2.7988681088462446,	0.01500260925660028,	0.0510503601086763,	0.2041815683490589,	0.21278647563734895,	400
2366820000.0,	15.090462517795533,	2.7988681088462446,	0.015003614451609765,	0.05149163830550671,	0.2064864961480269,	0.21740827936832735,	400
2382598800.0,	15.090462517795533,	2.7988681088462446,	0.015004546278063956,	0.05188934743403933,	0.2085284968103538,	0.22154569420868236,	400
2398377600.0,	15.090462517795533,	2.7988681088462446,	0.015005622364163656,	0.05234860219272859,	0.21096196107023174,	0.2261735663534064,	400
2414156400.0,	15.090462517795533,	2.7988681088462446,	0.015006759969918498,	0.052827189508489136,	0.2135202574019491,	0.23089213461151684,	400
