time ,	 x ,	 y ,	r_stem,	h_stem,	r_crown,	r_root,	k_geo
2240589600.0,	30.375320797760686,	12.303172588179793,	0.015,	0.05,	0.2,	0.2,	400
