time ,	 x ,	 y ,	r_stem,	h_stem,	r_crown,	r_root,	k_geo
3786912000.0,	98.34426736049002,	6.341126801248554,	0.015,	0.05,	0.2,	0.2,	400
