time ,	 x ,	 y ,	r_stem,	h_stem,	r_crown,	r_root,	k_geo
2477271600.0,	4.187529271731827,	2.0284615219928694,	0.015,	0.05,	0.2,	0.2,	400
