time ,	 x ,	 y ,	r_stem,	h_stem,	r_crown,	r_root,	k_geo
2224810800.0,	89.29972753611268,	6.662635292431432,	0.015,	0.05,	0.2,	0.2,	400
