time ,	 x ,	 y ,	r_stem,	h_stem,	r_crown,	r_root,	k_geo
2366820000.0,	40.00496358137309,	14.62016678722889,	0.015,	0.05,	0.2,	0.2,	400
