time ,	 x ,	 y ,	r_stem,	h_stem,	r_crown,	r_root,	k_geo
946728000.0,	40.58097678038655,	1.4153253532038224,	0.015,	0.05,	0.2,	0.2,	400
