time ,	 x ,	 y ,	r_stem,	h_stem,	r_crown,	r_root,	k_geo
4481179200.0,	65.87304023991122,	1.8845194013212552,	0.015,	0.05,	0.2,	0.2,	400
