time ,	 x ,	 y ,	r_stem,	h_stem,	r_crown,	r_root,	k_geo
378691200.0,	55.69378328838983,	12.34259655944326,	0.015,	0.05,	0.2,	0.2,	400
