time ,	 x ,	 y ,	r_stem,	h_stem,	r_crown,	r_root,	k_geo
4386506400.0,	86.27805446780866,	10.784562487161843,	0.015,	0.05,	0.2,	0.2,	400
4402285200.0,	86.27805446780866,	10.784562487161843,	0.01500039310628467,	0.051387207625533865,	0.21843618988571986,	0.2019923020113269,	400
