time ,	 x ,	 y ,	r_stem,	h_stem,	r_crown,	r_root,	k_geo
2556165600.0,	44.77510246658072,	8.670279174603483,	0.015,	0.05,	0.2,	0.2,	400
