time ,	 x ,	 y ,	r_stem,	h_stem,	r_crown,	r_root,	k_geo
1214967600.0,	73.14982418141402,	7.190170008904642,	0.015,	0.05,	0.2,	0.2,	400
