time ,	 x ,	 y ,	r_stem,	h_stem,	r_crown,	r_root,	k_geo
4370727600.0,	60.623416630399085,	13.800024722340895,	0.015,	0.05,	0.2,	0.2,	400
