time ,	 x ,	 y ,	r_stem,	h_stem,	r_crown,	r_root,	k_geo
1230746400.0,	3.9817586750535594,	5.985506373389907,	0.015,	0.05,	0.2,	0.2,	400
