time ,	 x ,	 y ,	r_stem,	h_stem,	r_crown,	r_root,	k_geo
1640995200.0,	93.68391751766754,	10.569484614279746,	0.015,	0.05,	0.2,	0.2,	400
