time ,	 x ,	 y ,	r_stem,	h_stem,	r_crown,	r_root,	k_geo
2966414400.0,	96.40140420093164,	7.8042279144803715,	0.015,	0.05,	0.2,	0.2,	400
