time ,	 x ,	 y ,	r_stem,	h_stem,	r_crown,	r_root,	k_geo
4449621600.0,	26.06239543682204,	5.359750070927735,	0.015,	0.05,	0.2,	0.2,	400
