time ,	 x ,	 y ,	r_stem,	h_stem,	r_crown,	r_root,	k_geo
4102488000.0,	18.420887061124034,	4.59077041818569,	0.015,	0.05,	0.2,	0.2,	400
