time ,	 x ,	 y ,	r_stem,	h_stem,	r_crown,	r_root,	k_geo
2934856800.0,	75.87147866221517,	0.34312851965385305,	0.015,	0.05,	0.2,	0.2,	400
