time ,	 x ,	 y ,	r_stem,	h_stem,	r_crown,	r_root,	k_geo
3013750800.0,	53.42520711533601,	6.230264696741209,	0.015,	0.05,	0.2,	0.2,	400
