time ,	 x ,	 y ,	r_stem,	h_stem,	r_crown,	r_root,	k_geo
1688331600.0,	13.95874458594264,	14.978542747029314,	0.015,	0.05,	0.2,	0.2,	400
