time ,	 x ,	 y ,	r_stem,	h_stem,	r_crown,	r_root,	k_geo
220903200.0,	72.01068124273561,	7.970578428626778,	0.015,	0.05,	0.2,	0.2,	400
