time ,	 x ,	 y ,	r_stem,	h_stem,	r_crown,	r_root,	k_geo
2698174800.0,	62.1103917686123,	9.875880012254502,	0.015,	0.05,	0.2,	0.2,	400
