time ,	 x ,	 y ,	r_stem,	h_stem,	r_crown,	r_root,	k_geo
4023594000.0,	6.9419290563571545,	12.894570155433982,	0.015,	0.05,	0.2,	0.2,	400
