time ,	 x ,	 y ,	r_stem,	h_stem,	r_crown,	r_root,	k_geo
331354800.0,	61.417026511371354,	12.110758694302746,	0.015,	0.05,	0.2,	0.2,	400
