time ,	 x ,	 y ,	r_stem,	h_stem,	r_crown,	r_root,	k_geo
1120294800.0,	34.40887320013596,	10.397015372267095,	0.015,	0.05,	0.2,	0.2,	400
