time ,	 x ,	 y ,	r_stem,	h_stem,	r_crown,	r_root,	k_geo
3218875200.0,	23.915905024725237,	1.2588210261867632,	0.015,	0.05,	0.2,	0.2,	400
