time ,	 x ,	 y ,	r_stem,	h_stem,	r_crown,	r_root,	k_geo
4496958000.0,	58.739086620670975,	8.974824698366687,	0.015,	0.05,	0.2,	0.2,	400
