time ,	 x ,	 y ,	r_stem,	h_stem,	r_crown,	r_root,	k_geo
2950635600.0,	48.76864929523862,	4.866633322713468,	0.015,	0.05,	0.2,	0.2,	400
