time ,	 x ,	 y ,	r_stem,	h_stem,	r_crown,	r_root,	k_geo
331354800.0,	76.40300278465659,	7.92774916849656,	0.015,	0.05,	0.2,	0.2,	400
347133600.0,	76.40300278465659,	7.92774916849656,	0.015011073838877044,	0.05613980608085291,	0.24104001972015354,	0.25611609372051874,	400
362912400.0,	76.40300278465659,	7.92774916849656,	0.015011874297586561,	0.05810074192606576,	0.26397647750301895,	0.2587142826208862,	400
378691200.0,	76.40300278465659,	7.92774916849656,	0.01501377841195151,	0.06113645385200559,	0.29364627178266284,	0.2648011005290897,	400
