time ,	 x ,	 y ,	r_stem,	h_stem,	r_crown,	r_root,	k_geo
3234654000.0,	18.269210028519222,	1.0025206172994623,	0.015,	0.05,	0.2,	0.2,	400
3250432800.0,	18.269210028519222,	1.0025206172994623,	0.015000139817160456,	0.05004393480475703,	0.20002887111701473,	0.2007086095331318,	400
3266211600.0,	18.269210028519222,	1.0025206172994623,	0.015000271856475943,	0.0500852614796586,	0.20005620544321806,	0.2013740012064238,	400
