time ,	 x ,	 y ,	r_stem,	h_stem,	r_crown,	r_root,	k_geo
552258000.0,	41.75611959298323,	6.513546014549674,	0.015,	0.05,	0.2,	0.2,	400
