time ,	 x ,	 y ,	r_stem,	h_stem,	r_crown,	r_root,	k_geo
3881584800.0,	0.31446953100513486,	1.7357482758834608,	0.015,	0.05,	0.2,	0.2,	400
