time ,	 x ,	 y ,	r_stem,	h_stem,	r_crown,	r_root,	k_geo
2461492800.0,	93.35917218213643,	3.1489563740713997,	0.015,	0.05,	0.2,	0.2,	400
