time ,	 x ,	 y ,	r_stem,	h_stem,	r_crown,	r_root,	k_geo
1356976800.0,	87.6328370761718,	11.213937356141944,	0.015,	0.05,	0.2,	0.2,	400
