time ,	 x ,	 y ,	r_stem,	h_stem,	r_crown,	r_root,	k_geo
1767225600.0,	2.9287769112532946,	11.509374484994474,	0.015,	0.05,	0.2,	0.2,	400
