time ,	 x ,	 y ,	r_stem,	h_stem,	r_crown,	r_root,	k_geo
4260276000.0,	26.60931447065632,	0.5524213538092826,	0.015,	0.05,	0.2,	0.2,	400
4276054800.0,	26.60931447065632,	0.5524213538092826,	0.015000146290505214,	0.05006065878100255,	0.2002435728074389,	0.20074141713485255,	400
