time ,	 x ,	 y ,	r_stem,	h_stem,	r_crown,	r_root,	k_geo
1609437600.0,	76.49882323474337,	3.508665044691437,	0.015,	0.05,	0.2,	0.2,	400
