time ,	 x ,	 y ,	r_stem,	h_stem,	r_crown,	r_root,	k_geo
3502893600.0,	39.19952563012185,	8.558084622954373,	0.015,	0.05,	0.2,	0.2,	400
3518672400.0,	39.19952563012185,	8.558084622954373,	0.015001276145951701,	0.050607253267092166,	0.20326043202781616,	0.20646756658547427,	400
3534451200.0,	39.19952563012185,	8.558084622954373,	0.015002748903036853,	0.051311269034138865,	0.20721435173419203,	0.21359136181257754,	400
3550230000.0,	39.19952563012185,	8.558084622954373,	0.015004321773923279,	0.05204897810452938,	0.21139048137050517,	0.2208113537307895,	400
3566008800.0,	39.19952563012185,	8.558084622954373,	0.015006268191081236,	0.052979639374434895,	0.21700764962229005,	0.2292705891919341,	400
3581787600.0,	39.19952563012185,	8.558084622954373,	0.015008386955790081,	0.053959569813659805,	0.22286667273577637,	0.23789336346509096,	400
