time ,	 x ,	 y ,	r_stem,	h_stem,	r_crown,	r_root,	k_geo
378691200.0,	87.12195810671052,	11.567835916243933,	0.015,	0.05,	0.2,	0.2,	400
