time ,	 x ,	 y ,	r_stem,	h_stem,	r_crown,	r_root,	k_geo
1514764800.0,	88.60751180038177,	0.5276593755559028,	0.015,	0.05,	0.2,	0.2,	400
