time ,	 x ,	 y ,	r_stem,	h_stem,	r_crown,	r_root,	k_geo
3203096400.0,	86.83087807938035,	11.173588016187617,	0.015,	0.05,	0.2,	0.2,	400
