time ,	 x ,	 y ,	r_stem,	h_stem,	r_crown,	r_root,	k_geo
205124400.0,	75.01954720861836,	10.203986835447902,	0.015,	0.05,	0.2,	0.2,	400
