time ,	 x ,	 y ,	r_stem,	h_stem,	r_crown,	r_root,	k_geo
1214967600.0,	41.36921299702595,	7.576615538570569,	0.015,	0.05,	0.2,	0.2,	400
