time ,	 x ,	 y ,	r_stem,	h_stem,	r_crown,	r_root,	k_geo
1593658800.0,	45.24083030222902,	6.671272298592857,	0.015,	0.05,	0.2,	0.2,	400
