time ,	 x ,	 y ,	r_stem,	h_stem,	r_crown,	r_root,	k_geo
3360884400.0,	48.332817473200905,	4.007579366165705,	0.015,	0.05,	0.2,	0.2,	400
3376663200.0,	48.332817473200905,	4.007579366165705,	0.015004809073438647,	0.051619773535061114,	0.20258494024186788,	0.22437156763473315,	400
3392442000.0,	48.332817473200905,	4.007579366165705,	0.015012304019012577,	0.05399360297411096,	0.20912193271647528,	0.2555584896004147,	400
3408220800.0,	48.332817473200905,	4.007579366165705,	0.01501299843800886,	0.05468099268431182,	0.2175447833427406,	0.2577754914390922,	400
3423999600.0,	48.332817473200905,	4.007579366165705,	0.015013967113964162,	0.0556301399640803,	0.22856544994803923,	0.2608257542219302,	400
