time ,	 x ,	 y ,	r_stem,	h_stem,	r_crown,	r_root,	k_geo
3834248400.0,	13.407338588234863,	9.632557261683644,	0.015,	0.05,	0.2,	0.2,	400
