time ,	 x ,	 y ,	r_stem,	h_stem,	r_crown,	r_root,	k_geo
915170400.0,	52.207148487228935,	8.227331374020366,	0.015,	0.05,	0.2,	0.2,	400
