time ,	 x ,	 y ,	r_stem,	h_stem,	r_crown,	r_root,	k_geo
3755354400.0,	92.74085742590283,	5.691998843919549,	0.015,	0.05,	0.2,	0.2,	400
