time ,	 x ,	 y ,	r_stem,	h_stem,	r_crown,	r_root,	k_geo
1214967600.0,	25.157108922201644,	14.068864821069468,	0.015,	0.05,	0.2,	0.2,	400
1230746400.0,	25.157108922201644,	14.068864821069468,	0.015000195467723383,	0.050061454372249924,	0.20004084064900238,	0.20099065235484503,	400
1246525200.0,	25.157108922201644,	14.068864821069468,	0.015000354733453385,	0.05011123828621161,	0.20007405583237,	0.20179142994353633,	400
1262304000.0,	25.157108922201644,	14.068864821069468,	0.01500041643406763,	0.05013042234315916,	0.20008672203214153,	0.20209966494890882,	400
