time ,	 x ,	 y ,	r_stem,	h_stem,	r_crown,	r_root,	k_geo
2161695600.0,	27.145217061993442,	5.608845508550614,	0.015,	0.05,	0.2,	0.2,	400
