time ,	 x ,	 y ,	r_stem,	h_stem,	r_crown,	r_root,	k_geo
2887520400.0,	69.8518847844189,	4.008503793036629,	0.015,	0.05,	0.2,	0.2,	400
2903299200.0,	69.8518847844189,	4.008503793036629,	0.015009385396079458,	0.053808675457079555,	0.2144861762209598,	0.24756096793430177,	400
