time ,	 x ,	 y ,	r_stem,	h_stem,	r_crown,	r_root,	k_geo
284018400.0,	86.91997052844795,	0.22233811275272963,	0.015,	0.05,	0.2,	0.2,	400
