time ,	 x ,	 y ,	r_stem,	h_stem,	r_crown,	r_root,	k_geo
3881584800.0,	58.241242374694515,	14.992653040108353,	0.015,	0.05,	0.2,	0.2,	400
