time ,	 x ,	 y ,	r_stem,	h_stem,	r_crown,	r_root,	k_geo
3502893600.0,	88.5571440522431,	12.482422080837333,	0.015,	0.05,	0.2,	0.2,	400
