time ,	 x ,	 y ,	r_stem,	h_stem,	r_crown,	r_root,	k_geo
3850027200.0,	24.01017209638957,	11.428459764263783,	0.015,	0.05,	0.2,	0.2,	400
