time ,	 x ,	 y ,	r_stem,	h_stem,	r_crown,	r_root,	k_geo
2035465200.0,	98.23826354991276,	9.324420093875151,	0.015,	0.05,	0.2,	0.2,	400
