time ,	 x ,	 y ,	r_stem,	h_stem,	r_crown,	r_root,	k_geo
725824800.0,	36.713406938655325,	5.882549958809433,	0.015,	0.05,	0.2,	0.2,	400
