time ,	 x ,	 y ,	r_stem,	h_stem,	r_crown,	r_root,	k_geo
4591630800.0,	55.29567067443205,	2.0688891233113083,	0.015,	0.05,	0.2,	0.2,	400
