time ,	 x ,	 y ,	r_stem,	h_stem,	r_crown,	r_root,	k_geo
4212939600.0,	70.34994938923155,	8.810716041540497,	0.015,	0.05,	0.2,	0.2,	400
