time ,	 x ,	 y ,	r_stem,	h_stem,	r_crown,	r_root,	k_geo
3597566400.0,	52.66460526913765,	14.79124765871034,	0.015,	0.05,	0.2,	0.2,	400
