time ,	 x ,	 y ,	r_stem,	h_stem,	r_crown,	r_root,	k_geo
867834000.0,	84.76959505169145,	5.662184776942572,	0.015,	0.05,	0.2,	0.2,	400
883612800.0,	84.76959505169145,	5.662184776942572,	0.015000434254898788,	0.05138720001487513,	0.21825686086225396,	0.20220084621564918,	400
899391600.0,	84.76959505169145,	5.662184776942572,	0.015001415644880091,	0.053488137861765386,	0.2415948684202126,	0.20725362454370252,	400
915170400.0,	84.76959505169145,	5.662184776942572,	0.015003439748395126,	0.05660466050078717,	0.2698586482653265,	0.2176035963292731,	400
930949200.0,	84.76959505169145,	5.662184776942572,	0.015003737962904964,	0.05752498803354234,	0.27829758948780886,	0.21903855357338434,	400
946728000.0,	84.76959505169145,	5.662184776942572,	0.015004161719110967,	0.05866713734506201,	0.2882000718745476,	0.22106659776414792,	400
962506800.0,	84.76959505169145,	5.662184776942572,	0.015004728042285842,	0.06007774065184154,	0.29978943502195227,	0.22374745664028178,	400
