time ,	 x ,	 y ,	r_stem,	h_stem,	r_crown,	r_root,	k_geo
2445714000.0,	51.242982045184746,	14.384197238628973,	0.015,	0.05,	0.2,	0.2,	400
