time ,	 x ,	 y ,	r_stem,	h_stem,	r_crown,	r_root,	k_geo
3613345200.0,	99.55706881829647,	4.360135474381661,	0.015,	0.05,	0.2,	0.2,	400
3629124000.0,	99.55706881829647,	4.360135474381661,	0.015006539392406253,	0.056641088582382246,	0.26803281971378556,	0.23313983864259102,	400
