time ,	 x ,	 y ,	r_stem,	h_stem,	r_crown,	r_root,	k_geo
1435870800.0,	62.310001953951534,	1.5362047025331265,	0.015,	0.05,	0.2,	0.2,	400
