time ,	 x ,	 y ,	r_stem,	h_stem,	r_crown,	r_root,	k_geo
3881584800.0,	5.886618498177931,	0.7271317602214167,	0.015,	0.05,	0.2,	0.2,	400
