time ,	 x ,	 y ,	r_stem,	h_stem,	r_crown,	r_root,	k_geo
3992036400.0,	59.642158831609905,	4.359189822280067,	0.015,	0.05,	0.2,	0.2,	400
4007815200.0,	59.642158831609905,	4.359189822280067,	0.015007230738082857,	0.05261370700357988,	0.20648908900226925,	0.2366430824057364,	400
