time ,	 x ,	 y ,	r_stem,	h_stem,	r_crown,	r_root,	k_geo
1672552800.0,	90.22737684866627,	5.543684277179368,	0.015,	0.05,	0.2,	0.2,	400
1688331600.0,	90.22737684866627,	5.543684277179368,	0.01500036130110245,	0.05138721350811725,	0.21857479976524907,	0.20183111086559616,	400
1704110400.0,	90.22737684866627,	5.543684277179368,	0.015001156967249135,	0.05351016152182757,	0.24289576294222,	0.20594280633136913,	400
