time ,	 x ,	 y ,	r_stem,	h_stem,	r_crown,	r_root,	k_geo
4244497200.0,	59.56226128886488,	11.961402632255005,	0.015,	0.05,	0.2,	0.2,	400
