time ,	 x ,	 y ,	r_stem,	h_stem,	r_crown,	r_root,	k_geo
2666617200.0,	72.08782820027503,	4.161608599132931,	0.015,	0.05,	0.2,	0.2,	400
