time ,	 x ,	 y ,	r_stem,	h_stem,	r_crown,	r_root,	k_geo
2966414400.0,	60.9364055953877,	4.950770503423263,	0.015,	0.05,	0.2,	0.2,	400
