time ,	 x ,	 y ,	r_stem,	h_stem,	r_crown,	r_root,	k_geo
1735668000.0,	80.58435161117356,	5.718241471682758,	0.015,	0.05,	0.2,	0.2,	400
