time ,	 x ,	 y ,	r_stem,	h_stem,	r_crown,	r_root,	k_geo
1909234800.0,	67.78408041214789,	12.6933165450958,	0.015,	0.05,	0.2,	0.2,	400
