time ,	 x ,	 y ,	r_stem,	h_stem,	r_crown,	r_root,	k_geo
930949200.0,	73.0169846528135,	13.039728025446198,	0.015,	0.05,	0.2,	0.2,	400
