time ,	 x ,	 y ,	r_stem,	h_stem,	r_crown,	r_root,	k_geo
1009843200.0,	89.37657790354343,	2.6294874885322415,	0.015,	0.05,	0.2,	0.2,	400
