time ,	 x ,	 y ,	r_stem,	h_stem,	r_crown,	r_root,	k_geo
2540386800.0,	68.78155543694206,	7.631091975432527,	0.015,	0.05,	0.2,	0.2,	400
