time ,	 x ,	 y ,	r_stem,	h_stem,	r_crown,	r_root,	k_geo
441806400.0,	35.1977294702799,	4.589226437777654,	0.015,	0.05,	0.2,	0.2,	400
