time ,	 x ,	 y ,	r_stem,	h_stem,	r_crown,	r_root,	k_geo
4370727600.0,	28.196939628098573,	6.34831895991368,	0.015,	0.05,	0.2,	0.2,	400
