time ,	 x ,	 y ,	r_stem,	h_stem,	r_crown,	r_root,	k_geo
3865806000.0,	71.6372514580087,	0.32941932393547646,	0.015,	0.05,	0.2,	0.2,	400
