time ,	 x ,	 y ,	r_stem,	h_stem,	r_crown,	r_root,	k_geo
2619280800.0,	81.91306248474254,	3.3369515222928605,	0.015,	0.05,	0.2,	0.2,	400
