time ,	 x ,	 y ,	r_stem,	h_stem,	r_crown,	r_root,	k_geo
4228718400.0,	85.80397532849598,	0.4023817763312293,	0.015,	0.05,	0.2,	0.2,	400
