time ,	 x ,	 y ,	r_stem,	h_stem,	r_crown,	r_root,	k_geo
2650838400.0,	54.18143968497755,	1.4311877347914232,	0.015,	0.05,	0.2,	0.2,	400
2666617200.0,	54.18143968497755,	1.4311877347914232,	0.015001970062050483,	0.051386916003822884,	0.21156399665673611,	0.20998428184627707,	400
2682396000.0,	54.18143968497755,	1.4311877347914232,	0.015004574902879384,	0.05304148539171545,	0.2238047184094493,	0.22239897102188513,	400
