time ,	 x ,	 y ,	r_stem,	h_stem,	r_crown,	r_root,	k_geo
2650838400.0,	88.37128025507135,	13.31776383168486,	0.015,	0.05,	0.2,	0.2,	400
