time ,	 x ,	 y ,	r_stem,	h_stem,	r_crown,	r_root,	k_geo
4354948800.0,	69.61914892616625,	14.782052542668888,	0.015,	0.05,	0.2,	0.2,	400
