time ,	 x ,	 y ,	r_stem,	h_stem,	r_crown,	r_root,	k_geo
2209032000.0,	98.52626545975993,	12.178770359281378,	0.015,	0.05,	0.2,	0.2,	400
