time ,	 x ,	 y ,	r_stem,	h_stem,	r_crown,	r_root,	k_geo
3881584800.0,	22.055698805201985,	7.598608394593064,	0.015,	0.05,	0.2,	0.2,	400
