time ,	 x ,	 y ,	r_stem,	h_stem,	r_crown,	r_root,	k_geo
2287926000.0,	81.48946927501434,	9.851728626950228,	0.015,	0.05,	0.2,	0.2,	400
