time ,	 x ,	 y ,	r_stem,	h_stem,	r_crown,	r_root,	k_geo
4433842800.0,	54.76954088035333,	13.240510890082575,	0.015,	0.05,	0.2,	0.2,	400
