time ,	 x ,	 y ,	r_stem,	h_stem,	r_crown,	r_root,	k_geo
3124202400.0,	65.2778514644813,	2.4024451246635605,	0.015,	0.05,	0.2,	0.2,	400
