time ,	 x ,	 y ,	r_stem,	h_stem,	r_crown,	r_root,	k_geo
410248800.0,	87.87482455501632,	9.855458105150335,	0.015,	0.05,	0.2,	0.2,	400
