time ,	 x ,	 y ,	r_stem,	h_stem,	r_crown,	r_root,	k_geo
3818469600.0,	20.589328597873813,	12.348535735865697,	0.015,	0.05,	0.2,	0.2,	400
3834248400.0,	20.589328597873813,	12.348535735865697,	0.015000322560692536,	0.05013611486225277,	0.20057147533798247,	0.2016347712776191,	400
3850027200.0,	20.589328597873813,	12.348535735865697,	0.015000706504305138,	0.050298406808356344,	0.2012684364092276,	0.20355712377266066,	400
3865806000.0,	20.589328597873813,	12.348535735865697,	0.015001092455586371,	0.05046066141501391,	0.2019709988485286,	0.20546203280024017,	400
3881584800.0,	20.589328597873813,	12.348535735865697,	0.015001420908815118,	0.050597144789150166,	0.2025580960655864,	0.20706018444010194,	400
3897363600.0,	20.589328597873813,	12.348535735865697,	0.015001648866981908,	0.05069047104560205,	0.20295252268552036,	0.20815607531770197,	400
3913142400.0,	20.589328597873813,	12.348535735865697,	0.01500226397932293,	0.05095180679231678,	0.20416904999890134,	0.21108867861706782,	400
3928921200.0,	20.589328597873813,	12.348535735865697,	0.015003052720841445,	0.05129026254442567,	0.20582137908633308,	0.21476677197754382,	400
3944700000.0,	20.589328597873813,	12.348535735865697,	0.01500381017283215,	0.051609741827084776,	0.2073776202061112,	0.21820177598216864,	400
