time ,	 x ,	 y ,	r_stem,	h_stem,	r_crown,	r_root,	k_geo
1246525200.0,	18.258675148681302,	10.141929876070193,	0.015,	0.05,	0.2,	0.2,	400
