time ,	 x ,	 y ,	r_stem,	h_stem,	r_crown,	r_root,	k_geo
1199188800.0,	40.502817731035194,	8.96168797509739,	0.015,	0.05,	0.2,	0.2,	400
