time ,	 x ,	 y ,	r_stem,	h_stem,	r_crown,	r_root,	k_geo
4370727600.0,	98.72097854490605,	13.086453668012393,	0.015,	0.05,	0.2,	0.2,	400
