time ,	 x ,	 y ,	r_stem,	h_stem,	r_crown,	r_root,	k_geo
2303704800.0,	63.208857851620856,	0.735026246491286,	0.015,	0.05,	0.2,	0.2,	400
