time ,	 x ,	 y ,	r_stem,	h_stem,	r_crown,	r_root,	k_geo
78894000.0,	86.79122785895001,	7.430142477379096,	0.015,	0.05,	0.2,	0.2,	400
94672800.0,	86.79122785895001,	7.430142477379096,	0.015004831083592735,	0.05664260085211892,	0.2754792917488893,	0.22448310485836198,	400
110451600.0,	86.79122785895001,	7.430142477379096,	0.015010790347405404,	0.06490733336377505,	0.3397745868636836,	0.2514464718917899,	400
126230400.0,	86.79122785895001,	7.430142477379096,	0.015023758343733644,	0.07673369871959713,	0.40542908795424715,	0.2969620472803015,	400
