time ,	 x ,	 y ,	r_stem,	h_stem,	r_crown,	r_root,	k_geo
3944700000.0,	65.76642908414343,	1.1810114257597566,	0.015,	0.05,	0.2,	0.2,	400
