time ,	 x ,	 y ,	r_stem,	h_stem,	r_crown,	r_root,	k_geo
710046000.0,	94.91492216266134,	4.1646365988198415,	0.015,	0.05,	0.2,	0.2,	400
