time ,	 x ,	 y ,	r_stem,	h_stem,	r_crown,	r_root,	k_geo
3613345200.0,	49.0547529485128,	3.1260991848751436,	0.015,	0.05,	0.2,	0.2,	400
3629124000.0,	49.0547529485128,	3.1260991848751436,	0.015005036001136295,	0.05170500904287952,	0.20283556380656018,	0.22552152881560839,	400
3644902800.0,	49.0547529485128,	3.1260991848751436,	0.015012767534083116,	0.05415702322691623,	0.20984089887511082,	0.25739317013716745,	400
3660681600.0,	49.0547529485128,	3.1260991848751436,	0.015024282749733086,	0.05756480356594195,	0.22527837592107466,	0.29356683441319886,	400
3676460400.0,	49.0547529485128,	3.1260991848751436,	0.015024822821734582,	0.05809412029789223,	0.232009700274581,	0.2947746129599349,	400
3692239200.0,	49.0547529485128,	3.1260991848751436,	0.015025680023918552,	0.05884735663858836,	0.241010432789607,	0.2966675236868875,	400
3708018000.0,	49.0547529485128,	3.1260991848751436,	0.015027150291941906,	0.0599148416335705,	0.25256973378392905,	0.29984751482879923,	400
3723796800.0,	49.0547529485128,	3.1260991848751436,	0.01502944836196242,	0.061403094662615974,	0.26727435161057483,	0.3046403900427818,	400
