time ,	 x ,	 y ,	r_stem,	h_stem,	r_crown,	r_root,	k_geo
4007815200.0,	68.56029596707032,	6.3121038099192255,	0.015,	0.05,	0.2,	0.2,	400
