time ,	 x ,	 y ,	r_stem,	h_stem,	r_crown,	r_root,	k_geo
2571944400.0,	45.47070006117075,	10.979069366173837,	0.015,	0.05,	0.2,	0.2,	400
2587723200.0,	45.47070006117075,	10.979069366173837,	0.015003291907993085,	0.05107672305947109,	0.20130067541479116,	0.21668313605666578,	400
2603502000.0,	45.47070006117075,	10.979069366173837,	0.015008025777519696,	0.05252915016711507,	0.20381656950960453,	0.23765118233798707,	400
2619280800.0,	45.47070006117075,	10.979069366173837,	0.015015539250084843,	0.054718626631971926,	0.21007729249505452,	0.26560628813858395,	400
2635059600.0,	45.47070006117075,	10.979069366173837,	0.015026451886708444,	0.05764808814057788,	0.22239235453424427,	0.29740899031792656,	400
