time ,	 x ,	 y ,	r_stem,	h_stem,	r_crown,	r_root,	k_geo
2193253200.0,	61.45317713006758,	1.015965362836324,	0.015,	0.05,	0.2,	0.2,	400
