time ,	 x ,	 y ,	r_stem,	h_stem,	r_crown,	r_root,	k_geo
2650838400.0,	67.10789139287054,	2.5834469169208214,	0.015,	0.05,	0.2,	0.2,	400
