time ,	 x ,	 y ,	r_stem,	h_stem,	r_crown,	r_root,	k_geo
3881584800.0,	64.54951203192603,	0.28624716882501566,	0.015,	0.05,	0.2,	0.2,	400
