time ,	 x ,	 y ,	r_stem,	h_stem,	r_crown,	r_root,	k_geo
1325419200.0,	34.32698903163656,	6.054840176354613,	0.015,	0.05,	0.2,	0.2,	400
