time ,	 x ,	 y ,	r_stem,	h_stem,	r_crown,	r_root,	k_geo
4449621600.0,	33.57984101582553,	3.344560029707115,	0.015,	0.05,	0.2,	0.2,	400
