time ,	 x ,	 y ,	r_stem,	h_stem,	r_crown,	r_root,	k_geo
1420092000.0,	30.159331073709673,	5.392194654649382,	0.015,	0.05,	0.2,	0.2,	400
