time ,	 x ,	 y ,	r_stem,	h_stem,	r_crown,	r_root,	k_geo
1972350000.0,	2.1518950615894483,	5.7047619526006255,	0.015,	0.05,	0.2,	0.2,	400
