time ,	 x ,	 y ,	r_stem,	h_stem,	r_crown,	r_root,	k_geo
3534451200.0,	5.66910275833028,	7.388376362611455,	0.015,	0.05,	0.2,	0.2,	400
