time ,	 x ,	 y ,	r_stem,	h_stem,	r_crown,	r_root,	k_geo
1530543600.0,	42.61330770423653,	2.9122085259666832,	0.015,	0.05,	0.2,	0.2,	400
