time ,	 x ,	 y ,	r_stem,	h_stem,	r_crown,	r_root,	k_geo
2840184000.0,	34.781949721744574,	13.106931472198871,	0.015,	0.05,	0.2,	0.2,	400
