time ,	 x ,	 y ,	r_stem,	h_stem,	r_crown,	r_root,	k_geo
4023594000.0,	4.003987453530944,	11.499031802106439,	0.015,	0.05,	0.2,	0.2,	400
