time ,	 x ,	 y ,	r_stem,	h_stem,	r_crown,	r_root,	k_geo
47336400.0,	49.0913014952912,	2.4451154094893806,	0.015,	0.05,	0.2,	0.2,	400
63115200.0,	49.0913014952912,	2.4451154094893806,	0.01501079907065005,	0.0552672082440212,	0.22954583718096946,	0.25472390167396086,	400
78894000.0,	49.0913014952912,	2.4451154094893806,	0.015011385946555985,	0.05675467150221825,	0.24816429168420565,	0.25664077074295316,	400
94672800.0,	49.0913014952912,	2.4451154094893806,	0.015017463807705092,	0.0616840747347259,	0.29163942007163135,	0.27634203984489036,	400
110451600.0,	49.0913014952912,	2.4451154094893806,	0.015022068842900395,	0.06582619457159322,	0.32440511384183485,	0.28860907620205756,	400
