time ,	 x ,	 y ,	r_stem,	h_stem,	r_crown,	r_root,	k_geo
4528515600.0,	87.48249912248764,	5.546515601104977,	0.015,	0.05,	0.2,	0.2,	400
