time ,	 x ,	 y ,	r_stem,	h_stem,	r_crown,	r_root,	k_geo
3992036400.0,	11.838113133298467,	13.421941158998855,	0.015,	0.05,	0.2,	0.2,	400
