time ,	 x ,	 y ,	r_stem,	h_stem,	r_crown,	r_root,	k_geo
3976257600.0,	40.925144667884474,	10.560309459362125,	0.015,	0.05,	0.2,	0.2,	400
