time ,	 x ,	 y ,	r_stem,	h_stem,	r_crown,	r_root,	k_geo
1088737200.0,	72.51143615228759,	5.811184713553057,	0.015,	0.05,	0.2,	0.2,	400
