time ,	 x ,	 y ,	r_stem,	h_stem,	r_crown,	r_root,	k_geo
3708018000.0,	34.50952689863175,	2.391050452869825,	0.015,	0.05,	0.2,	0.2,	400
