time ,	 x ,	 y ,	r_stem,	h_stem,	r_crown,	r_root,	k_geo
1814562000.0,	59.64370564971513,	7.906229734026782,	0.015,	0.05,	0.2,	0.2,	400
