time ,	 x ,	 y ,	r_stem,	h_stem,	r_crown,	r_root,	k_geo
3392442000.0,	91.3376752672762,	1.722892139716194,	0.015,	0.05,	0.2,	0.2,	400
