time ,	 x ,	 y ,	r_stem,	h_stem,	r_crown,	r_root,	k_geo
3455557200.0,	25.57908478548504,	13.440682847946677,	0.015,	0.05,	0.2,	0.2,	400
