time ,	 x ,	 y ,	r_stem,	h_stem,	r_crown,	r_root,	k_geo
3092644800.0,	86.99673723963002,	9.05818325179361,	0.015,	0.05,	0.2,	0.2,	400
