time ,	 x ,	 y ,	r_stem,	h_stem,	r_crown,	r_root,	k_geo
2493050400.0,	63.117935828738545,	14.678550801219535,	0.015,	0.05,	0.2,	0.2,	400
