time ,	 x ,	 y ,	r_stem,	h_stem,	r_crown,	r_root,	k_geo
1072958400.0,	15.668382395867486,	8.619830137365845,	0.015,	0.05,	0.2,	0.2,	400
1088737200.0,	15.668382395867486,	8.619830137365845,	0.015000065942055472,	0.050020706637210845,	0.20001340496101971,	0.20033420225827075,	400
