time ,	 x ,	 y ,	r_stem,	h_stem,	r_crown,	r_root,	k_geo
3976257600.0,	98.13338230491992,	5.973506810042152,	0.015,	0.05,	0.2,	0.2,	400
