time ,	 x ,	 y ,	r_stem,	h_stem,	r_crown,	r_root,	k_geo
3155760000.0,	86.22084361093468,	3.9088411299935153,	0.015,	0.05,	0.2,	0.2,	400
