time ,	 x ,	 y ,	r_stem,	h_stem,	r_crown,	r_root,	k_geo
4481179200.0,	56.254450611250185,	11.116823166212107,	0.015,	0.05,	0.2,	0.2,	400
