time ,	 x ,	 y ,	r_stem,	h_stem,	r_crown,	r_root,	k_geo
2698174800.0,	70.70909834944865,	12.530181296384978,	0.015,	0.05,	0.2,	0.2,	400
