time ,	 x ,	 y ,	r_stem,	h_stem,	r_crown,	r_root,	k_geo
3108423600.0,	81.08931944685864,	0.6859076622749399,	0.015,	0.05,	0.2,	0.2,	400
