time ,	 x ,	 y ,	r_stem,	h_stem,	r_crown,	r_root,	k_geo
4118266800.0,	55.256273346042114,	10.844850246246729,	0.015,	0.05,	0.2,	0.2,	400
