time ,	 x ,	 y ,	r_stem,	h_stem,	r_crown,	r_root,	k_geo
2414156400.0,	1.6645799845471876,	8.027308928510545,	0.015,	0.05,	0.2,	0.2,	400
