time ,	 x ,	 y ,	r_stem,	h_stem,	r_crown,	r_root,	k_geo
220903200.0,	97.12717973234366,	8.99242433092277,	0.015,	0.05,	0.2,	0.2,	400
