time ,	 x ,	 y ,	r_stem,	h_stem,	r_crown,	r_root,	k_geo
47336400.0,	88.91814505528724,	5.8347021327457895,	0.015,	0.05,	0.2,	0.2,	400
63115200.0,	88.91814505528724,	5.8347021327457895,	0.015004579688210134,	0.056642823441915735,	0.27657518027214084,	0.22320914646207451,	400
78894000.0,	88.91814505528724,	5.8347021327457895,	0.015028611243676696,	0.07138409414038009,	0.3452689436969485,	0.3333879130801819,	400
94672800.0,	88.91814505528724,	5.8347021327457895,	0.015047189451866385,	0.08524803332266156,	0.45084622908905303,	0.3575152722074306,	400
110451600.0,	88.91814505528724,	5.8347021327457895,	0.015077916380452484,	0.09960298569358027,	0.5276758650116568,	0.38195297872421474,	400
126230400.0,	88.91814505528724,	5.8347021327457895,	0.015136157755026261,	0.11466511186532193,	0.5921418422584971,	0.4097399160953229,	400
