time ,	 x ,	 y ,	r_stem,	h_stem,	r_crown,	r_root,	k_geo
1230746400.0,	20.457332112282323,	3.956203134743973,	0.015,	0.05,	0.2,	0.2,	400
1246525200.0,	20.457332112282323,	3.956203134743973,	0.01500047707449287,	0.05015040465319751,	0.20010577473757185,	0.20241785884963562,	400
