time ,	 x ,	 y ,	r_stem,	h_stem,	r_crown,	r_root,	k_geo
4260276000.0,	92.32333718702304,	10.856260086488762,	0.015,	0.05,	0.2,	0.2,	400
