time ,	 x ,	 y ,	r_stem,	h_stem,	r_crown,	r_root,	k_geo
568036800.0,	55.970331691064246,	5.545234989772591,	0.015,	0.05,	0.2,	0.2,	400
