time ,	 x ,	 y ,	r_stem,	h_stem,	r_crown,	r_root,	k_geo
2871741600.0,	91.17854366502726,	5.976472695787256,	0.015,	0.05,	0.2,	0.2,	400
2887520400.0,	91.17854366502726,	5.976472695787256,	0.0150089240280626,	0.05663897846195871,	0.25763950201412383,	0.24522321397559116,	400
2903299200.0,	91.17854366502726,	5.976472695787256,	0.015010039376002008,	0.059676120953053316,	0.2893731517035588,	0.24928858094642578,	400
2919078000.0,	91.17854366502726,	5.976472695787256,	0.015010219825181555,	0.06051749222180799,	0.29731090533766963,	0.24992997175065645,	400
