time ,	 x ,	 y ,	r_stem,	h_stem,	r_crown,	r_root,	k_geo
1435870800.0,	83.30698737331241,	10.667910612044565,	0.015,	0.05,	0.2,	0.2,	400
