time ,	 x ,	 y ,	r_stem,	h_stem,	r_crown,	r_root,	k_geo
3518672400.0,	85.83785611462974,	2.279563117436496,	0.015,	0.05,	0.2,	0.2,	400
