time ,	 x ,	 y ,	r_stem,	h_stem,	r_crown,	r_root,	k_geo
3818469600.0,	71.34691539179143,	14.345316798812958,	0.015,	0.05,	0.2,	0.2,	400
