time ,	 x ,	 y ,	r_stem,	h_stem,	r_crown,	r_root,	k_geo
1783004400.0,	59.520647891854935,	9.275279935708333,	0.015,	0.05,	0.2,	0.2,	400
