time ,	 x ,	 y ,	r_stem,	h_stem,	r_crown,	r_root,	k_geo
583815600.0,	75.59938084198915,	10.097291998963911,	0.015,	0.05,	0.2,	0.2,	400
