time ,	 x ,	 y ,	r_stem,	h_stem,	r_crown,	r_root,	k_geo
4070930400.0,	49.99398383119736,	2.8572659896115464,	0.015,	0.05,	0.2,	0.2,	400
