time ,	 x ,	 y ,	r_stem,	h_stem,	r_crown,	r_root,	k_geo
3976257600.0,	76.11442511262017,	8.510072927991311,	0.015,	0.05,	0.2,	0.2,	400
