time ,	 x ,	 y ,	r_stem,	h_stem,	r_crown,	r_root,	k_geo
3471336000.0,	84.39007662426302,	1.034331718900321,	0.015,	0.05,	0.2,	0.2,	400
