time ,	 x ,	 y ,	r_stem,	h_stem,	r_crown,	r_root,	k_geo
110451600.0,	46.34252341364578,	2.598187606834759,	0.015,	0.05,	0.2,	0.2,	400
126230400.0,	46.34252341364578,	2.598187606834759,	0.015009897840054076,	0.054203368751852075,	0.21799594668091615,	0.2501574934992255,	400
142009200.0,	46.34252341364578,	2.598187606834759,	0.01502501510182361,	0.06071359273965031,	0.26276446010938487,	0.30121475678419357,	400
157788000.0,	46.34252341364578,	2.598187606834759,	0.015032980214616251,	0.06544615382866491,	0.3057836857559009,	0.3175142811567209,	400
