time ,	 x ,	 y ,	r_stem,	h_stem,	r_crown,	r_root,	k_geo
1719889200.0,	99.83558947828256,	4.805394039842845,	0.015,	0.05,	0.2,	0.2,	400
