time ,	 x ,	 y ,	r_stem,	h_stem,	r_crown,	r_root,	k_geo
1514764800.0,	97.1184292830353,	7.317430917798619,	0.015,	0.05,	0.2,	0.2,	400
