time ,	 x ,	 y ,	r_stem,	h_stem,	r_crown,	r_root,	k_geo
2934856800.0,	53.025281804609435,	3.517861115865899,	0.015,	0.05,	0.2,	0.2,	400
2950635600.0,	53.025281804609435,	3.517861115865899,	0.015002229012445455,	0.051386868125691286,	0.21043558102616122,	0.21129660813710535,	400
2966414400.0,	53.025281804609435,	3.517861115865899,	0.015004623101035895,	0.05296933053582996,	0.22279249983884086,	0.22256012812613876,	400
2982193200.0,	53.025281804609435,	3.517861115865899,	0.01500781693196809,	0.05484255655184324,	0.23568900384918817,	0.23645154331636087,	400
