time ,	 x ,	 y ,	r_stem,	h_stem,	r_crown,	r_root,	k_geo
2556165600.0,	12.53753641712384,	8.045270966488252,	0.015,	0.05,	0.2,	0.2,	400
