time ,	 x ,	 y ,	r_stem,	h_stem,	r_crown,	r_root,	k_geo
457585200.0,	29.633499544682085,	13.722574375962784,	0.015,	0.05,	0.2,	0.2,	400
