time ,	 x ,	 y ,	r_stem,	h_stem,	r_crown,	r_root,	k_geo
1404313200.0,	67.70567779529686,	10.077875158805787,	0.015,	0.05,	0.2,	0.2,	400
