time ,	 x ,	 y ,	r_stem,	h_stem,	r_crown,	r_root,	k_geo
3723796800.0,	88.62572153734617,	9.451130867689667,	0.015,	0.05,	0.2,	0.2,	400
