time ,	 x ,	 y ,	r_stem,	h_stem,	r_crown,	r_root,	k_geo
426027600.0,	90.55254962464694,	2.519141067085695,	0.015,	0.05,	0.2,	0.2,	400
