time ,	 x ,	 y ,	r_stem,	h_stem,	r_crown,	r_root,	k_geo
1719889200.0,	67.53184208585276,	3.3073194683870715,	0.015,	0.05,	0.2,	0.2,	400
