time ,	 x ,	 y ,	r_stem,	h_stem,	r_crown,	r_root,	k_geo
852055200.0,	79.38443126479719,	11.423367153149334,	0.015,	0.05,	0.2,	0.2,	400
