time ,	 x ,	 y ,	r_stem,	h_stem,	r_crown,	r_root,	k_geo
2303704800.0,	53.130103657138164,	11.222886249669324,	0.015,	0.05,	0.2,	0.2,	400
