time ,	 x ,	 y ,	r_stem,	h_stem,	r_crown,	r_root,	k_geo
4260276000.0,	86.43123879290097,	4.616541964106183,	0.015,	0.05,	0.2,	0.2,	400
