time ,	 x ,	 y ,	r_stem,	h_stem,	r_crown,	r_root,	k_geo
741603600.0,	28.50723957590788,	11.216741305653715,	0.015,	0.05,	0.2,	0.2,	400
