time ,	 x ,	 y ,	r_stem,	h_stem,	r_crown,	r_root,	k_geo
2256368400.0,	64.19967437190543,	6.396302603649343,	0.015,	0.05,	0.2,	0.2,	400
