time ,	 x ,	 y ,	r_stem,	h_stem,	r_crown,	r_root,	k_geo
4086709200.0,	91.36236341929845,	9.944545158081365,	0.015,	0.05,	0.2,	0.2,	400
