time ,	 x ,	 y ,	r_stem,	h_stem,	r_crown,	r_root,	k_geo
1372755600.0,	92.83635501676896,	3.851662490119865,	0.015,	0.05,	0.2,	0.2,	400
