time ,	 x ,	 y ,	r_stem,	h_stem,	r_crown,	r_root,	k_geo
615373200.0,	80.1722957334782,	2.626506570346524,	0.015,	0.05,	0.2,	0.2,	400
