time ,	 x ,	 y ,	r_stem,	h_stem,	r_crown,	r_root,	k_geo
994064400.0,	70.8446994431289,	3.586886521916778,	0.015,	0.05,	0.2,	0.2,	400
