time ,	 x ,	 y ,	r_stem,	h_stem,	r_crown,	r_root,	k_geo
4212939600.0,	61.170748290109614,	13.22637312484236,	0.015,	0.05,	0.2,	0.2,	400
