time ,	 x ,	 y ,	r_stem,	h_stem,	r_crown,	r_root,	k_geo
3281990400.0,	45.30200203210164,	11.344899718894775,	0.015,	0.05,	0.2,	0.2,	400
