time ,	 x ,	 y ,	r_stem,	h_stem,	r_crown,	r_root,	k_geo
3266211600.0,	98.12380792083046,	2.235055211086033,	0.015,	0.05,	0.2,	0.2,	400
