time ,	 x ,	 y ,	r_stem,	h_stem,	r_crown,	r_root,	k_geo
994064400.0,	57.63736763787213,	8.233469822220023,	0.015,	0.05,	0.2,	0.2,	400
