time ,	 x ,	 y ,	r_stem,	h_stem,	r_crown,	r_root,	k_geo
2824405200.0,	74.99245498795923,	3.592056436862649,	0.015,	0.05,	0.2,	0.2,	400
