time ,	 x ,	 y ,	r_stem,	h_stem,	r_crown,	r_root,	k_geo
1593658800.0,	80.55495012534548,	13.986851506315766,	0.015,	0.05,	0.2,	0.2,	400
