time ,	 x ,	 y ,	r_stem,	h_stem,	r_crown,	r_root,	k_geo
4591630800.0,	10.657854086080143,	13.553306563305544,	0.015,	0.05,	0.2,	0.2,	400
