time ,	 x ,	 y ,	r_stem,	h_stem,	r_crown,	r_root,	k_geo
2587723200.0,	74.14559086329845,	11.777498800399064,	0.015,	0.05,	0.2,	0.2,	400
