time ,	 x ,	 y ,	r_stem,	h_stem,	r_crown,	r_root,	k_geo
2777068800.0,	66.43813258498984,	14.086990456028186,	0.015,	0.05,	0.2,	0.2,	400
