time ,	 x ,	 y ,	r_stem,	h_stem,	r_crown,	r_root,	k_geo
4465400400.0,	16.146325772779623,	6.406102535452592,	0.015,	0.05,	0.2,	0.2,	400
