time ,	 x ,	 y ,	r_stem,	h_stem,	r_crown,	r_root,	k_geo
852055200.0,	89.5211814605896,	9.490937365479448,	0.015,	0.05,	0.2,	0.2,	400
