time ,	 x ,	 y ,	r_stem,	h_stem,	r_crown,	r_root,	k_geo
1230746400.0,	66.65402314940032,	3.9235952823623195,	0.015,	0.05,	0.2,	0.2,	400
