time ,	 x ,	 y ,	r_stem,	h_stem,	r_crown,	r_root,	k_geo
3992036400.0,	81.16349993217825,	6.519854847336319,	0.015,	0.05,	0.2,	0.2,	400
