time ,	 x ,	 y ,	r_stem,	h_stem,	r_crown,	r_root,	k_geo
2524608000.0,	63.49848273523284,	11.142333964486753,	0.015,	0.05,	0.2,	0.2,	400
