time ,	 x ,	 y ,	r_stem,	h_stem,	r_crown,	r_root,	k_geo
4418064000.0,	73.53087423856711,	12.564102183119292,	0.015,	0.05,	0.2,	0.2,	400
