time ,	 x ,	 y ,	r_stem,	h_stem,	r_crown,	r_root,	k_geo
2240589600.0,	82.09059480363554,	0.07904026949360599,	0.015,	0.05,	0.2,	0.2,	400
