time ,	 x ,	 y ,	r_stem,	h_stem,	r_crown,	r_root,	k_geo
4386506400.0,	39.03511533939251,	1.768292856874321,	0.015,	0.05,	0.2,	0.2,	400
4402285200.0,	39.03511533939251,	1.768292856874321,	0.015002474967756014,	0.05079932686288167,	0.20082859340405235,	0.21254306947111437,	400
4418064000.0,	39.03511533939251,	1.768292856874321,	0.015005831420201458,	0.05182565768273043,	0.20220493279958482,	0.22791729733813776,	400
4433842800.0,	39.03511533939251,	1.768292856874321,	0.015012280820953815,	0.05375930533688525,	0.20686088583708562,	0.2539467336224171,	400
4449621600.0,	39.03511533939251,	1.768292856874321,	0.015021545921666234,	0.056322366283383316,	0.21610190651005037,	0.28390098246560963,	400
4465400400.0,	39.03511533939251,	1.768292856874321,	0.015034595655042615,	0.059509438190786475,	0.23080095215889487,	0.315972765909379,	400
4481179200.0,	39.03511533939251,	1.768292856874321,	0.015054150686045051,	0.0634791472366102,	0.251361430118507,	0.3506659074298248,	400
4496958000.0,	39.03511533939251,	1.768292856874321,	0.015054667770770374,	0.06378387176290075,	0.25505443193653904,	0.35128164202271495,	400
4512736800.0,	39.03511533939251,	1.768292856874321,	0.015055468035551245,	0.06421737219773875,	0.2601199631021627,	0.352223595406836,	400
