time ,	 x ,	 y ,	r_stem,	h_stem,	r_crown,	r_root,	k_geo
1025622000.0,	21.64316549435259,	10.110438709875805,	0.015,	0.05,	0.2,	0.2,	400
1041400800.0,	21.64316549435259,	10.110438709875805,	0.015000165191168199,	0.05006862113147353,	0.20027686408275275,	0.20083720768162175,	400
1057179600.0,	21.64316549435259,	10.110438709875805,	0.015000213762820515,	0.050088529237307104,	0.20035520745730598,	0.20108184124861028,	400
