time ,	 x ,	 y ,	r_stem,	h_stem,	r_crown,	r_root,	k_geo
3487114800.0,	95.55827520207066,	0.006784610333769869,	0.015,	0.05,	0.2,	0.2,	400
