time ,	 x ,	 y ,	r_stem,	h_stem,	r_crown,	r_root,	k_geo
2792847600.0,	65.1880564561378,	4.125330468439369,	0.015,	0.05,	0.2,	0.2,	400
