time ,	 x ,	 y ,	r_stem,	h_stem,	r_crown,	r_root,	k_geo
284018400.0,	90.52765361374037,	8.265260056127806,	0.015,	0.05,	0.2,	0.2,	400
