time ,	 x ,	 y ,	r_stem,	h_stem,	r_crown,	r_root,	k_geo
2240589600.0,	96.1722819699129,	3.8014215039768446,	0.015,	0.05,	0.2,	0.2,	400
