time ,	 x ,	 y ,	r_stem,	h_stem,	r_crown,	r_root,	k_geo
3566008800.0,	26.735699523824476,	11.016179334528267,	0.015,	0.05,	0.2,	0.2,	400
