time ,	 x ,	 y ,	r_stem,	h_stem,	r_crown,	r_root,	k_geo
1593658800.0,	69.47262582080808,	0.9404408656964675,	0.015,	0.05,	0.2,	0.2,	400
