time ,	 x ,	 y ,	r_stem,	h_stem,	r_crown,	r_root,	k_geo
4055151600.0,	21.167209112358943,	3.8517682639594284,	0.015,	0.05,	0.2,	0.2,	400
4070930400.0,	21.167209112358943,	3.8517682639594284,	0.015000214316274981,	0.050067392433940164,	0.20004495763215813,	0.20108617868238696,	400
