time ,	 x ,	 y ,	r_stem,	h_stem,	r_crown,	r_root,	k_geo
1404313200.0,	21.19473746851347,	14.281343692232456,	0.015,	0.05,	0.2,	0.2,	400
1420092000.0,	21.19473746851347,	14.281343692232456,	0.01500004360416117,	0.050013689411087414,	0.20000882210931262,	0.20022099118619313,	400
