time ,	 x ,	 y ,	r_stem,	h_stem,	r_crown,	r_root,	k_geo
1404313200.0,	17.2852749224209,	10.140054614309346,	0.015,	0.05,	0.2,	0.2,	400
1420092000.0,	17.2852749224209,	10.140054614309346,	0.01500004360416117,	0.05001368941108741,	0.20000882210931262,	0.20022099118619296,	400
