time ,	 x ,	 y ,	r_stem,	h_stem,	r_crown,	r_root,	k_geo
804718800.0,	98.57719862168511,	2.000900444661928,	0.015,	0.05,	0.2,	0.2,	400
