time ,	 x ,	 y ,	r_stem,	h_stem,	r_crown,	r_root,	k_geo
2145916800.0,	59.77648824638354,	3.208411302000301,	0.015,	0.05,	0.2,	0.2,	400
