time ,	 x ,	 y ,	r_stem,	h_stem,	r_crown,	r_root,	k_geo
473364000.0,	38.450452667344045,	0.7760103966430509,	0.015,	0.05,	0.2,	0.2,	400
