time ,	 x ,	 y ,	r_stem,	h_stem,	r_crown,	r_root,	k_geo
3708018000.0,	53.07369544343574,	3.1436432607461446,	0.015,	0.05,	0.2,	0.2,	400
