time ,	 x ,	 y ,	r_stem,	h_stem,	r_crown,	r_root,	k_geo
2840184000.0,	66.41546415844597,	9.27253640790549,	0.015,	0.05,	0.2,	0.2,	400
