time ,	 x ,	 y ,	r_stem,	h_stem,	r_crown,	r_root,	k_geo
1372755600.0,	75.70726392755411,	8.948766565944366,	0.015,	0.05,	0.2,	0.2,	400
