time ,	 x ,	 y ,	r_stem,	h_stem,	r_crown,	r_root,	k_geo
2934856800.0,	34.00039189828706,	11.230429264259833,	0.015,	0.05,	0.2,	0.2,	400
