time ,	 x ,	 y ,	r_stem,	h_stem,	r_crown,	r_root,	k_geo
2003907600.0,	87.79601891117785,	8.083622057789654,	0.015,	0.05,	0.2,	0.2,	400
