time ,	 x ,	 y ,	r_stem,	h_stem,	r_crown,	r_root,	k_geo
4354948800.0,	90.73194718245396,	0.30461204578023704,	0.015,	0.05,	0.2,	0.2,	400
