time ,	 x ,	 y ,	r_stem,	h_stem,	r_crown,	r_root,	k_geo
1483207200.0,	16.461884853356356,	11.820559514242445,	0.015,	0.05,	0.2,	0.2,	400
1498986000.0,	16.461884853356356,	11.820559514242445,	0.01500009932296278,	0.05003119840054814,	0.2000203341908503,	0.20050338050367347,	400
1514764800.0,	16.461884853356356,	11.820559514242445,	0.01500021170780072,	0.05006640659462727,	0.2000434753265847,	0.2010706613345447,	400
