time ,	 x ,	 y ,	r_stem,	h_stem,	r_crown,	r_root,	k_geo
3786912000.0,	84.2354566047924,	5.54642289996022,	0.015,	0.05,	0.2,	0.2,	400
