time ,	 x ,	 y ,	r_stem,	h_stem,	r_crown,	r_root,	k_geo
915170400.0,	89.77706849181529,	12.967936134197602,	0.015,	0.05,	0.2,	0.2,	400
