time ,	 x ,	 y ,	r_stem,	h_stem,	r_crown,	r_root,	k_geo
1088737200.0,	17.637739801320805,	0.8609542751185872,	0.015,	0.05,	0.2,	0.2,	400
