time ,	 x ,	 y ,	r_stem,	h_stem,	r_crown,	r_root,	k_geo
3392442000.0,	98.00239094226079,	7.329760855444264,	0.015,	0.05,	0.2,	0.2,	400
