time ,	 x ,	 y ,	r_stem,	h_stem,	r_crown,	r_root,	k_geo
3708018000.0,	69.9794315217532,	9.660545196258381,	0.015,	0.05,	0.2,	0.2,	400
3723796800.0,	69.9794315217532,	9.660545196258381,	0.015009991739622662,	0.0542852696001751,	0.2187784018116615,	0.25063327399069557,	400
3739575600.0,	69.9794315217532,	9.660545196258381,	0.015010502724032666,	0.05542230135013134,	0.2336148583080458,	0.2523529662076155,	400
