time ,	 x ,	 y ,	r_stem,	h_stem,	r_crown,	r_root,	k_geo
3266211600.0,	57.31098306462427,	2.8063383054156885,	0.015,	0.05,	0.2,	0.2,	400
