time ,	 x ,	 y ,	r_stem,	h_stem,	r_crown,	r_root,	k_geo
2761290000.0,	83.27517114016482,	6.442663625454467,	0.015,	0.05,	0.2,	0.2,	400
