time ,	 x ,	 y ,	r_stem,	h_stem,	r_crown,	r_root,	k_geo
615373200.0,	67.75661138692887,	2.5091369247423345,	0.015,	0.05,	0.2,	0.2,	400
