time ,	 x ,	 y ,	r_stem,	h_stem,	r_crown,	r_root,	k_geo
725824800.0,	48.21021330309411,	3.14533313545314,	0.015,	0.05,	0.2,	0.2,	400
