time ,	 x ,	 y ,	r_stem,	h_stem,	r_crown,	r_root,	k_geo
220903200.0,	77.72415360890918,	11.73532282926152,	0.015,	0.05,	0.2,	0.2,	400
