time ,	 x ,	 y ,	r_stem,	h_stem,	r_crown,	r_root,	k_geo
4544294400.0,	19.44805099925161,	8.827493989823203,	0.015,	0.05,	0.2,	0.2,	400
