time ,	 x ,	 y ,	r_stem,	h_stem,	r_crown,	r_root,	k_geo
1483207200.0,	15.593351245266863,	10.669089140745912,	0.015,	0.05,	0.2,	0.2,	400
1498986000.0,	15.593351245266863,	10.669089140745912,	0.015000249538237977,	0.05010452403661263,	0.2004308080579802,	0.201264686965221,	400
1514764800.0,	15.593351245266863,	10.669089140745912,	0.015000540865558012,	0.050226629115498383,	0.20094244956530574,	0.20272731999049,	400
1530543600.0,	15.593351245266863,	10.669089140745912,	0.015000693878261268,	0.05028962750852492,	0.20119922159825732,	0.20348719297998774,	400
1546322400.0,	15.593351245266863,	10.669089140745912,	0.015001044328559126,	0.05043645412418281,	0.2018298116643005,	0.20521764387245284,	400
1562101200.0,	15.593351245266863,	10.669089140745912,	0.015001514303485244,	0.05063481156425756,	0.20271296391520943,	0.20750837714754283,	400
1577880000.0,	15.593351245266863,	10.669089140745912,	0.015002059975650461,	0.05086534611877119,	0.20376612773369637,	0.2101227165130448,	400
1593658800.0,	15.593351245266863,	10.669089140745912,	0.015002580198255176,	0.05108265159882865,	0.2047601889678275,	0.2125664519291805,	400
