time ,	 x ,	 y ,	r_stem,	h_stem,	r_crown,	r_root,	k_geo
1262304000.0,	24.815738179674153,	6.776321791215935,	0.015,	0.05,	0.2,	0.2,	400
