time ,	 x ,	 y ,	r_stem,	h_stem,	r_crown,	r_root,	k_geo
3976257600.0,	95.31772581370879,	14.125046375932651,	0.015,	0.05,	0.2,	0.2,	400
