time ,	 x ,	 y ,	r_stem,	h_stem,	r_crown,	r_root,	k_geo
1956571200.0,	53.50885643808778,	8.214208122253702,	0.015,	0.05,	0.2,	0.2,	400
