time ,	 x ,	 y ,	r_stem,	h_stem,	r_crown,	r_root,	k_geo
2351041200.0,	33.405930859160016,	1.004052335079959,	0.015,	0.05,	0.2,	0.2,	400
2366820000.0,	33.405930859160016,	1.004052335079959,	0.015000947861074154,	0.05030030459539119,	0.20023188890398852,	0.20480382269226455,	400
2382598800.0,	33.405930859160016,	1.004052335079959,	0.01500254562655438,	0.050797144982392635,	0.20068796561334595,	0.2125944135830886,	400
2398377600.0,	33.405930859160016,	1.004052335079959,	0.015004854423939059,	0.051491257058524656,	0.20146605477978316,	0.22316302459878007,	400
2414156400.0,	33.405930859160016,	1.004052335079959,	0.015008053565283574,	0.052409366059332295,	0.20276634210533773,	0.23658971160763034,	400
2429935200.0,	33.405930859160016,	1.004052335079959,	0.015012329137683512,	0.05356464109491239,	0.2048691919099479,	0.25262464738404594,	400
2445714000.0,	33.405930859160016,	1.004052335079959,	0.015018445423200431,	0.055118461731541495,	0.20875867693430375,	0.27260003629130636,	400
2461492800.0,	33.405930859160016,	1.004052335079959,	0.0150277995191681,	0.05737246721072851,	0.2171135542220028,	0.29813167858333445,	400
