time ,	 x ,	 y ,	r_stem,	h_stem,	r_crown,	r_root,	k_geo
2335262400.0,	96.34831697139406,	3.099304917680761,	0.015,	0.05,	0.2,	0.2,	400
