time ,	 x ,	 y ,	r_stem,	h_stem,	r_crown,	r_root,	k_geo
2287926000.0,	89.74097837408539,	2.5949362254654074,	0.015,	0.05,	0.2,	0.2,	400
