time ,	 x ,	 y ,	r_stem,	h_stem,	r_crown,	r_root,	k_geo
4575852000.0,	67.0034555127389,	14.690632438840252,	0.015,	0.05,	0.2,	0.2,	400
