time ,	 x ,	 y ,	r_stem,	h_stem,	r_crown,	r_root,	k_geo
3660681600.0,	64.70838786372742,	3.6527840838320227,	0.015,	0.05,	0.2,	0.2,	400
