time ,	 x ,	 y ,	r_stem,	h_stem,	r_crown,	r_root,	k_geo
3771133200.0,	97.51053071186489,	0.9388420311565671,	0.015,	0.05,	0.2,	0.2,	400
