time ,	 x ,	 y ,	r_stem,	h_stem,	r_crown,	r_root,	k_geo
2145916800.0,	70.74801941949718,	4.512919271833894,	0.015,	0.05,	0.2,	0.2,	400
