time ,	 x ,	 y ,	r_stem,	h_stem,	r_crown,	r_root,	k_geo
3266211600.0,	30.63688541342019,	2.8638321154845796,	0.015,	0.05,	0.2,	0.2,	400
