time ,	 x ,	 y ,	r_stem,	h_stem,	r_crown,	r_root,	k_geo
1625216400.0,	83.71391966428692,	10.925994372284777,	0.015,	0.05,	0.2,	0.2,	400
