time ,	 x ,	 y ,	r_stem,	h_stem,	r_crown,	r_root,	k_geo
1546322400.0,	67.0653057109305,	3.7395888817286433,	0.015,	0.05,	0.2,	0.2,	400
