time ,	 x ,	 y ,	r_stem,	h_stem,	r_crown,	r_root,	k_geo
1167631200.0,	41.372095381807995,	7.974632598762607,	0.015,	0.05,	0.2,	0.2,	400
