time ,	 x ,	 y ,	r_stem,	h_stem,	r_crown,	r_root,	k_geo
2635059600.0,	53.838515243330775,	4.767775566043405,	0.015,	0.05,	0.2,	0.2,	400
