time ,	 x ,	 y ,	r_stem,	h_stem,	r_crown,	r_root,	k_geo
820497600.0,	91.69072933211443,	0.059719041343721524,	0.015,	0.05,	0.2,	0.2,	400
836276400.0,	91.69072933211443,	0.059719041343721524,	0.015000318763603682,	0.0513872213757736,	0.2187601824606395,	0.2016155273087169,	400
852055200.0,	91.69072933211443,	0.059719041343721524,	0.015001057124702398,	0.053523021397627525,	0.24344159955493777,	0.20543930554577755,	400
