time ,	 x ,	 y ,	r_stem,	h_stem,	r_crown,	r_root,	k_geo
2035465200.0,	70.73874280644084,	14.287686774850405,	0.015,	0.05,	0.2,	0.2,	400
2051244000.0,	70.73874280644084,	14.287686774850405,	0.015009922576196034,	0.054224588937336324,	0.21819690475686437,	0.2502828293637005,	400
