time ,	 x ,	 y ,	r_stem,	h_stem,	r_crown,	r_root,	k_geo
2619280800.0,	65.38900308433058,	2.8287071829727894,	0.015,	0.05,	0.2,	0.2,	400
