time ,	 x ,	 y ,	r_stem,	h_stem,	r_crown,	r_root,	k_geo
646930800.0,	94.13206222321901,	11.564769724855784,	0.015,	0.05,	0.2,	0.2,	400
