time ,	 x ,	 y ,	r_stem,	h_stem,	r_crown,	r_root,	k_geo
820497600.0,	74.44937507090401,	9.274622664798716,	0.015,	0.05,	0.2,	0.2,	400
