time ,	 x ,	 y ,	r_stem,	h_stem,	r_crown,	r_root,	k_geo
4055151600.0,	81.54750101061471,	12.660857791056102,	0.015,	0.05,	0.2,	0.2,	400
