time ,	 x ,	 y ,	r_stem,	h_stem,	r_crown,	r_root,	k_geo
1640995200.0,	97.5872564599141,	0.040622536472519344,	0.015,	0.05,	0.2,	0.2,	400
