time ,	 x ,	 y ,	r_stem,	h_stem,	r_crown,	r_root,	k_geo
1404313200.0,	88.90831125238213,	11.917564482797244,	0.015,	0.05,	0.2,	0.2,	400
