time ,	 x ,	 y ,	r_stem,	h_stem,	r_crown,	r_root,	k_geo
2287926000.0,	93.65227961450891,	3.0161508099732752,	0.015,	0.05,	0.2,	0.2,	400
