time ,	 x ,	 y ,	r_stem,	h_stem,	r_crown,	r_root,	k_geo
1356976800.0,	65.3763277187609,	14.420898595618835,	0.015,	0.05,	0.2,	0.2,	400
