time ,	 x ,	 y ,	r_stem,	h_stem,	r_crown,	r_root,	k_geo
915170400.0,	24.650144137513642,	6.965472908181699,	0.015,	0.05,	0.2,	0.2,	400
