time ,	 x ,	 y ,	r_stem,	h_stem,	r_crown,	r_root,	k_geo
4039372800.0,	70.83076440078652,	2.5287099422808144,	0.015,	0.05,	0.2,	0.2,	400
