time ,	 x ,	 y ,	r_stem,	h_stem,	r_crown,	r_root,	k_geo
2351041200.0,	47.87176194255961,	4.764476452541552,	0.015,	0.05,	0.2,	0.2,	400
2366820000.0,	47.87176194255961,	4.764476452541552,	0.015002111797419816,	0.05119181689353867,	0.2081124235119737,	0.21070257893365366,	400
2382598800.0,	47.87176194255961,	4.764476452541552,	0.015004672552537264,	0.05266919403342999,	0.21851105376471439,	0.22276336213392334,	400
2398377600.0,	47.87176194255961,	4.764476452541552,	0.015007646855573806,	0.054355085827232176,	0.23022693947121112,	0.23560251976560626,	400
