time ,	 x ,	 y ,	r_stem,	h_stem,	r_crown,	r_root,	k_geo
536479200.0,	64.66995200162603,	2.5380867181556117,	0.015,	0.05,	0.2,	0.2,	400
