time ,	 x ,	 y ,	r_stem,	h_stem,	r_crown,	r_root,	k_geo
4418064000.0,	78.5131464861661,	10.815406752495148,	0.015,	0.05,	0.2,	0.2,	400
