time ,	 x ,	 y ,	r_stem,	h_stem,	r_crown,	r_root,	k_geo
3928921200.0,	44.79708079323982,	10.559400563656006,	0.015,	0.05,	0.2,	0.2,	400
