time ,	 x ,	 y ,	r_stem,	h_stem,	r_crown,	r_root,	k_geo
1798783200.0,	6.238482050519723,	4.875747792378595,	0.015,	0.05,	0.2,	0.2,	400
