time ,	 x ,	 y ,	r_stem,	h_stem,	r_crown,	r_root,	k_geo
3439778400.0,	61.75146175250082,	7.727535786232437,	0.015,	0.05,	0.2,	0.2,	400
3455557200.0,	61.75146175250082,	7.727535786232437,	0.01500143127010441,	0.051387015630662294,	0.2139119191189106,	0.2072537293810771,	400
3471336000.0,	61.75146175250082,	7.727535786232437,	0.01500353511905711,	0.05319462473248071,	0.2297542738210143,	0.21755515279944687,	400
3487114800.0,	61.75146175250082,	7.727535786232437,	0.015006647628882904,	0.055489384133020236,	0.24695527120519586,	0.23183787498501401,	400
