time ,	 x ,	 y ,	r_stem,	h_stem,	r_crown,	r_root,	k_geo
2587723200.0,	55.368765181840104,	4.622941184919551,	0.015,	0.05,	0.2,	0.2,	400
