time ,	 x ,	 y ,	r_stem,	h_stem,	r_crown,	r_root,	k_geo
3139981200.0,	60.83915279224452,	2.054614145545756,	0.015,	0.05,	0.2,	0.2,	400
