time ,	 x ,	 y ,	r_stem,	h_stem,	r_crown,	r_root,	k_geo
2382598800.0,	54.962204390140556,	7.7116111700611,	0.015,	0.05,	0.2,	0.2,	400
