time ,	 x ,	 y ,	r_stem,	h_stem,	r_crown,	r_root,	k_geo
2161695600.0,	56.97515027266955,	5.803257887523027,	0.015,	0.05,	0.2,	0.2,	400
