time ,	 x ,	 y ,	r_stem,	h_stem,	r_crown,	r_root,	k_geo
1640995200.0,	94.83491226508504,	9.225973715958961,	0.015,	0.05,	0.2,	0.2,	400
