time ,	 x ,	 y ,	r_stem,	h_stem,	r_crown,	r_root,	k_geo
3944700000.0,	55.55886738407009,	11.61158990041509,	0.015,	0.05,	0.2,	0.2,	400
