time ,	 x ,	 y ,	r_stem,	h_stem,	r_crown,	r_root,	k_geo
1057179600.0,	48.551728433378415,	6.220250340841912,	0.015,	0.05,	0.2,	0.2,	400
