time ,	 x ,	 y ,	r_stem,	h_stem,	r_crown,	r_root,	k_geo
631152000.0,	90.83122640449585,	2.746344608750961,	0.015,	0.05,	0.2,	0.2,	400
