time ,	 x ,	 y ,	r_stem,	h_stem,	r_crown,	r_root,	k_geo
1388534400.0,	82.85318157232848,	2.9769869722291915,	0.015,	0.05,	0.2,	0.2,	400
