time ,	 x ,	 y ,	r_stem,	h_stem,	r_crown,	r_root,	k_geo
220903200.0,	54.422613981035184,	11.136443801283965,	0.015,	0.05,	0.2,	0.2,	400
236682000.0,	54.422613981035184,	11.136443801283965,	0.015009287158280551,	0.05374077009565596,	0.2139262202541294,	0.24706319871664262,	400
252460800.0,	54.422613981035184,	11.136443801283965,	0.015023471650598481,	0.059680113569972215,	0.2537222542120609,	0.29615461940393223,	400
