time ,	 x ,	 y ,	r_stem,	h_stem,	r_crown,	r_root,	k_geo
3155760000.0,	3.439349229159372,	10.686648653415137,	0.015,	0.05,	0.2,	0.2,	400
