time ,	 x ,	 y ,	r_stem,	h_stem,	r_crown,	r_root,	k_geo
2997972000.0,	65.41730957361568,	13.559262691629138,	0.015,	0.05,	0.2,	0.2,	400
