time ,	 x ,	 y ,	r_stem,	h_stem,	r_crown,	r_root,	k_geo
2382598800.0,	71.98561433632761,	13.523842721844773,	0.015,	0.05,	0.2,	0.2,	400
