time ,	 x ,	 y ,	r_stem,	h_stem,	r_crown,	r_root,	k_geo
599594400.0,	94.2538908352018,	2.2503903721406147,	0.015,	0.05,	0.2,	0.2,	400
