time ,	 x ,	 y ,	r_stem,	h_stem,	r_crown,	r_root,	k_geo
1514764800.0,	27.53116231227921,	1.573912511008067,	0.015,	0.05,	0.2,	0.2,	400
