time ,	 x ,	 y ,	r_stem,	h_stem,	r_crown,	r_root,	k_geo
2193253200.0,	55.57445866600392,	7.90013486171199,	0.015,	0.05,	0.2,	0.2,	400
