time ,	 x ,	 y ,	r_stem,	h_stem,	r_crown,	r_root,	k_geo
4244497200.0,	71.95108342375312,	12.360813821750023,	0.015,	0.05,	0.2,	0.2,	400
