time ,	 x ,	 y ,	r_stem,	h_stem,	r_crown,	r_root,	k_geo
4260276000.0,	22.643203876947272,	7.150303003585917,	0.015,	0.05,	0.2,	0.2,	400
