time ,	 x ,	 y ,	r_stem,	h_stem,	r_crown,	r_root,	k_geo
1262304000.0,	58.09206718479566,	14.240124487387153,	0.015,	0.05,	0.2,	0.2,	400
