time ,	 x ,	 y ,	r_stem,	h_stem,	r_crown,	r_root,	k_geo
1956571200.0,	89.8947096010723,	3.418340653771578,	0.015,	0.05,	0.2,	0.2,	400
