time ,	 x ,	 y ,	r_stem,	h_stem,	r_crown,	r_root,	k_geo
3771133200.0,	81.92623799273963,	10.959654977639204,	0.015,	0.05,	0.2,	0.2,	400
