time ,	 x ,	 y ,	r_stem,	h_stem,	r_crown,	r_root,	k_geo
520700400.0,	70.53012798864245,	2.1403540746077425,	0.015,	0.05,	0.2,	0.2,	400
