time ,	 x ,	 y ,	r_stem,	h_stem,	r_crown,	r_root,	k_geo
678488400.0,	50.09075493120474,	4.56723110350651,	0.015,	0.05,	0.2,	0.2,	400
