time ,	 x ,	 y ,	r_stem,	h_stem,	r_crown,	r_root,	k_geo
3155760000.0,	42.79694572396483,	11.745592559889172,	0.015,	0.05,	0.2,	0.2,	400
