time ,	 x ,	 y ,	r_stem,	h_stem,	r_crown,	r_root,	k_geo
4465400400.0,	1.436705899737556,	6.535235948842804,	0.015,	0.05,	0.2,	0.2,	400
