time ,	 x ,	 y ,	r_stem,	h_stem,	r_crown,	r_root,	k_geo
4354948800.0,	4.607380167853215,	6.519651943796223,	0.015,	0.05,	0.2,	0.2,	400
