time ,	 x ,	 y ,	r_stem,	h_stem,	r_crown,	r_root,	k_geo
394470000.0,	33.93080954764752,	10.922425165775861,	0.015,	0.05,	0.2,	0.2,	400
