time ,	 x ,	 y ,	r_stem,	h_stem,	r_crown,	r_root,	k_geo
2098580400.0,	69.87432436468575,	11.255856796370113,	0.015,	0.05,	0.2,	0.2,	400
