time ,	 x ,	 y ,	r_stem,	h_stem,	r_crown,	r_root,	k_geo
1293861600.0,	46.24064253454488,	14.062067616389692,	0.015,	0.05,	0.2,	0.2,	400
