time ,	 x ,	 y ,	r_stem,	h_stem,	r_crown,	r_root,	k_geo
2966414400.0,	74.01204406088395,	9.044949818882957,	0.015,	0.05,	0.2,	0.2,	400
