time ,	 x ,	 y ,	r_stem,	h_stem,	r_crown,	r_root,	k_geo
536479200.0,	74.12718916062391,	9.866887946922098,	0.015,	0.05,	0.2,	0.2,	400
