time ,	 x ,	 y ,	r_stem,	h_stem,	r_crown,	r_root,	k_geo
1388534400.0,	19.075146890701568,	12.666116013547288,	0.015,	0.05,	0.2,	0.2,	400
