time ,	 x ,	 y ,	r_stem,	h_stem,	r_crown,	r_root,	k_geo
2114359200.0,	89.69419232485376,	10.44830346583933,	0.015,	0.05,	0.2,	0.2,	400
