time ,	 x ,	 y ,	r_stem,	h_stem,	r_crown,	r_root,	k_geo
1909234800.0,	42.643647402973826,	11.826437416686634,	0.015,	0.05,	0.2,	0.2,	400
