time ,	 x ,	 y ,	r_stem,	h_stem,	r_crown,	r_root,	k_geo
3913142400.0,	79.21644888357531,	11.986213271648712,	0.015,	0.05,	0.2,	0.2,	400
