time ,	 x ,	 y ,	r_stem,	h_stem,	r_crown,	r_root,	k_geo
4291833600.0,	66.59809522139204,	11.233296151246119,	0.015,	0.05,	0.2,	0.2,	400
