time ,	 x ,	 y ,	r_stem,	h_stem,	r_crown,	r_root,	k_geo
2382598800.0,	70.99837101940257,	11.561974464248923,	0.015,	0.05,	0.2,	0.2,	400
