time ,	 x ,	 y ,	r_stem,	h_stem,	r_crown,	r_root,	k_geo
1877677200.0,	83.80731890456495,	11.868569423029605,	0.015,	0.05,	0.2,	0.2,	400
