time ,	 x ,	 y ,	r_stem,	h_stem,	r_crown,	r_root,	k_geo
205124400.0,	96.77669371504827,	2.3991135003354156,	0.015,	0.05,	0.2,	0.2,	400
220903200.0,	96.77669371504827,	2.3991135003354156,	0.015005364451560888,	0.056642128635990635,	0.27315427523961017,	0.2271859475326024,	400
