time ,	 x ,	 y ,	r_stem,	h_stem,	r_crown,	r_root,	k_geo
2635059600.0,	86.49979851513838,	6.6691353860699465,	0.015,	0.05,	0.2,	0.2,	400
