time ,	 x ,	 y ,	r_stem,	h_stem,	r_crown,	r_root,	k_geo
1309640400.0,	50.284840161122226,	12.684623051666343,	0.015,	0.05,	0.2,	0.2,	400
