time ,	 x ,	 y ,	r_stem,	h_stem,	r_crown,	r_root,	k_geo
3471336000.0,	55.65781659903438,	10.314763812739995,	0.015,	0.05,	0.2,	0.2,	400
