time ,	 x ,	 y ,	r_stem,	h_stem,	r_crown,	r_root,	k_geo
1767225600.0,	67.90656381016821,	8.401508065004734,	0.015,	0.05,	0.2,	0.2,	400
