time ,	 x ,	 y ,	r_stem,	h_stem,	r_crown,	r_root,	k_geo
1199188800.0,	91.89854737354403,	8.70528857628161,	0.015,	0.05,	0.2,	0.2,	400
