time ,	 x ,	 y ,	r_stem,	h_stem,	r_crown,	r_root,	k_geo
4370727600.0,	21.35231146883083,	3.6630701464666298,	0.015,	0.05,	0.2,	0.2,	400
4386506400.0,	21.35231146883083,	3.6630701464666298,	0.015000150837857718,	0.05004740278372899,	0.20003121956503772,	0.20076446359932854,	400
4402285200.0,	21.35231146883083,	3.6630701464666298,	0.015000158327066087,	0.05004974336525352,	0.2000327301929203,	0.200802187425377,	400
