time ,	 x ,	 y ,	r_stem,	h_stem,	r_crown,	r_root,	k_geo
1072958400.0,	96.5007240971801,	2.3043362612818203,	0.015,	0.05,	0.2,	0.2,	400
