time ,	 x ,	 y ,	r_stem,	h_stem,	r_crown,	r_root,	k_geo
3487114800.0,	1.4087209058429861,	8.386726157840153,	0.015,	0.05,	0.2,	0.2,	400
