time ,	 x ,	 y ,	r_stem,	h_stem,	r_crown,	r_root,	k_geo
173566800.0,	59.338228905377775,	1.5825722375387863,	0.015,	0.05,	0.2,	0.2,	400
