time ,	 x ,	 y ,	r_stem,	h_stem,	r_crown,	r_root,	k_geo
852055200.0,	98.31664910486018,	11.682356397255264,	0.015,	0.05,	0.2,	0.2,	400
