time ,	 x ,	 y ,	r_stem,	h_stem,	r_crown,	r_root,	k_geo
3550230000.0,	94.44868918398035,	3.1117753847557377,	0.015,	0.05,	0.2,	0.2,	400
