time ,	 x ,	 y ,	r_stem,	h_stem,	r_crown,	r_root,	k_geo
4165603200.0,	70.16285971376429,	0.13236297958826693,	0.015,	0.05,	0.2,	0.2,	400
