time ,	 x ,	 y ,	r_stem,	h_stem,	r_crown,	r_root,	k_geo
4465400400.0,	12.37649796793624,	11.451380240883834,	0.015,	0.05,	0.2,	0.2,	400
