time ,	 x ,	 y ,	r_stem,	h_stem,	r_crown,	r_root,	k_geo
3455557200.0,	42.46138490363662,	2.5150243526994682,	0.015,	0.05,	0.2,	0.2,	400
