time ,	 x ,	 y ,	r_stem,	h_stem,	r_crown,	r_root,	k_geo
1420092000.0,	8.00007752566334,	12.997420749081769,	0.015,	0.05,	0.2,	0.2,	400
