time ,	 x ,	 y ,	r_stem,	h_stem,	r_crown,	r_root,	k_geo
3566008800.0,	5.031464968288734,	6.5860092955345175,	0.015,	0.05,	0.2,	0.2,	400
