time ,	 x ,	 y ,	r_stem,	h_stem,	r_crown,	r_root,	k_geo
757382400.0,	78.21339394917415,	5.4419189210798375,	0.015,	0.05,	0.2,	0.2,	400
