time ,	 x ,	 y ,	r_stem,	h_stem,	r_crown,	r_root,	k_geo
205124400.0,	59.36621689111996,	6.3399459909362434,	0.015,	0.05,	0.2,	0.2,	400
