time ,	 x ,	 y ,	r_stem,	h_stem,	r_crown,	r_root,	k_geo
1830340800.0,	1.1439821592193256,	14.306776092592715,	0.015,	0.05,	0.2,	0.2,	400
