time ,	 x ,	 y ,	r_stem,	h_stem,	r_crown,	r_root,	k_geo
583815600.0,	97.3303861299482,	9.515191854548677,	0.015,	0.05,	0.2,	0.2,	400
