time ,	 x ,	 y ,	r_stem,	h_stem,	r_crown,	r_root,	k_geo
1514764800.0,	20.802164905462238,	8.847271288730326,	0.015,	0.05,	0.2,	0.2,	400
