time ,	 x ,	 y ,	r_stem,	h_stem,	r_crown,	r_root,	k_geo
173566800.0,	36.18328287854254,	8.451320229311984,	0.015,	0.05,	0.2,	0.2,	400
