time ,	 x ,	 y ,	r_stem,	h_stem,	r_crown,	r_root,	k_geo
4544294400.0,	27.204502687243437,	9.522349376323554,	0.015,	0.05,	0.2,	0.2,	400
