time ,	 x ,	 y ,	r_stem,	h_stem,	r_crown,	r_root,	k_geo
315576000.0,	41.34053775167824,	11.666877241632873,	0.015,	0.05,	0.2,	0.2,	400
