time ,	 x ,	 y ,	r_stem,	h_stem,	r_crown,	r_root,	k_geo
3629124000.0,	68.61018565906173,	1.10120996799829,	0.015,	0.05,	0.2,	0.2,	400
