time ,	 x ,	 y ,	r_stem,	h_stem,	r_crown,	r_root,	k_geo
3487114800.0,	1.7092630139157294,	10.203402878845157,	0.015,	0.05,	0.2,	0.2,	400
