time ,	 x ,	 y ,	r_stem,	h_stem,	r_crown,	r_root,	k_geo
1341198000.0,	58.695541176461965,	10.853079914922589,	0.015,	0.05,	0.2,	0.2,	400
