time ,	 x ,	 y ,	r_stem,	h_stem,	r_crown,	r_root,	k_geo
2556165600.0,	8.255323572415262,	11.49440996022195,	0.015,	0.05,	0.2,	0.2,	400
