time ,	 x ,	 y ,	r_stem,	h_stem,	r_crown,	r_root,	k_geo
1719889200.0,	4.240429289132674,	9.682847877297121,	0.015,	0.05,	0.2,	0.2,	400
