time ,	 x ,	 y ,	r_stem,	h_stem,	r_crown,	r_root,	k_geo
2934856800.0,	84.42620188970575,	6.779061780688565,	0.015,	0.05,	0.2,	0.2,	400
