time ,	 x ,	 y ,	r_stem,	h_stem,	r_crown,	r_root,	k_geo
2382598800.0,	55.45395502304,	0.7593257860422165,	0.015,	0.05,	0.2,	0.2,	400
