time ,	 x ,	 y ,	r_stem,	h_stem,	r_crown,	r_root,	k_geo
3723796800.0,	74.13515293820564,	14.101534313371474,	0.015,	0.05,	0.2,	0.2,	400
