time ,	 x ,	 y ,	r_stem,	h_stem,	r_crown,	r_root,	k_geo
1388534400.0,	26.280607652467047,	14.648348686465752,	0.015,	0.05,	0.2,	0.2,	400
