time ,	 x ,	 y ,	r_stem,	h_stem,	r_crown,	r_root,	k_geo
1041400800.0,	18.96195773858488,	8.61285911553433,	0.015,	0.05,	0.2,	0.2,	400
1057179600.0,	18.96195773858488,	8.61285911553433,	0.015000020449884093,	0.050006418809694836,	0.20000411718459027,	0.20010364252594248,	400
