time ,	 x ,	 y ,	r_stem,	h_stem,	r_crown,	r_root,	k_geo
520700400.0,	52.379742647639475,	8.569576435009758,	0.015,	0.05,	0.2,	0.2,	400
