time ,	 x ,	 y ,	r_stem,	h_stem,	r_crown,	r_root,	k_geo
4276054800.0,	49.291642649811976,	2.9700168869577013,	0.015,	0.05,	0.2,	0.2,	400
