time ,	 x ,	 y ,	r_stem,	h_stem,	r_crown,	r_root,	k_geo
3850027200.0,	34.70730503747904,	5.697484680667203,	0.015,	0.05,	0.2,	0.2,	400
3865806000.0,	34.70730503747904,	5.697484680667203,	0.015000727443482924,	0.05032111504896379,	0.20149451493601978,	0.203686741543562,	400
