time ,	 x ,	 y ,	r_stem,	h_stem,	r_crown,	r_root,	k_geo
1656774000.0,	89.8811173826621,	10.91039515546321,	0.015,	0.05,	0.2,	0.2,	400
