time ,	 x ,	 y ,	r_stem,	h_stem,	r_crown,	r_root,	k_geo
2335262400.0,	80.90063899386062,	0.8380898706792828,	0.015,	0.05,	0.2,	0.2,	400
