time ,	 x ,	 y ,	r_stem,	h_stem,	r_crown,	r_root,	k_geo
1988128800.0,	56.8339569919465,	9.099633780508867,	0.015,	0.05,	0.2,	0.2,	400
2003907600.0,	56.8339569919465,	9.099633780508867,	0.015005444828287428,	0.05186184984662916,	0.20333496759298872,	0.22759325365307392,	400
