time ,	 x ,	 y ,	r_stem,	h_stem,	r_crown,	r_root,	k_geo
2698174800.0,	80.03288949880869,	0.8724792049904945,	0.015,	0.05,	0.2,	0.2,	400
