time ,	 x ,	 y ,	r_stem,	h_stem,	r_crown,	r_root,	k_geo
583815600.0,	93.56401589136458,	12.499783293905654,	0.015,	0.05,	0.2,	0.2,	400
