time ,	 x ,	 y ,	r_stem,	h_stem,	r_crown,	r_root,	k_geo
4591630800.0,	23.485749377868835,	10.610118857837925,	0.015,	0.05,	0.2,	0.2,	400
