time ,	 x ,	 y ,	r_stem,	h_stem,	r_crown,	r_root,	k_geo
63115200.0,	92.45699221409936,	6.434323283809453,	0.015,	0.05,	0.2,	0.2,	400
78894000.0,	92.45699221409936,	6.434323283809453,	0.015004125004827803,	0.05664322605482312,	0.2785572874549156,	0.2209049965581547,	400
94672800.0,	92.45699221409936,	6.434323283809453,	0.015028274106866142,	0.071842814416586,	0.348684583568841,	0.3343427711714033,	400
110451600.0,	92.45699221409936,	6.434323283809453,	0.015086437343734287,	0.09410255766186225,	0.4855965287057732,	0.408596905646208,	400
126230400.0,	92.45699221409936,	6.434323283809453,	0.015323052668585925,	0.12220351446906078,	0.6030287538710813,	0.4908529636212528,	400
142009200.0,	92.45699221409936,	6.434323283809453,	0.01607447600747549,	0.14809047590354973,	0.7005525473562044,	0.5499886718632448,	400
