time ,	 x ,	 y ,	r_stem,	h_stem,	r_crown,	r_root,	k_geo
1451649600.0,	97.05788178920467,	10.423163571279707,	0.015,	0.05,	0.2,	0.2,	400
