time ,	 x ,	 y ,	r_stem,	h_stem,	r_crown,	r_root,	k_geo
4591630800.0,	35.488924112441644,	13.386788368218257,	0.015,	0.05,	0.2,	0.2,	400
