time ,	 x ,	 y ,	r_stem,	h_stem,	r_crown,	r_root,	k_geo
994064400.0,	84.25546435472806,	3.9919652649963315,	0.015,	0.05,	0.2,	0.2,	400
