time ,	 x ,	 y ,	r_stem,	h_stem,	r_crown,	r_root,	k_geo
4197160800.0,	91.2121619677164,	2.3026630066926117,	0.015,	0.05,	0.2,	0.2,	400
