time ,	 x ,	 y ,	r_stem,	h_stem,	r_crown,	r_root,	k_geo
2193253200.0,	48.32846704049161,	10.670377091682647,	0.015,	0.05,	0.2,	0.2,	400
