time ,	 x ,	 y ,	r_stem,	h_stem,	r_crown,	r_root,	k_geo
1104516000.0,	11.696102106050898,	14.265292711986579,	0.015,	0.05,	0.2,	0.2,	400
