time ,	 x ,	 y ,	r_stem,	h_stem,	r_crown,	r_root,	k_geo
1956571200.0,	67.87353581638507,	9.508282567726647,	0.015,	0.05,	0.2,	0.2,	400
