time ,	 x ,	 y ,	r_stem,	h_stem,	r_crown,	r_root,	k_geo
4575852000.0,	68.40289131352876,	10.98892670056639,	0.015,	0.05,	0.2,	0.2,	400
