time ,	 x ,	 y ,	r_stem,	h_stem,	r_crown,	r_root,	k_geo
2635059600.0,	55.145974036983844,	11.918416268655202,	0.015,	0.05,	0.2,	0.2,	400
