time ,	 x ,	 y ,	r_stem,	h_stem,	r_crown,	r_root,	k_geo
631152000.0,	80.48667138411557,	14.267312762188356,	0.015,	0.05,	0.2,	0.2,	400
646930800.0,	80.48667138411557,	14.267312762188356,	0.01501108131662573,	0.05622164999866362,	0.24219762911657672,	0.25615398175033854,	400
662709600.0,	80.48667138411557,	14.267312762188356,	0.015011831710069083,	0.058234932092438976,	0.2658067325304013,	0.2585903314546482,	400
678488400.0,	80.48667138411557,	14.267312762188356,	0.01501985310867294,	0.06450072904991827,	0.31510477397927916,	0.28427919962249454,	400
694267200.0,	80.48667138411557,	14.267312762188356,	0.015020150525495832,	0.06535994883351894,	0.3227179322043811,	0.2849999892735976,	400
