time ,	 x ,	 y ,	r_stem,	h_stem,	r_crown,	r_root,	k_geo
4481179200.0,	71.44816300408257,	10.301830399252765,	0.015,	0.05,	0.2,	0.2,	400
