time ,	 x ,	 y ,	r_stem,	h_stem,	r_crown,	r_root,	k_geo
1861898400.0,	75.33593176623798,	0.668145527909263,	0.015,	0.05,	0.2,	0.2,	400
