time ,	 x ,	 y ,	r_stem,	h_stem,	r_crown,	r_root,	k_geo
4370727600.0,	94.3512134345314,	2.5577202649134936,	0.015,	0.05,	0.2,	0.2,	400
