time ,	 x ,	 y ,	r_stem,	h_stem,	r_crown,	r_root,	k_geo
2934856800.0,	48.488550646151666,	14.713635619477559,	0.015,	0.05,	0.2,	0.2,	400
