time ,	 x ,	 y ,	r_stem,	h_stem,	r_crown,	r_root,	k_geo
2587723200.0,	97.4484444289751,	3.395834297861372,	0.015,	0.05,	0.2,	0.2,	400
