time ,	 x ,	 y ,	r_stem,	h_stem,	r_crown,	r_root,	k_geo
1972350000.0,	93.13856590116029,	6.024432707421555,	0.015,	0.05,	0.2,	0.2,	400
