time ,	 x ,	 y ,	r_stem,	h_stem,	r_crown,	r_root,	k_geo
2003907600.0,	90.03134739078499,	4.445073132177899,	0.015,	0.05,	0.2,	0.2,	400
