time ,	 x ,	 y ,	r_stem,	h_stem,	r_crown,	r_root,	k_geo
3108423600.0,	54.93787652007018,	0.8570987706234839,	0.015,	0.05,	0.2,	0.2,	400
3124202400.0,	54.93787652007018,	0.8570987706234839,	0.015001515685577588,	0.05138700002087275,	0.2135440524074219,	0.20768154227481864,	400
3139981200.0,	54.93787652007018,	0.8570987706234839,	0.015003775529680519,	0.05317036164354591,	0.2285023503426879,	0.2186999979450393,	400
3155760000.0,	54.93787652007018,	0.8570987706234839,	0.015006920858639153,	0.05538199511654077,	0.24482863350024853,	0.2329635065535673,	400
