time ,	 x ,	 y ,	r_stem,	h_stem,	r_crown,	r_root,	k_geo
1751446800.0,	49.43087716017269,	2.034839236628294,	0.015,	0.05,	0.2,	0.2,	400
