time ,	 x ,	 y ,	r_stem,	h_stem,	r_crown,	r_root,	k_geo
2729732400.0,	78.92544846649533,	9.887607286636923,	0.015,	0.05,	0.2,	0.2,	400
