time ,	 x ,	 y ,	r_stem,	h_stem,	r_crown,	r_root,	k_geo
2335262400.0,	60.11960576623792,	3.7928681670113447,	0.015,	0.05,	0.2,	0.2,	400
2351041200.0,	60.11960576623792,	3.7928681670113447,	0.01500687685418418,	0.052453906765080285,	0.20570647564169453,	0.23484986006459557,	400
2366820000.0,	60.11960576623792,	3.7928681670113447,	0.015018165263155595,	0.0565347123735332,	0.22590921321333757,	0.27797769671639727,	400
2382598800.0,	60.11960576623792,	3.7928681670113447,	0.015035986910616942,	0.062272066159599834,	0.26145287570054676,	0.32446727354139604,	400
2398377600.0,	60.11960576623792,	3.7928681670113447,	0.015037417553552158,	0.06358525137654722,	0.27629778248762166,	0.32673445718959976,	400
