time ,	 x ,	 y ,	r_stem,	h_stem,	r_crown,	r_root,	k_geo
2950635600.0,	51.839316102159486,	13.54104853747383,	0.015,	0.05,	0.2,	0.2,	400
