time ,	 x ,	 y ,	r_stem,	h_stem,	r_crown,	r_root,	k_geo
2398377600.0,	40.34440890946701,	13.519151444046363,	0.015,	0.05,	0.2,	0.2,	400
