time ,	 x ,	 y ,	r_stem,	h_stem,	r_crown,	r_root,	k_geo
1609437600.0,	65.57019156129648,	13.745474343218246,	0.015,	0.05,	0.2,	0.2,	400
