time ,	 x ,	 y ,	r_stem,	h_stem,	r_crown,	r_root,	k_geo
4481179200.0,	91.3067975254626,	14.395074609262576,	0.015,	0.05,	0.2,	0.2,	400
