time ,	 x ,	 y ,	r_stem,	h_stem,	r_crown,	r_root,	k_geo
3329326800.0,	86.85063034244209,	11.800240457543376,	0.015,	0.05,	0.2,	0.2,	400
