time ,	 x ,	 y ,	r_stem,	h_stem,	r_crown,	r_root,	k_geo
3281990400.0,	75.55778951417385,	13.65995073505562,	0.015,	0.05,	0.2,	0.2,	400
