time ,	 x ,	 y ,	r_stem,	h_stem,	r_crown,	r_root,	k_geo
3502893600.0,	9.868175336589392,	12.01383391932713,	0.015,	0.05,	0.2,	0.2,	400
