time ,	 x ,	 y ,	r_stem,	h_stem,	r_crown,	r_root,	k_geo
1688331600.0,	8.7443610406573,	14.59099848129108,	0.015,	0.05,	0.2,	0.2,	400
