time ,	 x ,	 y ,	r_stem,	h_stem,	r_crown,	r_root,	k_geo
2571944400.0,	86.68324476366679,	7.3022676054931255,	0.015,	0.05,	0.2,	0.2,	400
