time ,	 x ,	 y ,	r_stem,	h_stem,	r_crown,	r_root,	k_geo
3408220800.0,	82.17840780692607,	0.1283697407264217,	0.015,	0.05,	0.2,	0.2,	400
