time ,	 x ,	 y ,	r_stem,	h_stem,	r_crown,	r_root,	k_geo
2082801600.0,	53.325063644580894,	13.032191422353446,	0.015,	0.05,	0.2,	0.2,	400
