time ,	 x ,	 y ,	r_stem,	h_stem,	r_crown,	r_root,	k_geo
2840184000.0,	73.24630300182598,	0.7515829194838897,	0.015,	0.05,	0.2,	0.2,	400
