time ,	 x ,	 y ,	r_stem,	h_stem,	r_crown,	r_root,	k_geo
3092644800.0,	75.67567558067319,	0.3659902353435812,	0.015,	0.05,	0.2,	0.2,	400
