time ,	 x ,	 y ,	r_stem,	h_stem,	r_crown,	r_root,	k_geo
1877677200.0,	90.56714949584665,	5.925485370196362,	0.015,	0.05,	0.2,	0.2,	400
1893456000.0,	90.56714949584665,	5.925485370196362,	0.015008861484708341,	0.05663903379258421,	0.257912075637148,	0.2449063044951878,	400
1909234800.0,	90.56714949584665,	5.925485370196362,	0.015031384030115716,	0.06838788787612005,	0.32445637895372736,	0.3272512187827143,	400
