time ,	 x ,	 y ,	r_stem,	h_stem,	r_crown,	r_root,	k_geo
2209032000.0,	4.435115453290384,	3.7055239034204495,	0.015,	0.05,	0.2,	0.2,	400
