time ,	 x ,	 y ,	r_stem,	h_stem,	r_crown,	r_root,	k_geo
4433842800.0,	64.6692558865244,	14.030606449802328,	0.015,	0.05,	0.2,	0.2,	400
