time ,	 x ,	 y ,	r_stem,	h_stem,	r_crown,	r_root,	k_geo
1893456000.0,	63.9309840917218,	9.78124481262179,	0.015,	0.05,	0.2,	0.2,	400
1909234800.0,	63.9309840917218,	9.78124481262179,	0.015001233726815213,	0.05138705216064894,	0.21477278262070426,	0.20625258764249246,	400
1925013600.0,	63.9309840917218,	9.78124481262179,	0.015003340374540068,	0.053251680292955586,	0.23116583067415974,	0.21667056265037768,	400
