time ,	 x ,	 y ,	r_stem,	h_stem,	r_crown,	r_root,	k_geo
552258000.0,	66.32474865791544,	14.191509321792271,	0.015,	0.05,	0.2,	0.2,	400
