time ,	 x ,	 y ,	r_stem,	h_stem,	r_crown,	r_root,	k_geo
1262304000.0,	55.83728776385111,	10.351188924657164,	0.015,	0.05,	0.2,	0.2,	400
