time ,	 x ,	 y ,	r_stem,	h_stem,	r_crown,	r_root,	k_geo
3471336000.0,	56.265685206608076,	11.24429378005595,	0.015,	0.05,	0.2,	0.2,	400
3487114800.0,	56.265685206608076,	11.24429378005595,	0.015006208153566066,	0.05216796019313928,	0.20446092456901488,	0.23146133719490536,	400
