time ,	 x ,	 y ,	r_stem,	h_stem,	r_crown,	r_root,	k_geo
583815600.0,	54.5185139529937,	14.53173589532533,	0.015,	0.05,	0.2,	0.2,	400
