time ,	 x ,	 y ,	r_stem,	h_stem,	r_crown,	r_root,	k_geo
2256368400.0,	54.89238223075098,	3.1909105393109867,	0.015,	0.05,	0.2,	0.2,	400
