time ,	 x ,	 y ,	r_stem,	h_stem,	r_crown,	r_root,	k_geo
1246525200.0,	77.53200987774741,	5.036036504019159,	0.015,	0.05,	0.2,	0.2,	400
1262304000.0,	77.53200987774741,	5.036036504019159,	0.015010780118709648,	0.05523256206067823,	0.22912443981632344,	0.2546278758905972,	400
1278082800.0,	77.53200987774741,	5.036036504019159,	0.015027372731341249,	0.06321684755596743,	0.2871270481422448,	0.3088484019377893,	400
1293861600.0,	77.53200987774741,	5.036036504019159,	0.015069558657395433,	0.07485760628040689,	0.3439013074587749,	0.3870850909977339,	400
1309640400.0,	77.53200987774741,	5.036036504019159,	0.015208330391970084,	0.09159136755788497,	0.4209739011730791,	0.47680703577943556,	400
1325419200.0,	77.53200987774741,	5.036036504019159,	0.01531522463167848,	0.10084774267205648,	0.48250413565032424,	0.4934559032495149,	400
1341198000.0,	77.53200987774741,	5.036036504019159,	0.01565800725960467,	0.11380130781349425,	0.5422642049122498,	0.5299141714695954,	400
1356976800.0,	77.53200987774741,	5.036036504019159,	0.016102226739157337,	0.12498533634744674,	0.5913209773544634,	0.5568671515578308,	400
1372755600.0,	77.53200987774741,	5.036036504019159,	0.016321137251996718,	0.13065313396245623,	0.6174404787364137,	0.5664426597015471,	400
