time ,	 x ,	 y ,	r_stem,	h_stem,	r_crown,	r_root,	k_geo
3881584800.0,	72.50740088255758,	10.78474391624702,	0.015,	0.05,	0.2,	0.2,	400
