time ,	 x ,	 y ,	r_stem,	h_stem,	r_crown,	r_root,	k_geo
2461492800.0,	61.952578584805394,	14.556547714006985,	0.015,	0.05,	0.2,	0.2,	400
