time ,	 x ,	 y ,	r_stem,	h_stem,	r_crown,	r_root,	k_geo
3755354400.0,	65.73978662621623,	5.823074789791551,	0.015,	0.05,	0.2,	0.2,	400
