time ,	 x ,	 y ,	r_stem,	h_stem,	r_crown,	r_root,	k_geo
1072958400.0,	61.906445695758784,	3.96809389671005,	0.015,	0.05,	0.2,	0.2,	400
