time ,	 x ,	 y ,	r_stem,	h_stem,	r_crown,	r_root,	k_geo
473364000.0,	44.96863566837711,	7.177318858526406,	0.015,	0.05,	0.2,	0.2,	400
