time ,	 x ,	 y ,	r_stem,	h_stem,	r_crown,	r_root,	k_geo
4465400400.0,	29.34288329490814,	2.9273416003173103,	0.015,	0.05,	0.2,	0.2,	400
