time ,	 x ,	 y ,	r_stem,	h_stem,	r_crown,	r_root,	k_geo
710046000.0,	75.52329904252382,	6.337591863468845,	0.015,	0.05,	0.2,	0.2,	400
