time ,	 x ,	 y ,	r_stem,	h_stem,	r_crown,	r_root,	k_geo
3692239200.0,	61.554119791577996,	9.072826642500557,	0.015,	0.05,	0.2,	0.2,	400
