time ,	 x ,	 y ,	r_stem,	h_stem,	r_crown,	r_root,	k_geo
994064400.0,	40.783826432706775,	1.484896199401688,	0.015,	0.05,	0.2,	0.2,	400
