time ,	 x ,	 y ,	r_stem,	h_stem,	r_crown,	r_root,	k_geo
867834000.0,	10.170892394418141,	5.977106086102259,	0.015,	0.05,	0.2,	0.2,	400
