time ,	 x ,	 y ,	r_stem,	h_stem,	r_crown,	r_root,	k_geo
4449621600.0,	39.651191511125525,	2.1463177231443025,	0.015,	0.05,	0.2,	0.2,	400
