time ,	 x ,	 y ,	r_stem,	h_stem,	r_crown,	r_root,	k_geo
2398377600.0,	25.758892665227417,	9.838819266415944,	0.015,	0.05,	0.2,	0.2,	400
2414156400.0,	25.758892665227417,	9.838819266415944,	0.015000139986548533,	0.050043988102045224,	0.20002890713114085,	0.2007094680100323,	400
2429935200.0,	25.758892665227417,	9.838819266415944,	0.015000148739541651,	0.05004672450964989,	0.20003067256098234,	0.20075357712381278,	400
