time ,	 x ,	 y ,	r_stem,	h_stem,	r_crown,	r_root,	k_geo
220903200.0,	41.29673763826555,	8.763093252822097,	0.015,	0.05,	0.2,	0.2,	400
