time ,	 x ,	 y ,	r_stem,	h_stem,	r_crown,	r_root,	k_geo
3108423600.0,	86.62009833733335,	3.6974179870024795,	0.015,	0.05,	0.2,	0.2,	400
