time ,	 x ,	 y ,	r_stem,	h_stem,	r_crown,	r_root,	k_geo
3502893600.0,	12.614659631828607,	13.928263566391752,	0.015,	0.05,	0.2,	0.2,	400
