time ,	 x ,	 y ,	r_stem,	h_stem,	r_crown,	r_root,	k_geo
2461492800.0,	38.693458869331096,	6.551829217122185,	0.015,	0.05,	0.2,	0.2,	400
