time ,	 x ,	 y ,	r_stem,	h_stem,	r_crown,	r_root,	k_geo
2366820000.0,	5.197675519084699,	10.346663611348042,	0.015,	0.05,	0.2,	0.2,	400
