time ,	 x ,	 y ,	r_stem,	h_stem,	r_crown,	r_root,	k_geo
1704110400.0,	37.28601007873195,	7.0263728221716875,	0.015,	0.05,	0.2,	0.2,	400
