time ,	 x ,	 y ,	r_stem,	h_stem,	r_crown,	r_root,	k_geo
3297769200.0,	89.76877131211695,	13.019473073793295,	0.015,	0.05,	0.2,	0.2,	400
