time ,	 x ,	 y ,	r_stem,	h_stem,	r_crown,	r_root,	k_geo
3487114800.0,	9.881211679560097,	3.42110306423626,	0.015,	0.05,	0.2,	0.2,	400
