time ,	 x ,	 y ,	r_stem,	h_stem,	r_crown,	r_root,	k_geo
1783004400.0,	2.8095992280995574,	2.210721170670771,	0.015,	0.05,	0.2,	0.2,	400
1798783200.0,	2.8095992280995574,	2.210721170670771,	0.015002085466147548,	0.05116856639609059,	0.20788933048075425,	0.21056913553176698,	400
1814562000.0,	2.8095992280995574,	2.210721170670771,	0.015004546711448824,	0.052552746076235134,	0.21738712257942983,	0.22216982042452382,	400
1830340800.0,	2.8095992280995574,	2.210721170670771,	0.015008683576107434,	0.05413672826593269,	0.22330244034389896,	0.24009193728197448,	400
1846119600.0,	2.8095992280995574,	2.210721170670771,	0.0150141053108441,	0.05617056314218976,	0.232640859422544,	0.26026697269239013,	400
