time ,	 x ,	 y ,	r_stem,	h_stem,	r_crown,	r_root,	k_geo
2508829200.0,	45.847587769266916,	11.496001351311289,	0.015,	0.05,	0.2,	0.2,	400
