time ,	 x ,	 y ,	r_stem,	h_stem,	r_crown,	r_root,	k_geo
1577880000.0,	23.16715777036823,	14.051151493003374,	0.015,	0.05,	0.2,	0.2,	400
1593658800.0,	23.16715777036823,	14.051151493003374,	0.015000062657916135,	0.05001967477378094,	0.20001272847691473,	0.20031755785818892,	400
