time ,	 x ,	 y ,	r_stem,	h_stem,	r_crown,	r_root,	k_geo
4370727600.0,	98.2852655539885,	10.374886844703978,	0.015,	0.05,	0.2,	0.2,	400
