time ,	 x ,	 y ,	r_stem,	h_stem,	r_crown,	r_root,	k_geo
2382598800.0,	2.1746169134525983,	1.678050062136986,	0.015,	0.05,	0.2,	0.2,	400
