time ,	 x ,	 y ,	r_stem,	h_stem,	r_crown,	r_root,	k_geo
3218875200.0,	95.65045852893952,	2.4649250836730396,	0.015,	0.05,	0.2,	0.2,	400
