time ,	 x ,	 y ,	r_stem,	h_stem,	r_crown,	r_root,	k_geo
3013750800.0,	23.049916970720886,	8.815230204610165,	0.015,	0.05,	0.2,	0.2,	400
