time ,	 x ,	 y ,	r_stem,	h_stem,	r_crown,	r_root,	k_geo
930949200.0,	30.024874018843217,	2.143974392136141,	0.015,	0.05,	0.2,	0.2,	400
