time ,	 x ,	 y ,	r_stem,	h_stem,	r_crown,	r_root,	k_geo
1593658800.0,	60.864228489730806,	4.175479245764128,	0.015,	0.05,	0.2,	0.2,	400
1609437600.0,	60.864228489730806,	4.175479245764128,	0.015001585215713615,	0.05138698716382128,	0.21324105455305012,	0.20803391645868693,	400
