time ,	 x ,	 y ,	r_stem,	h_stem,	r_crown,	r_root,	k_geo
662709600.0,	47.31984133031948,	13.774922445775077,	0.015,	0.05,	0.2,	0.2,	400
