time ,	 x ,	 y ,	r_stem,	h_stem,	r_crown,	r_root,	k_geo
4560073200.0,	45.41808866482604,	7.0744462236612815,	0.015,	0.05,	0.2,	0.2,	400
4575852000.0,	45.41808866482604,	7.0744462236612815,	0.015003206847367908,	0.05104742423277634,	0.2012454368359972,	0.21625207203609503,	400
4591630800.0,	45.41808866482604,	7.0744462236612815,	0.01500808839684387,	0.052553618715440904,	0.20391418538281572,	0.23794991568327525,	400
