time ,	 x ,	 y ,	r_stem,	h_stem,	r_crown,	r_root,	k_geo
788940000.0,	61.92116860723319,	3.704590702096805,	0.015,	0.05,	0.2,	0.2,	400
804718800.0,	61.92116860723319,	3.704590702096805,	0.015007884187589653,	0.05292850310814953,	0.20822143340998434,	0.239954241843687,	400
820497600.0,	61.92116860723319,	3.704590702096805,	0.01502030404899076,	0.057647942032066406,	0.2350603041048066,	0.28547470628977506,	400
836276400.0,	61.92116860723319,	3.704590702096805,	0.0150210766851523,	0.05871395704357756,	0.24820987004160058,	0.28734866632613787,	400
852055200.0,	61.92116860723319,	3.704590702096805,	0.015022530252277325,	0.06029392652877456,	0.26560438610854176,	0.2908070651589357,	400
