time ,	 x ,	 y ,	r_stem,	h_stem,	r_crown,	r_root,	k_geo
2666617200.0,	39.879198475522315,	3.506572844864912,	0.015,	0.05,	0.2,	0.2,	400
2682396000.0,	39.879198475522315,	3.506572844864912,	0.015002704659186085,	0.05087646023441743,	0.2009487503663335,	0.21370710143748975,	400
2698174800.0,	39.879198475522315,	3.506572844864912,	0.015006730982899359,	0.0521145558932953,	0.20282455173700317,	0.23197659448378496,	400
