time ,	 x ,	 y ,	r_stem,	h_stem,	r_crown,	r_root,	k_geo
1861898400.0,	84.5297662289374,	3.530726515643723,	0.015,	0.05,	0.2,	0.2,	400
