time ,	 x ,	 y ,	r_stem,	h_stem,	r_crown,	r_root,	k_geo
4228718400.0,	51.84298885061563,	11.729023117412224,	0.015,	0.05,	0.2,	0.2,	400
