time ,	 x ,	 y ,	r_stem,	h_stem,	r_crown,	r_root,	k_geo
1593658800.0,	39.65825106002736,	9.5028222230009,	0.015,	0.05,	0.2,	0.2,	400
