time ,	 x ,	 y ,	r_stem,	h_stem,	r_crown,	r_root,	k_geo
3802690800.0,	68.95797232574047,	14.66134985996198,	0.015,	0.05,	0.2,	0.2,	400
