time ,	 x ,	 y ,	r_stem,	h_stem,	r_crown,	r_root,	k_geo
4291833600.0,	87.83498907293492,	5.609643691799281,	0.015,	0.05,	0.2,	0.2,	400
