time ,	 x ,	 y ,	r_stem,	h_stem,	r_crown,	r_root,	k_geo
2398377600.0,	79.43820830970739,	13.058796160027972,	0.015,	0.05,	0.2,	0.2,	400
