time ,	 x ,	 y ,	r_stem,	h_stem,	r_crown,	r_root,	k_geo
1688331600.0,	17.484132314454538,	14.436493964283125,	0.015,	0.05,	0.2,	0.2,	400
1704110400.0,	17.484132314454538,	14.436493964283125,	0.015000313389134315,	0.050132120263340525,	0.20055341766082443,	0.20158828903835369,	400
1719889200.0,	17.484132314454538,	14.436493964283125,	0.015000564074101042,	0.050236664637270896,	0.20098760235656352,	0.20284386658561349,	400
1735668000.0,	17.484132314454538,	14.436493964283125,	0.01500070054128919,	0.05029274292201335,	0.2012153435913808,	0.20352098826329185,	400
1751446800.0,	17.484132314454538,	14.436493964283125,	0.01500106961749951,	0.05044765508622508,	0.20188375975739017,	0.2053429626252226,	400
1767225600.0,	17.484132314454538,	14.436493964283125,	0.015001554220920548,	0.05065242734523481,	0.20279900589391783,	0.20770280904268057,	400
