time ,	 x ,	 y ,	r_stem,	h_stem,	r_crown,	r_root,	k_geo
3692239200.0,	13.851328481882842,	5.502208619772752,	0.015,	0.05,	0.2,	0.2,	400
3708018000.0,	13.851328481882842,	5.502208619772752,	0.015000491844962922,	0.050155084286398345,	0.20010938845484738,	0.20249271655097337,	400
3723796800.0,	13.851328481882842,	5.502208619772752,	0.015001306283645075,	0.050409255419151255,	0.20030564125460137,	0.20653846912954862,	400
3739575600.0,	13.851328481882842,	5.502208619772752,	0.015002633871511795,	0.05081678858246027,	0.20066736615874567,	0.21292147099628841,	400
3755354400.0,	13.851328481882842,	5.502208619772752,	0.01500411803797506,	0.05125726585604855,	0.20109531266735906,	0.21969681346018807,	400
3771133200.0,	13.851328481882842,	5.502208619772752,	0.015006066497093564,	0.05181699433038435,	0.20172306721123204,	0.2281107780371587,	400
3786912000.0,	13.851328481882842,	5.502208619772752,	0.015009061255494626,	0.052648912715866254,	0.2029094678730878,	0.24017014563833458,	400
3802690800.0,	13.851328481882842,	5.502208619772752,	0.015014107350040303,	0.05400356740963926,	0.2057351235307644,	0.2585209542241824,	400
3818469600.0,	13.851328481882842,	5.502208619772752,	0.015014941652116615,	0.054521009739847755,	0.2112891108916237,	0.26110742256106845,	400
