time ,	 x ,	 y ,	r_stem,	h_stem,	r_crown,	r_root,	k_geo
331354800.0,	76.90222457448012,	6.99610208143576,	0.015,	0.05,	0.2,	0.2,	400
