time ,	 x ,	 y ,	r_stem,	h_stem,	r_crown,	r_root,	k_geo
2130138000.0,	92.51631805508812,	9.439733561981837,	0.015,	0.05,	0.2,	0.2,	400
