time ,	 x ,	 y ,	r_stem,	h_stem,	r_crown,	r_root,	k_geo
394470000.0,	76.92404672134508,	6.421432446383959,	0.015,	0.05,	0.2,	0.2,	400
