time ,	 x ,	 y ,	r_stem,	h_stem,	r_crown,	r_root,	k_geo
4181382000.0,	44.40241008951165,	13.247083643133088,	0.015,	0.05,	0.2,	0.2,	400
4197160800.0,	44.40241008951165,	13.247083643133088,	0.015002710463050144,	0.05087841748373028,	0.20095190703146013,	0.21373651422011206,	400
4212939600.0,	44.40241008951165,	13.247083643133088,	0.015006347491468447,	0.05198864093151325,	0.20252622104835014,	0.23023571847749277,	400
4228718400.0,	44.40241008951165,	13.247083643133088,	0.015011420977869247,	0.05343759333415678,	0.20537120340963508,	0.2503214424378973,	400
4244497200.0,	44.40241008951165,	13.247083643133088,	0.015018953486638184,	0.05545574737653513,	0.21129420536801205,	0.2754421651487983,	400
