time ,	 x ,	 y ,	r_stem,	h_stem,	r_crown,	r_root,	k_geo
1435870800.0,	79.53636283029691,	9.289392823311406,	0.015,	0.05,	0.2,	0.2,	400
