time ,	 x ,	 y ,	r_stem,	h_stem,	r_crown,	r_root,	k_geo
1404313200.0,	91.43089415560802,	1.5132463252776585,	0.015,	0.05,	0.2,	0.2,	400
