time ,	 x ,	 y ,	r_stem,	h_stem,	r_crown,	r_root,	k_geo
2351041200.0,	2.972684908339762,	10.642482790946007,	0.015,	0.05,	0.2,	0.2,	400
