time ,	 x ,	 y ,	r_stem,	h_stem,	r_crown,	r_root,	k_geo
1719889200.0,	23.31495102329082,	6.958447645063136,	0.015,	0.05,	0.2,	0.2,	400
