time ,	 x ,	 y ,	r_stem,	h_stem,	r_crown,	r_root,	k_geo
2792847600.0,	90.53841323725052,	2.139083124101803,	0.015,	0.05,	0.2,	0.2,	400
