time ,	 x ,	 y ,	r_stem,	h_stem,	r_crown,	r_root,	k_geo
3944700000.0,	23.703841184712427,	13.620087438561626,	0.015,	0.05,	0.2,	0.2,	400
