time ,	 x ,	 y ,	r_stem,	h_stem,	r_crown,	r_root,	k_geo
757382400.0,	97.56983662081382,	13.798333836137937,	0.015,	0.05,	0.2,	0.2,	400
