time ,	 x ,	 y ,	r_stem,	h_stem,	r_crown,	r_root,	k_geo
3376663200.0,	58.03903820107653,	0.7011154193527647,	0.015,	0.05,	0.2,	0.2,	400
