time ,	 x ,	 y ,	r_stem,	h_stem,	r_crown,	r_root,	k_geo
3629124000.0,	83.47131245485684,	3.6245438736132014,	0.015,	0.05,	0.2,	0.2,	400
