time ,	 x ,	 y ,	r_stem,	h_stem,	r_crown,	r_root,	k_geo
1104516000.0,	91.80146035430474,	0.9494395070386469,	0.015,	0.05,	0.2,	0.2,	400
