time ,	 x ,	 y ,	r_stem,	h_stem,	r_crown,	r_root,	k_geo
1325419200.0,	4.80640395515799,	7.732731910300221,	0.015,	0.05,	0.2,	0.2,	400
