time ,	 x ,	 y ,	r_stem,	h_stem,	r_crown,	r_root,	k_geo
1577880000.0,	97.46599007987965,	4.414904372991502,	0.015,	0.05,	0.2,	0.2,	400
