time ,	 x ,	 y ,	r_stem,	h_stem,	r_crown,	r_root,	k_geo
4528515600.0,	58.27024472511728,	9.05695000265783,	0.015,	0.05,	0.2,	0.2,	400
