time ,	 x ,	 y ,	r_stem,	h_stem,	r_crown,	r_root,	k_geo
489142800.0,	2.5229566153027516,	10.300646905472831,	0.015,	0.05,	0.2,	0.2,	400
