time ,	 x ,	 y ,	r_stem,	h_stem,	r_crown,	r_root,	k_geo
2840184000.0,	52.361449266908224,	14.755528592988071,	0.015,	0.05,	0.2,	0.2,	400
