time ,	 x ,	 y ,	r_stem,	h_stem,	r_crown,	r_root,	k_geo
2524608000.0,	31.730570633901124,	11.135703037588009,	0.015,	0.05,	0.2,	0.2,	400
