time ,	 x ,	 y ,	r_stem,	h_stem,	r_crown,	r_root,	k_geo
4512736800.0,	91.48003310679333,	1.8754333351048624,	0.015,	0.05,	0.2,	0.2,	400
