time ,	 x ,	 y ,	r_stem,	h_stem,	r_crown,	r_root,	k_geo
3913142400.0,	60.356717307692634,	6.556458899040042,	0.015,	0.05,	0.2,	0.2,	400
3928921200.0,	60.356717307692634,	6.556458899040042,	0.015007416992384852,	0.052700605067575644,	0.20694166714792317,	0.23758687555327773,	400
3944700000.0,	60.356717307692634,	6.556458899040042,	0.015018937659824646,	0.05680679155764147,	0.22725706204345653,	0.2806322462669394,	400
3960478800.0,	60.356717307692634,	6.556458899040042,	0.015019589976029878,	0.05766806448004524,	0.2381589066939484,	0.2822909375279897,	400
