time ,	 x ,	 y ,	r_stem,	h_stem,	r_crown,	r_root,	k_geo
662709600.0,	80.15355991470814,	2.9174905690977626,	0.015,	0.05,	0.2,	0.2,	400
