time ,	 x ,	 y ,	r_stem,	h_stem,	r_crown,	r_root,	k_geo
2335262400.0,	47.349157985891985,	10.55060430956383,	0.015,	0.05,	0.2,	0.2,	400
