time ,	 x ,	 y ,	r_stem,	h_stem,	r_crown,	r_root,	k_geo
1088737200.0,	66.93128853367855,	8.783846916257662,	0.015,	0.05,	0.2,	0.2,	400
