time ,	 x ,	 y ,	r_stem,	h_stem,	r_crown,	r_root,	k_geo
1609437600.0,	97.97865724377452,	6.948148051072575,	0.015,	0.05,	0.2,	0.2,	400
