time ,	 x ,	 y ,	r_stem,	h_stem,	r_crown,	r_root,	k_geo
4007815200.0,	59.60388170184747,	2.688719724100453,	0.015,	0.05,	0.2,	0.2,	400
