time ,	 x ,	 y ,	r_stem,	h_stem,	r_crown,	r_root,	k_geo
1735668000.0,	76.17579652485192,	14.888430320748606,	0.015,	0.05,	0.2,	0.2,	400
