time ,	 x ,	 y ,	r_stem,	h_stem,	r_crown,	r_root,	k_geo
678488400.0,	98.31750247650383,	11.674461787441873,	0.015,	0.05,	0.2,	0.2,	400
