time ,	 x ,	 y ,	r_stem,	h_stem,	r_crown,	r_root,	k_geo
1088737200.0,	24.555506496550873,	0.5176047568919773,	0.015,	0.05,	0.2,	0.2,	400
1104516000.0,	24.555506496550873,	0.5176047568919773,	0.015000162758979854,	0.0500511549326838,	0.20003377204253145,	0.2008248810978698,	400
1120294800.0,	24.555506496550873,	0.5176047568919773,	0.015000208813747007,	0.05006554867673178,	0.2000431410723222,	0.20105675044947272,	400
