time ,	 x ,	 y ,	r_stem,	h_stem,	r_crown,	r_root,	k_geo
3771133200.0,	89.83096489333784,	7.44913747060585,	0.015,	0.05,	0.2,	0.2,	400
