time ,	 x ,	 y ,	r_stem,	h_stem,	r_crown,	r_root,	k_geo
1057179600.0,	18.93773706156272,	0.1135017540339589,	0.015,	0.05,	0.2,	0.2,	400
