time ,	 x ,	 y ,	r_stem,	h_stem,	r_crown,	r_root,	k_geo
4402285200.0,	16.084637754761022,	2.5546569861768633,	0.015,	0.05,	0.2,	0.2,	400
