time ,	 x ,	 y ,	r_stem,	h_stem,	r_crown,	r_root,	k_geo
3218875200.0,	5.76776669903829,	14.867448270617842,	0.015,	0.05,	0.2,	0.2,	400
