time ,	 x ,	 y ,	r_stem,	h_stem,	r_crown,	r_root,	k_geo
2019686400.0,	38.693564563756055,	10.077459220967736,	0.015,	0.05,	0.2,	0.2,	400
