time ,	 x ,	 y ,	r_stem,	h_stem,	r_crown,	r_root,	k_geo
3881584800.0,	58.93766982309292,	5.610490104761775,	0.015,	0.05,	0.2,	0.2,	400
