time ,	 x ,	 y ,	r_stem,	h_stem,	r_crown,	r_root,	k_geo
4276054800.0,	88.22129420326732,	12.636542771571978,	0.015,	0.05,	0.2,	0.2,	400
