time ,	 x ,	 y ,	r_stem,	h_stem,	r_crown,	r_root,	k_geo
1041400800.0,	51.06153754568869,	9.652301325624192,	0.015,	0.05,	0.2,	0.2,	400
