time ,	 x ,	 y ,	r_stem,	h_stem,	r_crown,	r_root,	k_geo
3676460400.0,	95.39738697302094,	3.0117160207735854,	0.015,	0.05,	0.2,	0.2,	400
