time ,	 x ,	 y ,	r_stem,	h_stem,	r_crown,	r_root,	k_geo
3597566400.0,	40.68022423787211,	11.810048058608277,	0.015,	0.05,	0.2,	0.2,	400
