time ,	 x ,	 y ,	r_stem,	h_stem,	r_crown,	r_root,	k_geo
2997972000.0,	0.4530839457415281,	1.5730218114312962,	0.015,	0.05,	0.2,	0.2,	400
