time ,	 x ,	 y ,	r_stem,	h_stem,	r_crown,	r_root,	k_geo
3518672400.0,	86.67420710662843,	3.204423004463359,	0.015,	0.05,	0.2,	0.2,	400
