time ,	 x ,	 y ,	r_stem,	h_stem,	r_crown,	r_root,	k_geo
915170400.0,	80.59730487233114,	13.558026731121622,	0.015,	0.05,	0.2,	0.2,	400
