time ,	 x ,	 y ,	r_stem,	h_stem,	r_crown,	r_root,	k_geo
2272147200.0,	65.49678587164838,	4.7731094073751414,	0.015,	0.05,	0.2,	0.2,	400
