time ,	 x ,	 y ,	r_stem,	h_stem,	r_crown,	r_root,	k_geo
1420092000.0,	62.071625909484354,	5.502283806556788,	0.015,	0.05,	0.2,	0.2,	400
