time ,	 x ,	 y ,	r_stem,	h_stem,	r_crown,	r_root,	k_geo
2761290000.0,	98.32278656419689,	10.832630836767096,	0.015,	0.05,	0.2,	0.2,	400
