time ,	 x ,	 y ,	r_stem,	h_stem,	r_crown,	r_root,	k_geo
1577880000.0,	87.54116541335915,	5.766257713138081,	0.015,	0.05,	0.2,	0.2,	400
