time ,	 x ,	 y ,	r_stem,	h_stem,	r_crown,	r_root,	k_geo
1072958400.0,	88.5785381684427,	12.842016097738272,	0.015,	0.05,	0.2,	0.2,	400
