time ,	 x ,	 y ,	r_stem,	h_stem,	r_crown,	r_root,	k_geo
362912400.0,	80.60903230892289,	7.78063305420449,	0.015,	0.05,	0.2,	0.2,	400
