time ,	 x ,	 y ,	r_stem,	h_stem,	r_crown,	r_root,	k_geo
2698174800.0,	91.2886659967495,	9.537186758350234,	0.015,	0.05,	0.2,	0.2,	400
