time ,	 x ,	 y ,	r_stem,	h_stem,	r_crown,	r_root,	k_geo
1625216400.0,	33.79489766508236,	8.302926510438253,	0.015,	0.05,	0.2,	0.2,	400
