time ,	 x ,	 y ,	r_stem,	h_stem,	r_crown,	r_root,	k_geo
1230746400.0,	61.18346096076106,	6.154586044676059,	0.015,	0.05,	0.2,	0.2,	400
