time ,	 x ,	 y ,	r_stem,	h_stem,	r_crown,	r_root,	k_geo
1214967600.0,	1.1191484576635768,	1.066057443576821,	0.015,	0.05,	0.2,	0.2,	400
