time ,	 x ,	 y ,	r_stem,	h_stem,	r_crown,	r_root,	k_geo
4339170000.0,	12.124172760417961,	12.047122110747157,	0.015,	0.05,	0.2,	0.2,	400
