time ,	 x ,	 y ,	r_stem,	h_stem,	r_crown,	r_root,	k_geo
1356976800.0,	49.799314392806,	12.14405811097349,	0.015,	0.05,	0.2,	0.2,	400
