time ,	 x ,	 y ,	r_stem,	h_stem,	r_crown,	r_root,	k_geo
268239600.0,	93.73352422905984,	14.737303408303518,	0.015,	0.05,	0.2,	0.2,	400
