time ,	 x ,	 y ,	r_stem,	h_stem,	r_crown,	r_root,	k_geo
331354800.0,	15.61563328899156,	11.681242004826123,	0.015,	0.05,	0.2,	0.2,	400
347133600.0,	15.61563328899156,	11.681242004826123,	0.01500171928903599,	0.05088488927805007,	0.20536318412815974,	0.2087133896229339,	400
362912400.0,	15.61563328899156,	11.681242004826123,	0.01500352596853989,	0.05178522153358341,	0.21074255809424824,	0.21732397128536135,	400
378691200.0,	15.61563328899156,	11.681242004826123,	0.015005688099256918,	0.05287478015938033,	0.21756862501749935,	0.2269950492878334,	400
394470000.0,	15.61563328899156,	11.681242004826123,	0.01500814657846714,	0.054083023779799407,	0.22513442199063433,	0.23720939523025195,	400
410248800.0,	15.61563328899156,	11.681242004826123,	0.015010748356122846,	0.05527339605439839,	0.23220409216076315,	0.2471663911782459,	400
426027600.0,	15.61563328899156,	11.681242004826123,	0.015013563879375632,	0.05648256776108802,	0.23915078777439702,	0.2570618879123085,	400
