time ,	 x ,	 y ,	r_stem,	h_stem,	r_crown,	r_root,	k_geo
3660681600.0,	97.3687049049617,	6.753025718190759,	0.015,	0.05,	0.2,	0.2,	400
