time ,	 x ,	 y ,	r_stem,	h_stem,	r_crown,	r_root,	k_geo
1088737200.0,	50.592202026051005,	0.6926685772080032,	0.015,	0.05,	0.2,	0.2,	400
