time ,	 x ,	 y ,	r_stem,	h_stem,	r_crown,	r_root,	k_geo
1356976800.0,	21.459854456986093,	13.704389555526584,	0.015,	0.05,	0.2,	0.2,	400
1372755600.0,	21.459854456986093,	13.704389555526584,	0.015000045378745388,	0.05001424677190792,	0.20000918460669323,	0.20022998498967398,	400
1388534400.0,	21.459854456986093,	13.704389555526584,	0.015000080592898975,	0.05002528735180676,	0.20001630642485307,	0.20040812520458987,	400
