time ,	 x ,	 y ,	r_stem,	h_stem,	r_crown,	r_root,	k_geo
1309640400.0,	11.79557793995606,	12.071763821644543,	0.015,	0.05,	0.2,	0.2,	400
