time ,	 x ,	 y ,	r_stem,	h_stem,	r_crown,	r_root,	k_geo
3455557200.0,	72.0173595882434,	6.286720501583844,	0.015,	0.05,	0.2,	0.2,	400
