time ,	 x ,	 y ,	r_stem,	h_stem,	r_crown,	r_root,	k_geo
1072958400.0,	19.58433670465499,	12.687293199753462,	0.015,	0.05,	0.2,	0.2,	400
