time ,	 x ,	 y ,	r_stem,	h_stem,	r_crown,	r_root,	k_geo
4544294400.0,	94.5635511394962,	13.940516537231183,	0.015,	0.05,	0.2,	0.2,	400
