time ,	 x ,	 y ,	r_stem,	h_stem,	r_crown,	r_root,	k_geo
3771133200.0,	2.1661554462863997,	2.5940281183007334,	0.015,	0.05,	0.2,	0.2,	400
