time ,	 x ,	 y ,	r_stem,	h_stem,	r_crown,	r_root,	k_geo
4370727600.0,	38.47765508847593,	12.758835959934018,	0.015,	0.05,	0.2,	0.2,	400
