time ,	 x ,	 y ,	r_stem,	h_stem,	r_crown,	r_root,	k_geo
3139981200.0,	39.77077128097422,	4.559391009565451,	0.015,	0.05,	0.2,	0.2,	400
