time ,	 x ,	 y ,	r_stem,	h_stem,	r_crown,	r_root,	k_geo
867834000.0,	97.66295191065882,	14.018786663138533,	0.015,	0.05,	0.2,	0.2,	400
