time ,	 x ,	 y ,	r_stem,	h_stem,	r_crown,	r_root,	k_geo
3534451200.0,	71.63388631392048,	9.840567219425596,	0.015,	0.05,	0.2,	0.2,	400
