time ,	 x ,	 y ,	r_stem,	h_stem,	r_crown,	r_root,	k_geo
3534451200.0,	71.5860836470812,	14.80441648744775,	0.015,	0.05,	0.2,	0.2,	400
