time ,	 x ,	 y ,	r_stem,	h_stem,	r_crown,	r_root,	k_geo
3313548000.0,	52.807570910242504,	13.873253669906884,	0.015,	0.05,	0.2,	0.2,	400
