time ,	 x ,	 y ,	r_stem,	h_stem,	r_crown,	r_root,	k_geo
2382598800.0,	50.25601644064527,	12.797603541320914,	0.015,	0.05,	0.2,	0.2,	400
