time ,	 x ,	 y ,	r_stem,	h_stem,	r_crown,	r_root,	k_geo
4544294400.0,	2.8788664723864765,	8.830423008722542,	0.015,	0.05,	0.2,	0.2,	400
