time ,	 x ,	 y ,	r_stem,	h_stem,	r_crown,	r_root,	k_geo
4433842800.0,	28.80374872750081,	6.626822721827167,	0.015,	0.05,	0.2,	0.2,	400
4449621600.0,	28.80374872750081,	6.626822721827167,	0.015000159724637196,	0.050050199797963525,	0.20003312114712724,	0.20080950273236714,	400
