time ,	 x ,	 y ,	r_stem,	h_stem,	r_crown,	r_root,	k_geo
946728000.0,	4.083386998885685,	9.9378561382361,	0.015,	0.05,	0.2,	0.2,	400
