time ,	 x ,	 y ,	r_stem,	h_stem,	r_crown,	r_root,	k_geo
2493050400.0,	43.61395735202465,	9.494701920182166,	0.015,	0.05,	0.2,	0.2,	400
