time ,	 x ,	 y ,	r_stem,	h_stem,	r_crown,	r_root,	k_geo
2635059600.0,	68.11820772075264,	1.2110971779981583,	0.015,	0.05,	0.2,	0.2,	400
