time ,	 x ,	 y ,	r_stem,	h_stem,	r_crown,	r_root,	k_geo
2429935200.0,	87.67268291383337,	13.850310127672051,	0.015,	0.05,	0.2,	0.2,	400
