time ,	 x ,	 y ,	r_stem,	h_stem,	r_crown,	r_root,	k_geo
2840184000.0,	34.0924760148374,	6.582891298415997,	0.015,	0.05,	0.2,	0.2,	400
