time ,	 x ,	 y ,	r_stem,	h_stem,	r_crown,	r_root,	k_geo
3613345200.0,	76.3631903691861,	2.742960066846191,	0.015,	0.05,	0.2,	0.2,	400
3629124000.0,	76.3631903691861,	2.742960066846191,	0.015000589594716307,	0.051387171284500224,	0.21757988113410895,	0.20298811797621072,	400
3644902800.0,	76.3631903691861,	2.742960066846191,	0.015005458399194321,	0.055585881882898,	0.252470067502115,	0.22785867024050113,	400
3660681600.0,	76.3631903691861,	2.742960066846191,	0.015007990806281811,	0.05877644681361155,	0.280342139197038,	0.23871982674902528,	400
