time ,	 x ,	 y ,	r_stem,	h_stem,	r_crown,	r_root,	k_geo
1498986000.0,	54.53445955339825,	2.428451757825081,	0.015,	0.05,	0.2,	0.2,	400
