time ,	 x ,	 y ,	r_stem,	h_stem,	r_crown,	r_root,	k_geo
4086709200.0,	69.97371945720829,	6.796867559085778,	0.015,	0.05,	0.2,	0.2,	400
