time ,	 x ,	 y ,	r_stem,	h_stem,	r_crown,	r_root,	k_geo
2019686400.0,	62.224965242636166,	6.400096646466005,	0.015,	0.05,	0.2,	0.2,	400
