time ,	 x ,	 y ,	r_stem,	h_stem,	r_crown,	r_root,	k_geo
441806400.0,	66.55104622936929,	9.006972629539082,	0.015,	0.05,	0.2,	0.2,	400
