time ,	 x ,	 y ,	r_stem,	h_stem,	r_crown,	r_root,	k_geo
2540386800.0,	78.89490891640041,	13.472880981759138,	0.015,	0.05,	0.2,	0.2,	400
