time ,	 x ,	 y ,	r_stem,	h_stem,	r_crown,	r_root,	k_geo
2524608000.0,	51.62596202134431,	2.3886371333769856,	0.015,	0.05,	0.2,	0.2,	400
2540386800.0,	51.62596202134431,	2.3886371333769856,	0.015002236965551344,	0.05138686665525642,	0.2104009244314394,	0.2113369132942174,	400
2556165600.0,	51.62596202134431,	2.3886371333769856,	0.015004663611879108,	0.0529671199302991,	0.22260174032820518,	0.22274906975555442,	400
2571944400.0,	51.62596202134431,	2.3886371333769856,	0.015007636281901725,	0.05482814004108226,	0.23621590084472915,	0.23565382966196852,	400
2587723200.0,	51.62596202134431,	2.3886371333769856,	0.015011570082496853,	0.0570223919369613,	0.25061650836107424,	0.2510950885250938,	400
2603502000.0,	51.62596202134431,	2.3886371333769856,	0.01501654449423378,	0.05955318529151076,	0.26629688132974794,	0.26814768606055034,	400
2619280800.0,	51.62596202134431,	2.3886371333769856,	0.015022839257467788,	0.062469402469895914,	0.283765898560585,	0.28643656251760913,	400
