time ,	 x ,	 y ,	r_stem,	h_stem,	r_crown,	r_root,	k_geo
3771133200.0,	96.23709539816029,	10.675995277383887,	0.015,	0.05,	0.2,	0.2,	400
