time ,	 x ,	 y ,	r_stem,	h_stem,	r_crown,	r_root,	k_geo
2556165600.0,	85.77737643555415,	13.10853283959459,	0.015,	0.05,	0.2,	0.2,	400
