time ,	 x ,	 y ,	r_stem,	h_stem,	r_crown,	r_root,	k_geo
2035465200.0,	95.62999725682239,	10.800874088703885,	0.015,	0.05,	0.2,	0.2,	400
