time ,	 x ,	 y ,	r_stem,	h_stem,	r_crown,	r_root,	k_geo
3471336000.0,	51.40811905130366,	4.128852525140859,	0.015,	0.05,	0.2,	0.2,	400
3487114800.0,	51.40811905130366,	4.128852525140859,	0.015002109476973799,	0.05138689022666265,	0.21095647285275856,	0.21069081922384245,	400
3502893600.0,	51.40811905130366,	4.128852525140859,	0.015004677280380185,	0.05300251427533848,	0.22294820536891197,	0.2228439685775115,	400
