time ,	 x ,	 y ,	r_stem,	h_stem,	r_crown,	r_root,	k_geo
1293861600.0,	93.59668043300152,	11.796812821194019,	0.015,	0.05,	0.2,	0.2,	400
