time ,	 x ,	 y ,	r_stem,	h_stem,	r_crown,	r_root,	k_geo
2966414400.0,	7.625877101709189,	7.074987514366045,	0.015,	0.05,	0.2,	0.2,	400
