time ,	 x ,	 y ,	r_stem,	h_stem,	r_crown,	r_root,	k_geo
2571944400.0,	62.2590203028336,	8.31532395202167,	0.015,	0.05,	0.2,	0.2,	400
2587723200.0,	62.2590203028336,	8.31532395202167,	0.01500136952791914,	0.05138702704796017,	0.21418098106876732,	0.20694082288996235,	400
2603502000.0,	62.2590203028336,	8.31532395202167,	0.015007143683731185,	0.054325310374656405,	0.23012686796842796,	0.23530032970873904,	400
2619280800.0,	62.2590203028336,	8.31532395202167,	0.015014960814824587,	0.05853999189798973,	0.25828698257092775,	0.2658937910172575,	400
2635059600.0,	62.2590203028336,	8.31532395202167,	0.0150181445564453,	0.0610997893362861,	0.2804758443418086,	0.27534221180732876,	400
2650838400.0,	62.2590203028336,	8.31532395202167,	0.01502413610910768,	0.06460887568773556,	0.30479717374386855,	0.2914930289013775,	400
2666617200.0,	62.2590203028336,	8.31532395202167,	0.01503421107631577,	0.0691235783738251,	0.33093298339644955,	0.3140713151351004,	400
2682396000.0,	62.2590203028336,	8.31532395202167,	0.015050515889180813,	0.07467121897912374,	0.35935213273528976,	0.34155132987109205,	400
2698174800.0,	62.2590203028336,	8.31532395202167,	0.01507783924199637,	0.08134201055956765,	0.3905281410583699,	0.3730154005663006,	400
