time ,	 x ,	 y ,	r_stem,	h_stem,	r_crown,	r_root,	k_geo
3013750800.0,	83.64583391927243,	2.073141237473017,	0.015,	0.05,	0.2,	0.2,	400
