time ,	 x ,	 y ,	r_stem,	h_stem,	r_crown,	r_root,	k_geo
394470000.0,	49.57657445529563,	4.655770001527121,	0.015,	0.05,	0.2,	0.2,	400
