time ,	 x ,	 y ,	r_stem,	h_stem,	r_crown,	r_root,	k_geo
2666617200.0,	11.99720254613924,	11.309897415079467,	0.015,	0.05,	0.2,	0.2,	400
