time ,	 x ,	 y ,	r_stem,	h_stem,	r_crown,	r_root,	k_geo
1041400800.0,	84.21639830428951,	9.203656057955941,	0.015,	0.05,	0.2,	0.2,	400
