time ,	 x ,	 y ,	r_stem,	h_stem,	r_crown,	r_root,	k_geo
3739575600.0,	0.1709674275472639,	14.793407415017143,	0.015,	0.05,	0.2,	0.2,	400
