time ,	 x ,	 y ,	r_stem,	h_stem,	r_crown,	r_root,	k_geo
1925013600.0,	47.40744141429204,	11.407178451539272,	0.015,	0.05,	0.2,	0.2,	400
1940792400.0,	47.40744141429204,	11.407178451539272,	0.015002297074227008,	0.05137101825542767,	0.20990891240908513,	0.2116415348673684,	400
1956571200.0,	47.40744141429204,	11.407178451539272,	0.015004836603279696,	0.05292532262769307,	0.22136986167704828,	0.22354420736495828,	400
1972350000.0,	47.40744141429204,	11.407178451539272,	0.015007863171240424,	0.05455313334341325,	0.23187220579564105,	0.23657003990874728,	400
1988128800.0,	47.40744141429204,	11.407178451539272,	0.015011538178882376,	0.056472953218636386,	0.24424754981107583,	0.25081332109870974,	400
2003907600.0,	47.40744141429204,	11.407178451539272,	0.015015947753921732,	0.058591679357914976,	0.25725232791017966,	0.26591253993223946,	400
2019686400.0,	47.40744141429204,	11.407178451539272,	0.015021301510100438,	0.06109746731054214,	0.2730513817190993,	0.28179629977957205,	400
2035465200.0,	47.40744141429204,	11.407178451539272,	0.015031288559760941,	0.06382675212215852,	0.28139000856337787,	0.30693795940582763,	400
2051244000.0,	47.40744141429204,	11.407178451539272,	0.015038884108727299,	0.06654326043492956,	0.2987770895683641,	0.32139922038992924,	400
