time ,	 x ,	 y ,	r_stem,	h_stem,	r_crown,	r_root,	k_geo
236682000.0,	77.13376029893675,	7.05528011510739,	0.015,	0.05,	0.2,	0.2,	400
252460800.0,	77.13376029893675,	7.05528011510739,	0.015010182087771409,	0.05663786563318077,	0.25215689488480597,	0.25159774727228046,	400
268239600.0,	77.13376029893675,	7.05528011510739,	0.01501117220581162,	0.05923678400368916,	0.2805407655973196,	0.2549770702015849,	400
