time ,	 x ,	 y ,	r_stem,	h_stem,	r_crown,	r_root,	k_geo
804718800.0,	54.03065858577424,	7.195851506327972,	0.015,	0.05,	0.2,	0.2,	400
