time ,	 x ,	 y ,	r_stem,	h_stem,	r_crown,	r_root,	k_geo
4039372800.0,	23.063170924039078,	5.518744727809826,	0.015,	0.05,	0.2,	0.2,	400
