time ,	 x ,	 y ,	r_stem,	h_stem,	r_crown,	r_root,	k_geo
3818469600.0,	17.18055706442835,	6.674518319786628,	0.015,	0.05,	0.2,	0.2,	400
