time ,	 x ,	 y ,	r_stem,	h_stem,	r_crown,	r_root,	k_geo
3644902800.0,	79.20841718425147,	4.952651241907973,	0.015,	0.05,	0.2,	0.2,	400
