time ,	 x ,	 y ,	r_stem,	h_stem,	r_crown,	r_root,	k_geo
3076866000.0,	93.35168169850104,	8.074373369208745,	0.015,	0.05,	0.2,	0.2,	400
