time ,	 x ,	 y ,	r_stem,	h_stem,	r_crown,	r_root,	k_geo
1483207200.0,	94.72944927174562,	4.878209529606764,	0.015,	0.05,	0.2,	0.2,	400
