time ,	 x ,	 y ,	r_stem,	h_stem,	r_crown,	r_root,	k_geo
678488400.0,	77.4402591973687,	2.988607551287936,	0.015,	0.05,	0.2,	0.2,	400
