time ,	 x ,	 y ,	r_stem,	h_stem,	r_crown,	r_root,	k_geo
3408220800.0,	57.65492738378028,	0.9138069056181419,	0.015,	0.05,	0.2,	0.2,	400
