time ,	 x ,	 y ,	r_stem,	h_stem,	r_crown,	r_root,	k_geo
1909234800.0,	10.27501012554799,	1.5146694285247615,	0.015,	0.05,	0.2,	0.2,	400
