time ,	 x ,	 y ,	r_stem,	h_stem,	r_crown,	r_root,	k_geo
2461492800.0,	83.62827571894317,	10.651899554263489,	0.015,	0.05,	0.2,	0.2,	400
