time ,	 x ,	 y ,	r_stem,	h_stem,	r_crown,	r_root,	k_geo
2098580400.0,	79.5439398028035,	14.020248329970475,	0.015,	0.05,	0.2,	0.2,	400
