time ,	 x ,	 y ,	r_stem,	h_stem,	r_crown,	r_root,	k_geo
1609437600.0,	0.4324464991047883,	5.345625330050472,	0.015,	0.05,	0.2,	0.2,	400
