time ,	 x ,	 y ,	r_stem,	h_stem,	r_crown,	r_root,	k_geo
1325419200.0,	95.16713510406589,	14.504168453333303,	0.015,	0.05,	0.2,	0.2,	400
