time ,	 x ,	 y ,	r_stem,	h_stem,	r_crown,	r_root,	k_geo
599594400.0,	73.13898180131704,	12.969119936803533,	0.015,	0.05,	0.2,	0.2,	400
