time ,	 x ,	 y ,	r_stem,	h_stem,	r_crown,	r_root,	k_geo
1498986000.0,	28.039131623249624,	0.7706582126590589,	0.015,	0.05,	0.2,	0.2,	400
