time ,	 x ,	 y ,	r_stem,	h_stem,	r_crown,	r_root,	k_geo
3281990400.0,	42.79990830013843,	9.580484407034533,	0.015,	0.05,	0.2,	0.2,	400
