time ,	 x ,	 y ,	r_stem,	h_stem,	r_crown,	r_root,	k_geo
2319483600.0,	90.33130484498317,	5.342482211979676,	0.015,	0.05,	0.2,	0.2,	400
