time ,	 x ,	 y ,	r_stem,	h_stem,	r_crown,	r_root,	k_geo
205124400.0,	84.24308145102054,	3.682927072608042,	0.015,	0.05,	0.2,	0.2,	400
220903200.0,	84.24308145102054,	3.682927072608042,	0.015007031057668622,	0.0566406534344759,	0.2658898020492487,	0.23563125136463803,	400
