time ,	 x ,	 y ,	r_stem,	h_stem,	r_crown,	r_root,	k_geo
930949200.0,	34.10764670506193,	0.24170404326799344,	0.015,	0.05,	0.2,	0.2,	400
