time ,	 x ,	 y ,	r_stem,	h_stem,	r_crown,	r_root,	k_geo
2808626400.0,	15.480120178428425,	9.699602348456947,	0.015,	0.05,	0.2,	0.2,	400
2824405200.0,	15.480120178428425,	9.699602348456947,	0.015000296479633723,	0.05012477588701612,	0.20052042188745925,	0.20150259022027642,	400
2840184000.0,	15.480120178428425,	9.699602348456947,	0.015000408121618514,	0.05017072015919242,	0.2007046623466019,	0.20206211378252673,	400
