time ,	 x ,	 y ,	r_stem,	h_stem,	r_crown,	r_root,	k_geo
2272147200.0,	77.30589405340764,	12.308318930429015,	0.015,	0.05,	0.2,	0.2,	400
