time ,	 x ,	 y ,	r_stem,	h_stem,	r_crown,	r_root,	k_geo
4591630800.0,	28.715069387029956,	1.9793531625921323,	0.015,	0.05,	0.2,	0.2,	400
