time ,	 x ,	 y ,	r_stem,	h_stem,	r_crown,	r_root,	k_geo
3834248400.0,	45.116094332174185,	3.2843601507000875,	0.015,	0.05,	0.2,	0.2,	400
