time ,	 x ,	 y ,	r_stem,	h_stem,	r_crown,	r_root,	k_geo
583815600.0,	82.6512997216623,	2.750870863253141,	0.015,	0.05,	0.2,	0.2,	400
