time ,	 x ,	 y ,	r_stem,	h_stem,	r_crown,	r_root,	k_geo
2808626400.0,	89.9730497187216,	5.945614992310975,	0.015,	0.05,	0.2,	0.2,	400
