time ,	 x ,	 y ,	r_stem,	h_stem,	r_crown,	r_root,	k_geo
3423999600.0,	78.50667275024425,	7.514068504533426,	0.015,	0.05,	0.2,	0.2,	400
