time ,	 x ,	 y ,	r_stem,	h_stem,	r_crown,	r_root,	k_geo
3376663200.0,	52.24649162267577,	7.928800845015662,	0.015,	0.05,	0.2,	0.2,	400
