time ,	 x ,	 y ,	r_stem,	h_stem,	r_crown,	r_root,	k_geo
2145916800.0,	54.08994462562373,	3.737514342935521,	0.015,	0.05,	0.2,	0.2,	400
