time ,	 x ,	 y ,	r_stem,	h_stem,	r_crown,	r_root,	k_geo
4070930400.0,	48.67374616370407,	11.584041033276474,	0.015,	0.05,	0.2,	0.2,	400
