time ,	 x ,	 y ,	r_stem,	h_stem,	r_crown,	r_root,	k_geo
1104516000.0,	23.008486998639853,	14.751433597002436,	0.015,	0.05,	0.2,	0.2,	400
