time ,	 x ,	 y ,	r_stem,	h_stem,	r_crown,	r_root,	k_geo
220903200.0,	73.1003529489474,	2.5251110155123446,	0.015,	0.05,	0.2,	0.2,	400
