time ,	 x ,	 y ,	r_stem,	h_stem,	r_crown,	r_root,	k_geo
3013750800.0,	52.407421251274954,	9.811827306007684,	0.015,	0.05,	0.2,	0.2,	400
