time ,	 x ,	 y ,	r_stem,	h_stem,	r_crown,	r_root,	k_geo
2429935200.0,	72.13843204180549,	10.41762136120359,	0.015,	0.05,	0.2,	0.2,	400
