time ,	 x ,	 y ,	r_stem,	h_stem,	r_crown,	r_root,	k_geo
315576000.0,	99.63421482964601,	6.957315628939723,	0.015,	0.05,	0.2,	0.2,	400
