time ,	 x ,	 y ,	r_stem,	h_stem,	r_crown,	r_root,	k_geo
4134045600.0,	89.97998424733346,	11.477039385649539,	0.015,	0.05,	0.2,	0.2,	400
