time ,	 x ,	 y ,	r_stem,	h_stem,	r_crown,	r_root,	k_geo
394470000.0,	47.59675562227468,	0.24126159953566373,	0.015,	0.05,	0.2,	0.2,	400
