time ,	 x ,	 y ,	r_stem,	h_stem,	r_crown,	r_root,	k_geo
2745511200.0,	99.21531127858289,	14.968728310347215,	0.015,	0.05,	0.2,	0.2,	400
