time ,	 x ,	 y ,	r_stem,	h_stem,	r_crown,	r_root,	k_geo
3108423600.0,	16.294083211217224,	13.203443575888999,	0.015,	0.05,	0.2,	0.2,	400
3124202400.0,	16.294083211217224,	13.203443575888999,	0.015000127431536293,	0.0500400381843659,	0.20002624465168872,	0.2006458378544592,	400
3139981200.0,	16.294083211217224,	13.203443575888999,	0.01500018656211445,	0.05005853902649123,	0.20003829412696794,	0.20094396784496668,	400
