time ,	 x ,	 y ,	r_stem,	h_stem,	r_crown,	r_root,	k_geo
4197160800.0,	38.07892336583958,	5.728814125097662,	0.015,	0.05,	0.2,	0.2,	400
