time ,	 x ,	 y ,	r_stem,	h_stem,	r_crown,	r_root,	k_geo
3660681600.0,	72.10664841658901,	1.7365438018042174,	0.015,	0.05,	0.2,	0.2,	400
