time ,	 x ,	 y ,	r_stem,	h_stem,	r_crown,	r_root,	k_geo
378691200.0,	80.27585835265711,	2.0645367719372394,	0.015,	0.05,	0.2,	0.2,	400
