time ,	 x ,	 y ,	r_stem,	h_stem,	r_crown,	r_root,	k_geo
1562101200.0,	14.256759539449693,	12.942336110387288,	0.015,	0.05,	0.2,	0.2,	400
