time ,	 x ,	 y ,	r_stem,	h_stem,	r_crown,	r_root,	k_geo
315576000.0,	86.69755293756273,	4.468814592452146,	0.015,	0.05,	0.2,	0.2,	400
