time ,	 x ,	 y ,	r_stem,	h_stem,	r_crown,	r_root,	k_geo
3013750800.0,	67.41272417434936,	12.085448189179948,	0.015,	0.05,	0.2,	0.2,	400
