time ,	 x ,	 y ,	r_stem,	h_stem,	r_crown,	r_root,	k_geo
2398377600.0,	24.77433580331805,	11.606100974192028,	0.015,	0.05,	0.2,	0.2,	400
