time ,	 x ,	 y ,	r_stem,	h_stem,	r_crown,	r_root,	k_geo
4118266800.0,	88.74138590148924,	2.3882562059293106,	0.015,	0.05,	0.2,	0.2,	400
