time ,	 x ,	 y ,	r_stem,	h_stem,	r_crown,	r_root,	k_geo
2635059600.0,	68.67103491396463,	10.0519454092055,	0.015,	0.05,	0.2,	0.2,	400
