time ,	 x ,	 y ,	r_stem,	h_stem,	r_crown,	r_root,	k_geo
3976257600.0,	75.29922477344265,	4.225879343350118,	0.015,	0.05,	0.2,	0.2,	400
