time ,	 x ,	 y ,	r_stem,	h_stem,	r_crown,	r_root,	k_geo
2477271600.0,	55.28095274853061,	7.619894293719102,	0.015,	0.05,	0.2,	0.2,	400
