time ,	 x ,	 y ,	r_stem,	h_stem,	r_crown,	r_root,	k_geo
2209032000.0,	88.69718538874388,	6.751516479504122,	0.015,	0.05,	0.2,	0.2,	400
