time ,	 x ,	 y ,	r_stem,	h_stem,	r_crown,	r_root,	k_geo
3439778400.0,	84.57350001076233,	8.952124499775387,	0.015,	0.05,	0.2,	0.2,	400
