time ,	 x ,	 y ,	r_stem,	h_stem,	r_crown,	r_root,	k_geo
2540386800.0,	18.820279011595343,	12.854508493632038,	0.015,	0.05,	0.2,	0.2,	400
2556165600.0,	18.820279011595343,	12.854508493632038,	0.01500101789792813,	0.05032274235395304,	0.20025267511575293,	0.20515876974888478,	400
2571944400.0,	18.820279011595343,	12.854508493632038,	0.01500224519695611,	0.05070194874572831,	0.2005783429758905,	0.2111259312751322,	400
2587723200.0,	18.820279011595343,	12.854508493632038,	0.015003689084944585,	0.05113463078405615,	0.2009884184280733,	0.2178147348754613,	400
2603502000.0,	18.820279011595343,	12.854508493632038,	0.015005654687213616,	0.051705573285080304,	0.20161975420754594,	0.22643553181636747,	400
