time ,	 x ,	 y ,	r_stem,	h_stem,	r_crown,	r_root,	k_geo
1530543600.0,	61.69717992511436,	0.5905767991077032,	0.015,	0.05,	0.2,	0.2,	400
