time ,	 x ,	 y ,	r_stem,	h_stem,	r_crown,	r_root,	k_geo
1136073600.0,	82.74984330621994,	0.12123104354745895,	0.015,	0.05,	0.2,	0.2,	400
