time ,	 x ,	 y ,	r_stem,	h_stem,	r_crown,	r_root,	k_geo
2382598800.0,	77.55629870045622,	7.446695136740688,	0.015,	0.05,	0.2,	0.2,	400
