time ,	 x ,	 y ,	r_stem,	h_stem,	r_crown,	r_root,	k_geo
1483207200.0,	71.9618395278379,	0.26513117824897736,	0.015,	0.05,	0.2,	0.2,	400
