time ,	 x ,	 y ,	r_stem,	h_stem,	r_crown,	r_root,	k_geo
2777068800.0,	89.51258942528206,	8.084277186986105,	0.015,	0.05,	0.2,	0.2,	400
