time ,	 x ,	 y ,	r_stem,	h_stem,	r_crown,	r_root,	k_geo
2303704800.0,	57.6681933626899,	2.0300638285374633,	0.015,	0.05,	0.2,	0.2,	400
