time ,	 x ,	 y ,	r_stem,	h_stem,	r_crown,	r_root,	k_geo
3313548000.0,	2.665294431500398,	0.5263312519669733,	0.015,	0.05,	0.2,	0.2,	400
