time ,	 x ,	 y ,	r_stem,	h_stem,	r_crown,	r_root,	k_geo
4070930400.0,	44.29430049064106,	6.057830870471105,	0.015,	0.05,	0.2,	0.2,	400
