time ,	 x ,	 y ,	r_stem,	h_stem,	r_crown,	r_root,	k_geo
631152000.0,	10.105546379893172,	13.330796131600492,	0.015,	0.05,	0.2,	0.2,	400
