time ,	 x ,	 y ,	r_stem,	h_stem,	r_crown,	r_root,	k_geo
1278082800.0,	61.992700166698135,	10.565037552455447,	0.015,	0.05,	0.2,	0.2,	400
1293861600.0,	61.992700166698135,	10.565037552455447,	0.015001536482267203,	0.05138699617526814,	0.21345342463536568,	0.2077869386001569,	400
1309640400.0,	61.992700166698135,	10.565037552455447,	0.015003523879256353,	0.0531644722665006,	0.22947502929335792,	0.21746693473393897,	400
