time ,	 x ,	 y ,	r_stem,	h_stem,	r_crown,	r_root,	k_geo
2303704800.0,	2.493413135666267,	7.613593189032292,	0.015,	0.05,	0.2,	0.2,	400
