time ,	 x ,	 y ,	r_stem,	h_stem,	r_crown,	r_root,	k_geo
3218875200.0,	58.71130169565097,	9.835564710480801,	0.015,	0.05,	0.2,	0.2,	400
