time ,	 x ,	 y ,	r_stem,	h_stem,	r_crown,	r_root,	k_geo
268239600.0,	37.574560652413304,	8.671517824425962,	0.015,	0.05,	0.2,	0.2,	400
