time ,	 x ,	 y ,	r_stem,	h_stem,	r_crown,	r_root,	k_geo
2051244000.0,	92.54597578748715,	0.4337557577593265,	0.015,	0.05,	0.2,	0.2,	400
