time ,	 x ,	 y ,	r_stem,	h_stem,	r_crown,	r_root,	k_geo
3534451200.0,	93.38531729466388,	7.809937569628901,	0.015,	0.05,	0.2,	0.2,	400
3550230000.0,	93.38531729466388,	7.809937569628901,	0.0150003321734463,	0.05138721889550692,	0.2187017409687686,	0.2016834895224847,	400
