time ,	 x ,	 y ,	r_stem,	h_stem,	r_crown,	r_root,	k_geo
3881584800.0,	17.5928412730854,	4.052616274778488,	0.015,	0.05,	0.2,	0.2,	400
