time ,	 x ,	 y ,	r_stem,	h_stem,	r_crown,	r_root,	k_geo
3818469600.0,	49.22982412369594,	3.1910698798278125,	0.015,	0.05,	0.2,	0.2,	400
