time ,	 x ,	 y ,	r_stem,	h_stem,	r_crown,	r_root,	k_geo
1120294800.0,	27.14858014686171,	3.234424941444709,	0.015,	0.05,	0.2,	0.2,	400
