time ,	 x ,	 y ,	r_stem,	h_stem,	r_crown,	r_root,	k_geo
1435870800.0,	43.77935058821439,	7.155551881974848,	0.015,	0.05,	0.2,	0.2,	400
