time ,	 x ,	 y ,	r_stem,	h_stem,	r_crown,	r_root,	k_geo
536479200.0,	97.25324616871764,	1.5040361774110527,	0.015,	0.05,	0.2,	0.2,	400
