time ,	 x ,	 y ,	r_stem,	h_stem,	r_crown,	r_root,	k_geo
4023594000.0,	69.31992726164482,	1.6596758190443555,	0.015,	0.05,	0.2,	0.2,	400
