time ,	 x ,	 y ,	r_stem,	h_stem,	r_crown,	r_root,	k_geo
362912400.0,	76.29349947917673,	8.286502360687594,	0.015,	0.05,	0.2,	0.2,	400
