time ,	 x ,	 y ,	r_stem,	h_stem,	r_crown,	r_root,	k_geo
3802690800.0,	80.99265555572336,	2.569747316350141,	0.015,	0.05,	0.2,	0.2,	400
