time ,	 x ,	 y ,	r_stem,	h_stem,	r_crown,	r_root,	k_geo
3629124000.0,	85.3873336674848,	0.38440620874994447,	0.015,	0.05,	0.2,	0.2,	400
