time ,	 x ,	 y ,	r_stem,	h_stem,	r_crown,	r_root,	k_geo
3566008800.0,	85.32443559847121,	14.32500658289683,	0.015,	0.05,	0.2,	0.2,	400
