time ,	 x ,	 y ,	r_stem,	h_stem,	r_crown,	r_root,	k_geo
1640995200.0,	75.06918526891594,	4.185056902056287,	0.015,	0.05,	0.2,	0.2,	400
