time ,	 x ,	 y ,	r_stem,	h_stem,	r_crown,	r_root,	k_geo
646930800.0,	99.27094970430512,	2.824896444392771,	0.015,	0.05,	0.2,	0.2,	400
