time ,	 x ,	 y ,	r_stem,	h_stem,	r_crown,	r_root,	k_geo
1767225600.0,	72.46732210402452,	12.657273812193251,	0.015,	0.05,	0.2,	0.2,	400
