time ,	 x ,	 y ,	r_stem,	h_stem,	r_crown,	r_root,	k_geo
2777068800.0,	68.08404844105567,	4.832947646299971,	0.015,	0.05,	0.2,	0.2,	400
