time ,	 x ,	 y ,	r_stem,	h_stem,	r_crown,	r_root,	k_geo
1719889200.0,	2.967788012731065,	2.690434710804715,	0.015,	0.05,	0.2,	0.2,	400
