time ,	 x ,	 y ,	r_stem,	h_stem,	r_crown,	r_root,	k_geo
1625216400.0,	21.600284398483925,	2.9480257384138553,	0.015,	0.05,	0.2,	0.2,	400
