time ,	 x ,	 y ,	r_stem,	h_stem,	r_crown,	r_root,	k_geo
236682000.0,	81.94049242433726,	8.023213729571166,	0.015,	0.05,	0.2,	0.2,	400
