time ,	 x ,	 y ,	r_stem,	h_stem,	r_crown,	r_root,	k_geo
2792847600.0,	90.0062218679425,	8.50130348060214,	0.015,	0.05,	0.2,	0.2,	400
