time ,	 x ,	 y ,	r_stem,	h_stem,	r_crown,	r_root,	k_geo
710046000.0,	42.0032126154281,	13.410982440084545,	0.015,	0.05,	0.2,	0.2,	400
