time ,	 x ,	 y ,	r_stem,	h_stem,	r_crown,	r_root,	k_geo
1404313200.0,	26.736889761771,	14.368566095962564,	0.015,	0.05,	0.2,	0.2,	400
