time ,	 x ,	 y ,	r_stem,	h_stem,	r_crown,	r_root,	k_geo
1861898400.0,	98.75935412270954,	0.8277218470302966,	0.015,	0.05,	0.2,	0.2,	400
