time ,	 x ,	 y ,	r_stem,	h_stem,	r_crown,	r_root,	k_geo
3218875200.0,	82.33759103488926,	3.543487256107125,	0.015,	0.05,	0.2,	0.2,	400
