time ,	 x ,	 y ,	r_stem,	h_stem,	r_crown,	r_root,	k_geo
3850027200.0,	98.29427679599274,	12.78242355414626,	0.015,	0.05,	0.2,	0.2,	400
