time ,	 x ,	 y ,	r_stem,	h_stem,	r_crown,	r_root,	k_geo
4386506400.0,	94.32162456547127,	13.177818204718797,	0.015,	0.05,	0.2,	0.2,	400
