time ,	 x ,	 y ,	r_stem,	h_stem,	r_crown,	r_root,	k_geo
3518672400.0,	82.74032018095441,	1.114100999144505,	0.015,	0.05,	0.2,	0.2,	400
