time ,	 x ,	 y ,	r_stem,	h_stem,	r_crown,	r_root,	k_geo
1356976800.0,	67.87857939849344,	4.9970017206077655,	0.015,	0.05,	0.2,	0.2,	400
