time ,	 x ,	 y ,	r_stem,	h_stem,	r_crown,	r_root,	k_geo
3139981200.0,	56.11529846971571,	3.328860454142925,	0.015,	0.05,	0.2,	0.2,	400
