time ,	 x ,	 y ,	r_stem,	h_stem,	r_crown,	r_root,	k_geo
3329326800.0,	46.59209977247222,	13.297509347783468,	0.015,	0.05,	0.2,	0.2,	400
