time ,	 x ,	 y ,	r_stem,	h_stem,	r_crown,	r_root,	k_geo
2177474400.0,	93.80336797356352,	14.727598641244374,	0.015,	0.05,	0.2,	0.2,	400
