time ,	 x ,	 y ,	r_stem,	h_stem,	r_crown,	r_root,	k_geo
1498986000.0,	16.118758980196336,	6.439829077312177,	0.015,	0.05,	0.2,	0.2,	400
