time ,	 x ,	 y ,	r_stem,	h_stem,	r_crown,	r_root,	k_geo
3629124000.0,	86.86624469909773,	1.6233880229949793,	0.015,	0.05,	0.2,	0.2,	400
3644902800.0,	86.86624469909773,	1.6233880229949793,	0.015009874550550922,	0.05663813764233753,	0.2534971006325096,	0.2500394875584531,	400
3660681600.0,	86.86624469909773,	1.6233880229949793,	0.015014532050889174,	0.06217135669931282,	0.30551635919234904,	0.26619216308042737,	400
3676460400.0,	86.86624469909773,	1.6233880229949793,	0.01503866124610239,	0.0740117232783349,	0.3629991218398563,	0.3379566801330786,	400
3692239200.0,	86.86624469909773,	1.6233880229949793,	0.015041620708676222,	0.07755811211894122,	0.3904813659698212,	0.3415029862792214,	400
3708018000.0,	86.86624469909773,	1.6233880229949793,	0.01504169156615409,	0.0776956680687396,	0.39149665673262063,	0.34158087619596145,	400
