time ,	 x ,	 y ,	r_stem,	h_stem,	r_crown,	r_root,	k_geo
426027600.0,	88.26416923516504,	12.040564880556083,	0.015,	0.05,	0.2,	0.2,	400
