time ,	 x ,	 y ,	r_stem,	h_stem,	r_crown,	r_root,	k_geo
1783004400.0,	51.12094531650132,	13.077007808545774,	0.015,	0.05,	0.2,	0.2,	400
