time ,	 x ,	 y ,	r_stem,	h_stem,	r_crown,	r_root,	k_geo
2003907600.0,	48.469622754995726,	12.18060624123353,	0.015,	0.05,	0.2,	0.2,	400
