time ,	 x ,	 y ,	r_stem,	h_stem,	r_crown,	r_root,	k_geo
2003907600.0,	1.8263286325619354,	12.458496319490507,	0.015,	0.05,	0.2,	0.2,	400
