time ,	 x ,	 y ,	r_stem,	h_stem,	r_crown,	r_root,	k_geo
4007815200.0,	62.3505690705643,	12.81296510846388,	0.015,	0.05,	0.2,	0.2,	400
