time ,	 x ,	 y ,	r_stem,	h_stem,	r_crown,	r_root,	k_geo
3708018000.0,	31.656195147577325,	7.128123138426636,	0.015,	0.05,	0.2,	0.2,	400
