time ,	 x ,	 y ,	r_stem,	h_stem,	r_crown,	r_root,	k_geo
4244497200.0,	37.62759379742473,	6.404986038957895,	0.015,	0.05,	0.2,	0.2,	400
