time ,	 x ,	 y ,	r_stem,	h_stem,	r_crown,	r_root,	k_geo
1088737200.0,	61.90828915827187,	11.381766355728784,	0.015,	0.05,	0.2,	0.2,	400
