time ,	 x ,	 y ,	r_stem,	h_stem,	r_crown,	r_root,	k_geo
3992036400.0,	2.499573642468167,	6.167482685269431,	0.015,	0.05,	0.2,	0.2,	400
