time ,	 x ,	 y ,	r_stem,	h_stem,	r_crown,	r_root,	k_geo
3155760000.0,	24.838050119326095,	9.523585599531069,	0.015,	0.05,	0.2,	0.2,	400
