time ,	 x ,	 y ,	r_stem,	h_stem,	r_crown,	r_root,	k_geo
3644902800.0,	54.07066612470961,	6.360690937287523,	0.015,	0.05,	0.2,	0.2,	400
