time ,	 x ,	 y ,	r_stem,	h_stem,	r_crown,	r_root,	k_geo
3913142400.0,	79.19581690200724,	0.6304795299915839,	0.015,	0.05,	0.2,	0.2,	400
