time ,	 x ,	 y ,	r_stem,	h_stem,	r_crown,	r_root,	k_geo
4307612400.0,	38.11265163647521,	2.870673649227819,	0.015,	0.05,	0.2,	0.2,	400
