time ,	 x ,	 y ,	r_stem,	h_stem,	r_crown,	r_root,	k_geo
3581787600.0,	67.75124053147879,	14.430456610456563,	0.015,	0.05,	0.2,	0.2,	400
