time ,	 x ,	 y ,	r_stem,	h_stem,	r_crown,	r_root,	k_geo
3313548000.0,	56.33237988099549,	6.955673891921687,	0.015,	0.05,	0.2,	0.2,	400
