time ,	 x ,	 y ,	r_stem,	h_stem,	r_crown,	r_root,	k_geo
3913142400.0,	50.65729788092449,	6.893120616713561,	0.015,	0.05,	0.2,	0.2,	400
