time ,	 x ,	 y ,	r_stem,	h_stem,	r_crown,	r_root,	k_geo
1435870800.0,	71.9708965507276,	2.164855160410839,	0.015,	0.05,	0.2,	0.2,	400
