time ,	 x ,	 y ,	r_stem,	h_stem,	r_crown,	r_root,	k_geo
4307612400.0,	84.01748988344508,	4.209951230081278,	0.015,	0.05,	0.2,	0.2,	400
