time ,	 x ,	 y ,	r_stem,	h_stem,	r_crown,	r_root,	k_geo
1341198000.0,	84.88856354935243,	3.3045005597475274,	0.015,	0.05,	0.2,	0.2,	400
