time ,	 x ,	 y ,	r_stem,	h_stem,	r_crown,	r_root,	k_geo
3865806000.0,	84.64094863272817,	8.224450470703834,	0.015,	0.05,	0.2,	0.2,	400
