time ,	 x ,	 y ,	r_stem,	h_stem,	r_crown,	r_root,	k_geo
4449621600.0,	58.28741064998646,	1.2062345298223431,	0.015,	0.05,	0.2,	0.2,	400
