time ,	 x ,	 y ,	r_stem,	h_stem,	r_crown,	r_root,	k_geo
3771133200.0,	23.233161452990736,	11.30337948521766,	0.015,	0.05,	0.2,	0.2,	400
