time ,	 x ,	 y ,	r_stem,	h_stem,	r_crown,	r_root,	k_geo
2887520400.0,	33.83464448157169,	3.392694498549369,	0.015,	0.05,	0.2,	0.2,	400
2903299200.0,	33.83464448157169,	3.392694498549369,	0.015001207169254672,	0.050383570338600366,	0.20031165327240927,	0.20611799459050506,	400
2919078000.0,	33.83464448157169,	3.392694498549369,	0.01500293334942854,	0.05091735343042337,	0.20081970601145652,	0.21444605033433772,	400
2934856800.0,	33.83464448157169,	3.392694498549369,	0.015005937470505824,	0.05182061151665337,	0.20197980171409546,	0.22799146388211433,	400
2950635600.0,	33.83464448157169,	3.392694498549369,	0.015010090107974492,	0.0529993236196483,	0.20398084927097815,	0.24473600526134912,	400
2966414400.0,	33.83464448157169,	3.392694498549369,	0.015015453594112159,	0.05440878328587656,	0.20707223852669274,	0.26350151954089146,	400
2982193200.0,	33.83464448157169,	3.392694498549369,	0.015022479320350867,	0.05610233123105135,	0.2118617798426152,	0.28433787810093814,	400
2997972000.0,	33.83464448157169,	3.392694498549369,	0.015022809029108576,	0.056349681259773896,	0.2149743113790904,	0.285144197173423,	400
3013750800.0,	33.83464448157169,	3.392694498549369,	0.01502329167697464,	0.05668438095028671,	0.21900778486373101,	0.28631622787878147,	400
