time ,	 x ,	 y ,	r_stem,	h_stem,	r_crown,	r_root,	k_geo
3139981200.0,	22.175250733482176,	13.07170052204353,	0.015,	0.05,	0.2,	0.2,	400
