time ,	 x ,	 y ,	r_stem,	h_stem,	r_crown,	r_root,	k_geo
2950635600.0,	99.37044985376305,	11.522388632420045,	0.015,	0.05,	0.2,	0.2,	400
