time ,	 x ,	 y ,	r_stem,	h_stem,	r_crown,	r_root,	k_geo
252460800.0,	71.50699829534697,	0.5900200809736605,	0.015,	0.05,	0.2,	0.2,	400
