time ,	 x ,	 y ,	r_stem,	h_stem,	r_crown,	r_root,	k_geo
3266211600.0,	24.175455283852976,	11.558711730670419,	0.015,	0.05,	0.2,	0.2,	400
