time ,	 x ,	 y ,	r_stem,	h_stem,	r_crown,	r_root,	k_geo
3124202400.0,	51.48826217316241,	6.282616207917225,	0.015,	0.05,	0.2,	0.2,	400
