time ,	 x ,	 y ,	r_stem,	h_stem,	r_crown,	r_root,	k_geo
2035465200.0,	2.6879202382167566,	4.967942727711404,	0.015,	0.05,	0.2,	0.2,	400
