time ,	 x ,	 y ,	r_stem,	h_stem,	r_crown,	r_root,	k_geo
3897363600.0,	18.141447326326055,	3.7307809133858783,	0.015,	0.05,	0.2,	0.2,	400
