time ,	 x ,	 y ,	r_stem,	h_stem,	r_crown,	r_root,	k_geo
3139981200.0,	63.583832472552814,	8.998076018558564,	0.015,	0.05,	0.2,	0.2,	400
