time ,	 x ,	 y ,	r_stem,	h_stem,	r_crown,	r_root,	k_geo
2098580400.0,	31.7004697175403,	9.235983828692323,	0.015,	0.05,	0.2,	0.2,	400
2114359200.0,	31.7004697175403,	9.235983828692323,	0.015000353675258862,	0.050149725407129066,	0.2006335918071316,	0.20179246247675728,	400
2130138000.0,	31.7004697175403,	9.235983828692323,	0.015000847583879833,	0.05036087064821661,	0.20156614865209968,	0.2042625181539183,	400
2145916800.0,	31.7004697175403,	9.235983828692323,	0.015001508464535039,	0.05064659155500134,	0.20289244693163638,	0.2075074367394507,	400
2161695600.0,	31.7004697175403,	9.235983828692323,	0.015002100721112634,	0.05089801237879222,	0.2040497926955625,	0.21034590572674375,	400
2177474400.0,	31.7004697175403,	9.235983828692323,	0.015002789585495387,	0.05119083199599821,	0.20543880009977805,	0.21357744494033357,	400
