time ,	 x ,	 y ,	r_stem,	h_stem,	r_crown,	r_root,	k_geo
1956571200.0,	24.692275234635417,	11.589423652999992,	0.015,	0.05,	0.2,	0.2,	400
