time ,	 x ,	 y ,	r_stem,	h_stem,	r_crown,	r_root,	k_geo
1498986000.0,	59.60507683936569,	12.953537922247811,	0.015,	0.05,	0.2,	0.2,	400
