time ,	 x ,	 y ,	r_stem,	h_stem,	r_crown,	r_root,	k_geo
2950635600.0,	66.08777070692081,	12.758171181717394,	0.015,	0.05,	0.2,	0.2,	400
