time ,	 x ,	 y ,	r_stem,	h_stem,	r_crown,	r_root,	k_geo
4339170000.0,	57.23628963220298,	8.10141352076909,	0.015,	0.05,	0.2,	0.2,	400
4354948800.0,	57.23628963220298,	8.10141352076909,	0.015002031949529239,	0.05138690456103193,	0.21129431102387183,	0.2102979201339971,	400
4370727600.0,	57.23628963220298,	8.10141352076909,	0.01500424302268543,	0.053024237030143535,	0.22497050684264502,	0.22080338729520035,	400
