time ,	 x ,	 y ,	r_stem,	h_stem,	r_crown,	r_root,	k_geo
4134045600.0,	98.27381188980557,	11.854636081766351,	0.015,	0.05,	0.2,	0.2,	400
