time ,	 x ,	 y ,	r_stem,	h_stem,	r_crown,	r_root,	k_geo
1577880000.0,	25.62157744708502,	3.395094382088417,	0.015,	0.05,	0.2,	0.2,	400
1593658800.0,	25.62157744708502,	3.395094382088417,	0.015000236905134919,	0.050074511722204416,	0.20004993394347942,	0.20120066120606805,	400
