time ,	 x ,	 y ,	r_stem,	h_stem,	r_crown,	r_root,	k_geo
2698174800.0,	53.430584501460544,	14.236333296062663,	0.015,	0.05,	0.2,	0.2,	400
2713953600.0,	53.430584501460544,	14.236333296062663,	0.015003538883116205,	0.0511623986557755,	0.20146991842732878,	0.2179347335252456,	400
2729732400.0,	53.430584501460544,	14.236333296062663,	0.015009704067570169,	0.053107877437802285,	0.2057565561101066,	0.2449663284873031,	400
2745511200.0,	53.430584501460544,	14.236333296062663,	0.015018760681995227,	0.0557608969541796,	0.21503705583358904,	0.27664611565504565,	400
2761290000.0,	53.430584501460544,	14.236333296062663,	0.01503204008945804,	0.05929437635860005,	0.23232302583670875,	0.3116229463743373,	400
2777068800.0,	53.430584501460544,	14.236333296062663,	0.015051776421871246,	0.0634613077187616,	0.25336094359920897,	0.3482428660585929,	400
2792847600.0,	53.430584501460544,	14.236333296062663,	0.015084415794093265,	0.06855898693172698,	0.2791295998995029,	0.38808711255206996,	400
2808626400.0,	53.430584501460544,	14.236333296062663,	0.015141864084145903,	0.0742252783991377,	0.30397327296492854,	0.43000627022070587,	400
2824405200.0,	53.430584501460544,	14.236333296062663,	0.015176928362074656,	0.07810584038172798,	0.33515661362166216,	0.4442889460279679,	400
