time ,	 x ,	 y ,	r_stem,	h_stem,	r_crown,	r_root,	k_geo
662709600.0,	82.18258338456329,	5.016944637275727,	0.015,	0.05,	0.2,	0.2,	400
