time ,	 x ,	 y ,	r_stem,	h_stem,	r_crown,	r_root,	k_geo
4212939600.0,	67.83121588097698,	3.4585115600131022,	0.015,	0.05,	0.2,	0.2,	400
