time ,	 x ,	 y ,	r_stem,	h_stem,	r_crown,	r_root,	k_geo
3502893600.0,	1.3023109761702067,	10.866660604045835,	0.015,	0.05,	0.2,	0.2,	400
