time ,	 x ,	 y ,	r_stem,	h_stem,	r_crown,	r_root,	k_geo
3897363600.0,	60.69895238473896,	8.997809584912739,	0.015,	0.05,	0.2,	0.2,	400
