time ,	 x ,	 y ,	r_stem,	h_stem,	r_crown,	r_root,	k_geo
3155760000.0,	25.500165496547268,	9.186111667924838,	0.015,	0.05,	0.2,	0.2,	400
