time ,	 x ,	 y ,	r_stem,	h_stem,	r_crown,	r_root,	k_geo
3928921200.0,	92.32395614543599,	12.791965789277542,	0.015,	0.05,	0.2,	0.2,	400
