time ,	 x ,	 y ,	r_stem,	h_stem,	r_crown,	r_root,	k_geo
1262304000.0,	95.27494607451634,	1.0659688454232574,	0.015,	0.05,	0.2,	0.2,	400
