time ,	 x ,	 y ,	r_stem,	h_stem,	r_crown,	r_root,	k_geo
4197160800.0,	73.30835343862483,	0.8574532373881344,	0.015,	0.05,	0.2,	0.2,	400
4212939600.0,	73.30835343862483,	0.8574532373881344,	0.015000748553707834,	0.05138714188567664,	0.21688713521240985,	0.2037937288799337,	400
4228718400.0,	73.30835343862483,	0.8574532373881344,	0.015006283734386734,	0.05551720201954509,	0.2484747973128106,	0.23184226236307753,	400
