time ,	 x ,	 y ,	r_stem,	h_stem,	r_crown,	r_root,	k_geo
915170400.0,	26.656604747452896,	11.75788093139911,	0.015,	0.05,	0.2,	0.2,	400
