time ,	 x ,	 y ,	r_stem,	h_stem,	r_crown,	r_root,	k_geo
946728000.0,	96.5996975749048,	14.09671118113657,	0.015,	0.05,	0.2,	0.2,	400
