time ,	 x ,	 y ,	r_stem,	h_stem,	r_crown,	r_root,	k_geo
4544294400.0,	91.92874135164796,	8.991725660238108,	0.015,	0.05,	0.2,	0.2,	400
