time ,	 x ,	 y ,	r_stem,	h_stem,	r_crown,	r_root,	k_geo
4118266800.0,	91.97352681314219,	13.420962455140796,	0.015,	0.05,	0.2,	0.2,	400
