time ,	 x ,	 y ,	r_stem,	h_stem,	r_crown,	r_root,	k_geo
2524608000.0,	93.03044878183749,	1.3215798706414117,	0.015,	0.05,	0.2,	0.2,	400
