time ,	 x ,	 y ,	r_stem,	h_stem,	r_crown,	r_root,	k_geo
2256368400.0,	89.35860732511713,	13.506245846376157,	0.015,	0.05,	0.2,	0.2,	400
