time ,	 x ,	 y ,	r_stem,	h_stem,	r_crown,	r_root,	k_geo
2493050400.0,	15.07229188134136,	3.0445348434512223,	0.015,	0.05,	0.2,	0.2,	400
