time ,	 x ,	 y ,	r_stem,	h_stem,	r_crown,	r_root,	k_geo
1625216400.0,	76.87046419159928,	14.746959503359406,	0.015,	0.05,	0.2,	0.2,	400
