time ,	 x ,	 y ,	r_stem,	h_stem,	r_crown,	r_root,	k_geo
3108423600.0,	74.49938837906085,	1.783017654062507,	0.015,	0.05,	0.2,	0.2,	400
