time ,	 x ,	 y ,	r_stem,	h_stem,	r_crown,	r_root,	k_geo
3203096400.0,	24.057609289597092,	4.133421594609886,	0.015,	0.05,	0.2,	0.2,	400
3218875200.0,	24.057609289597092,	4.133421594609886,	0.01500003364683632,	0.050010562359509604,	0.2000067931427124,	0.20017052627463727,	400
