time ,	 x ,	 y ,	r_stem,	h_stem,	r_crown,	r_root,	k_geo
4149824400.0,	0.4553030623837717,	12.124949718152958,	0.015,	0.05,	0.2,	0.2,	400
