time ,	 x ,	 y ,	r_stem,	h_stem,	r_crown,	r_root,	k_geo
694267200.0,	65.21227286121044,	2.6405951698803385,	0.015,	0.05,	0.2,	0.2,	400
