time ,	 x ,	 y ,	r_stem,	h_stem,	r_crown,	r_root,	k_geo
1246525200.0,	76.72207375962856,	5.987703887111026,	0.015,	0.05,	0.2,	0.2,	400
