time ,	 x ,	 y ,	r_stem,	h_stem,	r_crown,	r_root,	k_geo
2082801600.0,	42.418394708832416,	9.6032182352269,	0.015,	0.05,	0.2,	0.2,	400
