time ,	 x ,	 y ,	r_stem,	h_stem,	r_crown,	r_root,	k_geo
2366820000.0,	33.54854469049845,	10.500890817850737,	0.015,	0.05,	0.2,	0.2,	400
