time ,	 x ,	 y ,	r_stem,	h_stem,	r_crown,	r_root,	k_geo
315576000.0,	74.50410602566795,	1.5916148303101,	0.015,	0.05,	0.2,	0.2,	400
331354800.0,	74.50410602566795,	1.5916148303101,	0.015011014475664261,	0.05581349493795616,	0.23655307940406606,	0.25581531375511124,	400
347133600.0,	74.50410602566795,	1.5916148303101,	0.015014297142078276,	0.059930911051620996,	0.2810568431487263,	0.2664734644400915,	400
362912400.0,	74.50410602566795,	1.5916148303101,	0.015026201486974788,	0.06725530234198733,	0.32996360801394414,	0.30172969200792715,	400
378691200.0,	74.50410602566795,	1.5916148303101,	0.015034838699779979,	0.07314744834140773,	0.37035492234811207,	0.318645400365251,	400
394470000.0,	74.50410602566795,	1.5916148303101,	0.015036645974168652,	0.0751323065410718,	0.38431552744787206,	0.3214086561562916,	400
