time ,	 x ,	 y ,	r_stem,	h_stem,	r_crown,	r_root,	k_geo
741603600.0,	48.006785320945355,	6.034524468140907,	0.015,	0.05,	0.2,	0.2,	400
