time ,	 x ,	 y ,	r_stem,	h_stem,	r_crown,	r_root,	k_geo
536479200.0,	42.57593357705307,	0.27505583401152556,	0.015,	0.05,	0.2,	0.2,	400
