time ,	 x ,	 y ,	r_stem,	h_stem,	r_crown,	r_root,	k_geo
3944700000.0,	44.50658421478204,	5.904402440375781,	0.015,	0.05,	0.2,	0.2,	400
3960478800.0,	44.50658421478204,	5.904402440375781,	0.015003007014895747,	0.050978992358641874,	0.20112150929677516,	0.2152393721560332,	400
3976257600.0,	44.50658421478204,	5.904402440375781,	0.015007378027064987,	0.05232074891090229,	0.20329417588501608,	0.23482818492757243,	400
3992036400.0,	44.50658421478204,	5.904402440375781,	0.015013950289897103,	0.05421572672411054,	0.2080028114522398,	0.259868680789764,	400
4007815200.0,	44.50658421478204,	5.904402440375781,	0.015023143395476161,	0.056638274879044236,	0.21655741024123468,	0.28806761118173896,	400
4023594000.0,	44.50658421478204,	5.904402440375781,	0.01502354038122018,	0.05697112072616973,	0.2207999277327248,	0.2890047643117427,	400
4039372800.0,	44.50658421478204,	5.904402440375781,	0.015024037088090055,	0.057431143547031625,	0.2266530608077355,	0.2901671580497912,	400
