time ,	 x ,	 y ,	r_stem,	h_stem,	r_crown,	r_root,	k_geo
3629124000.0,	34.9054604194103,	0.004414082795603513,	0.015,	0.05,	0.2,	0.2,	400
