time ,	 x ,	 y ,	r_stem,	h_stem,	r_crown,	r_root,	k_geo
1278082800.0,	81.83936038030274,	2.115376589108231,	0.015,	0.05,	0.2,	0.2,	400
