time ,	 x ,	 y ,	r_stem,	h_stem,	r_crown,	r_root,	k_geo
1057179600.0,	88.9785368056542,	1.7837580557500288,	0.015,	0.05,	0.2,	0.2,	400
