time ,	 x ,	 y ,	r_stem,	h_stem,	r_crown,	r_root,	k_geo
2871741600.0,	81.92571666387803,	2.533258515652589,	0.015,	0.05,	0.2,	0.2,	400
