time ,	 x ,	 y ,	r_stem,	h_stem,	r_crown,	r_root,	k_geo
1498986000.0,	25.811140021339508,	0.5353121191458365,	0.015,	0.05,	0.2,	0.2,	400
