time ,	 x ,	 y ,	r_stem,	h_stem,	r_crown,	r_root,	k_geo
3345105600.0,	83.66217660630282,	8.142008044433348,	0.015,	0.05,	0.2,	0.2,	400
