time ,	 x ,	 y ,	r_stem,	h_stem,	r_crown,	r_root,	k_geo
2319483600.0,	77.94848692161621,	2.4438940253459016,	0.015,	0.05,	0.2,	0.2,	400
2335262400.0,	77.94848692161621,	2.4438940253459016,	0.015000698633054914,	0.051387151118199144,	0.2171046895516357,	0.20354072922862387,	400
2351041200.0,	77.94848692161621,	2.4438940253459016,	0.01500210896969632,	0.053408989421062134,	0.23790460791152965,	0.2107057150097052,	400
2366820000.0,	77.94848692161621,	2.4438940253459016,	0.01500455282163363,	0.0562546237408726,	0.2623855699745077,	0.2227593072417802,	400
