time ,	 x ,	 y ,	r_stem,	h_stem,	r_crown,	r_root,	k_geo
4102488000.0,	36.81618734757618,	13.406278475068126,	0.015,	0.05,	0.2,	0.2,	400
4118266800.0,	36.81618734757618,	13.406278475068126,	0.01500107386398999,	0.05034069934527337,	0.2002696832723011,	0.2054424055436667,	400
4134045600.0,	36.81618734757618,	13.406278475068126,	0.01500259634697634,	0.05081203899204018,	0.20069884061266677,	0.2128278356706367,	400
4149824400.0,	36.81618734757618,	13.406278475068126,	0.015004290816909323,	0.051316589285873036,	0.2012070155983271,	0.22056959825649955,	400
4165603200.0,	36.81618734757618,	13.406278475068126,	0.015007769149528796,	0.0523345367376953,	0.2026904730589223,	0.23548308608692384,	400
4181382000.0,	36.81618734757618,	13.406278475068126,	0.015012612919502835,	0.05366747847310111,	0.2053104476333796,	0.25382106605992916,	400
4197160800.0,	36.81618734757618,	13.406278475068126,	0.01501951152010632,	0.05544079719790848,	0.21020241065388817,	0.2761206168925684,	400
4212939600.0,	36.81618734757618,	13.406278475068126,	0.01502846588929262,	0.057506571506546034,	0.21732676888016886,	0.2997831075860318,	400
4228718400.0,	36.81618734757618,	13.406278475068126,	0.015040383289286651,	0.059923237728279254,	0.22721346242854942,	0.3248473380072196,	400
