time ,	 x ,	 y ,	r_stem,	h_stem,	r_crown,	r_root,	k_geo
3171538800.0,	27.547072783708504,	6.360906489855156,	0.015,	0.05,	0.2,	0.2,	400
