time ,	 x ,	 y ,	r_stem,	h_stem,	r_crown,	r_root,	k_geo
4070930400.0,	28.01556263869459,	2.282861498208258,	0.015,	0.05,	0.2,	0.2,	400
4086709200.0,	28.01556263869459,	2.282861498208258,	0.015000014798009841,	0.05000606045628959,	0.20002354082480972,	0.20007499813771404,	400
4102488000.0,	28.01556263869459,	2.282861498208258,	0.015000032049587627,	0.05001312589022656,	0.20005101420877594,	0.20016238216810514,	400
