time ,	 x ,	 y ,	r_stem,	h_stem,	r_crown,	r_root,	k_geo
710046000.0,	85.84245272129705,	3.3899984296161985,	0.015,	0.05,	0.2,	0.2,	400
