time ,	 x ,	 y ,	r_stem,	h_stem,	r_crown,	r_root,	k_geo
2840184000.0,	68.11141356444924,	0.41589157076520167,	0.015,	0.05,	0.2,	0.2,	400
