time ,	 x ,	 y ,	r_stem,	h_stem,	r_crown,	r_root,	k_geo
3881584800.0,	61.336968760582124,	9.422664058195062,	0.015,	0.05,	0.2,	0.2,	400
