time ,	 x ,	 y ,	r_stem,	h_stem,	r_crown,	r_root,	k_geo
2366820000.0,	76.65714009550241,	8.335717655281615,	0.015,	0.05,	0.2,	0.2,	400
