time ,	 x ,	 y ,	r_stem,	h_stem,	r_crown,	r_root,	k_geo
1230746400.0,	89.92480235868071,	12.174096460958667,	0.015,	0.05,	0.2,	0.2,	400
