time ,	 x ,	 y ,	r_stem,	h_stem,	r_crown,	r_root,	k_geo
2903299200.0,	18.95605745305563,	6.600269453252836,	0.015,	0.05,	0.2,	0.2,	400
2919078000.0,	18.95605745305563,	6.600269453252836,	0.015000168434771468,	0.0500529416788096,	0.200034991758585,	0.2008536465995539,	400
2934856800.0,	18.95605745305563,	6.600269453252836,	0.015000708665092346,	0.050222571103036226,	0.20015693263302134,	0.20357286905337454,	400
2950635600.0,	18.95605745305563,	6.600269453252836,	0.015001275265486882,	0.05039788859578405,	0.20028740520462338,	0.20636309086758986,	400
2966414400.0,	18.95605745305563,	6.600269453252836,	0.015001973462687414,	0.05061090283947111,	0.20045495295417945,	0.20972473601463185,	400
