time ,	 x ,	 y ,	r_stem,	h_stem,	r_crown,	r_root,	k_geo
615373200.0,	81.69175302240099,	10.857936993974759,	0.015,	0.05,	0.2,	0.2,	400
