time ,	 x ,	 y ,	r_stem,	h_stem,	r_crown,	r_root,	k_geo
1830340800.0,	79.17311790314864,	1.9569637302269027,	0.015,	0.05,	0.2,	0.2,	400
