time ,	 x ,	 y ,	r_stem,	h_stem,	r_crown,	r_root,	k_geo
4023594000.0,	98.77720538178319,	6.470292680809814,	0.015,	0.05,	0.2,	0.2,	400
