time ,	 x ,	 y ,	r_stem,	h_stem,	r_crown,	r_root,	k_geo
2477271600.0,	1.2665201860618813,	2.5504625687768545,	0.015,	0.05,	0.2,	0.2,	400
