time ,	 x ,	 y ,	r_stem,	h_stem,	r_crown,	r_root,	k_geo
4528515600.0,	2.123192876206381,	5.0247543002000326,	0.015,	0.05,	0.2,	0.2,	400
