time ,	 x ,	 y ,	r_stem,	h_stem,	r_crown,	r_root,	k_geo
1104516000.0,	2.0150946324054453,	7.8329274802030975,	0.015,	0.05,	0.2,	0.2,	400
