time ,	 x ,	 y ,	r_stem,	h_stem,	r_crown,	r_root,	k_geo
2351041200.0,	77.1242851789033,	10.634169090745253,	0.015,	0.05,	0.2,	0.2,	400
2366820000.0,	77.1242851789033,	10.634169090745253,	0.015010725764059827,	0.05513922955394534,	0.2280036055797676,	0.25435247124411614,	400
2382598800.0,	77.1242851789033,	10.634169090745253,	0.015027497085697153,	0.0630060603512811,	0.2842200627796431,	0.3092570628138544,	400
