time ,	 x ,	 y ,	r_stem,	h_stem,	r_crown,	r_root,	k_geo
2240589600.0,	95.31971286202213,	6.758544632874085,	0.015,	0.05,	0.2,	0.2,	400
