time ,	 x ,	 y ,	r_stem,	h_stem,	r_crown,	r_root,	k_geo
3897363600.0,	55.182442517305454,	10.726164212540256,	0.015,	0.05,	0.2,	0.2,	400
