time ,	 x ,	 y ,	r_stem,	h_stem,	r_crown,	r_root,	k_geo
3692239200.0,	91.0524403703122,	7.3186787159217115,	0.015,	0.05,	0.2,	0.2,	400
