time ,	 x ,	 y ,	r_stem,	h_stem,	r_crown,	r_root,	k_geo
2666617200.0,	73.68809088567018,	9.897927958432268,	0.015,	0.05,	0.2,	0.2,	400
2682396000.0,	73.68809088567018,	9.897927958432268,	0.015010091794839498,	0.05437690862945858,	0.21967570477122134,	0.25114024339977253,	400
2698174800.0,	73.68809088567018,	9.897927958432268,	0.015010601619763178,	0.05553870484100593,	0.2348115939542256,	0.25284934108004387,	400
2713953600.0,	73.68809088567018,	9.897927958432268,	0.015011672669759684,	0.05729213622230239,	0.2547719362674497,	0.2564229805177102,	400
