time ,	 x ,	 y ,	r_stem,	h_stem,	r_crown,	r_root,	k_geo
646930800.0,	46.5130264537692,	9.810066486776153,	0.015,	0.05,	0.2,	0.2,	400
662709600.0,	46.5130264537692,	9.810066486776153,	0.015004895675844676,	0.05165215750602844,	0.20267847810951273,	0.22481042800627696,	400
678488400.0,	46.5130264537692,	9.810066486776153,	0.015012101407946853,	0.05390566589771517,	0.208601381906565,	0.2546871328904911,	400
694267200.0,	46.5130264537692,	9.810066486776153,	0.015022755206561208,	0.05700151391194719,	0.22144107733232973,	0.2889512651099274,	400
710046000.0,	46.5130264537692,	9.810066486776153,	0.015039328293997721,	0.06145953420812947,	0.24732133063016368,	0.3277472289782641,	400
725824800.0,	46.5130264537692,	9.810066486776153,	0.01504016852868176,	0.0621073648680477,	0.25510080867670387,	0.3290463218452667,	400
741603600.0,	46.5130264537692,	9.810066486776153,	0.015041644464234045,	0.06304117838858073,	0.26542467607681197,	0.33128120831450136,	400
757382400.0,	46.5130264537692,	9.810066486776153,	0.015044123096858592,	0.06436990589574512,	0.2788157652908767,	0.33490712789127447,	400
