time ,	 x ,	 y ,	r_stem,	h_stem,	r_crown,	r_root,	k_geo
4512736800.0,	76.07882539481575,	6.284566057018284,	0.015,	0.05,	0.2,	0.2,	400
