time ,	 x ,	 y ,	r_stem,	h_stem,	r_crown,	r_root,	k_geo
1041400800.0,	23.704502169889462,	12.60286808624366,	0.015,	0.05,	0.2,	0.2,	400
