time ,	 x ,	 y ,	r_stem,	h_stem,	r_crown,	r_root,	k_geo
3013750800.0,	61.872151998888214,	5.895945860330429,	0.015,	0.05,	0.2,	0.2,	400
