time ,	 x ,	 y ,	r_stem,	h_stem,	r_crown,	r_root,	k_geo
2429935200.0,	18.16547668225178,	9.419079726190436,	0.015,	0.05,	0.2,	0.2,	400
