time ,	 x ,	 y ,	r_stem,	h_stem,	r_crown,	r_root,	k_geo
1356976800.0,	20.587757880894063,	12.36733749198577,	0.015,	0.05,	0.2,	0.2,	400
1372755600.0,	20.587757880894063,	12.36733749198577,	0.015000103845197543,	0.0500326202668494,	0.2000212804065282,	0.2005262996947575,	400
1388534400.0,	20.587757880894063,	12.36733749198577,	0.015000258859737771,	0.05008119706555378,	0.20005349243760048,	0.2013086164325504,	400
