time ,	 x ,	 y ,	r_stem,	h_stem,	r_crown,	r_root,	k_geo
4528515600.0,	83.93742485650498,	12.11550089081076,	0.015,	0.05,	0.2,	0.2,	400
