time ,	 x ,	 y ,	r_stem,	h_stem,	r_crown,	r_root,	k_geo
3755354400.0,	75.02559099054477,	10.403449009788645,	0.015,	0.05,	0.2,	0.2,	400
