time ,	 x ,	 y ,	r_stem,	h_stem,	r_crown,	r_root,	k_geo
3692239200.0,	44.31873427513185,	4.349188232452992,	0.015,	0.05,	0.2,	0.2,	400
