time ,	 x ,	 y ,	r_stem,	h_stem,	r_crown,	r_root,	k_geo
1909234800.0,	68.58504973482347,	2.238424866401592,	0.015,	0.05,	0.2,	0.2,	400
