time ,	 x ,	 y ,	r_stem,	h_stem,	r_crown,	r_root,	k_geo
4560073200.0,	11.892560611718938,	10.518089161161766,	0.015,	0.05,	0.2,	0.2,	400
4575852000.0,	11.892560611718938,	10.518089161161766,	0.015000340499490786,	0.050143950720469434,	0.2006071255784558,	0.20172568660733706,	400
4591630800.0,	11.892560611718938,	10.518089161161766,	0.015000748819305272,	0.050316943389682664,	0.20135481836989277,	0.2037687165254187,	400
