time ,	 x ,	 y ,	r_stem,	h_stem,	r_crown,	r_root,	k_geo
1625216400.0,	41.266240385520746,	3.7254232999301258,	0.015,	0.05,	0.2,	0.2,	400
