time ,	 x ,	 y ,	r_stem,	h_stem,	r_crown,	r_root,	k_geo
2272147200.0,	60.29970217911055,	9.47595999090818,	0.015,	0.05,	0.2,	0.2,	400
