time ,	 x ,	 y ,	r_stem,	h_stem,	r_crown,	r_root,	k_geo
1435870800.0,	27.457979665832223,	11.143109370445687,	0.015,	0.05,	0.2,	0.2,	400
1451649600.0,	27.457979665832223,	11.143109370445687,	0.015000254988789923,	0.050080213387006196,	0.20005395122665628,	0.2012923108711157,	400
1467428400.0,	27.457979665832223,	11.143109370445687,	0.015000385629708056,	0.05012097094076792,	0.20008108075126715,	0.20194757428529073,	400
1483207200.0,	27.457979665832223,	11.143109370445687,	0.015000454952973205,	0.05014250806473475,	0.2000953476825175,	0.20229345472653035,	400
