time ,	 x ,	 y ,	r_stem,	h_stem,	r_crown,	r_root,	k_geo
504921600.0,	53.36524189006775,	9.043772532093355,	0.015,	0.05,	0.2,	0.2,	400
520700400.0,	53.36524189006775,	9.043772532093355,	0.015001875628809589,	0.05138693346449094,	0.21197550808624016,	0.20950570465400495,	400
