time ,	 x ,	 y ,	r_stem,	h_stem,	r_crown,	r_root,	k_geo
3203096400.0,	59.81308452463393,	5.31989778636392,	0.015,	0.05,	0.2,	0.2,	400
