time ,	 x ,	 y ,	r_stem,	h_stem,	r_crown,	r_root,	k_geo
4260276000.0,	77.0751571057524,	3.6458866442290585,	0.015,	0.05,	0.2,	0.2,	400
4276054800.0,	77.0751571057524,	3.6458866442290585,	0.015000700879056474,	0.05138715070281277,	0.2170949014571664,	0.20355211205125684,	400
4291833600.0,	77.0751571057524,	3.6458866442290585,	0.01500209264719169,	0.05340832699359942,	0.23796572090449125,	0.21062196446646678,	400
4307612400.0,	77.0751571057524,	3.6458866442290585,	0.015004528083022228,	0.056258997251078184,	0.2625192624571942,	0.2226440537743666,	400
