time ,	 x ,	 y ,	r_stem,	h_stem,	r_crown,	r_root,	k_geo
2824405200.0,	83.8450646906443,	1.9241154982389626,	0.015,	0.05,	0.2,	0.2,	400
