time ,	 x ,	 y ,	r_stem,	h_stem,	r_crown,	r_root,	k_geo
3581787600.0,	78.97545260503902,	7.518478034500047,	0.015,	0.05,	0.2,	0.2,	400
