time ,	 x ,	 y ,	r_stem,	h_stem,	r_crown,	r_root,	k_geo
1230746400.0,	77.67943708712065,	8.181649166713923,	0.015,	0.05,	0.2,	0.2,	400
