time ,	 x ,	 y ,	r_stem,	h_stem,	r_crown,	r_root,	k_geo
836276400.0,	96.38348902650537,	9.087130389420553,	0.015,	0.05,	0.2,	0.2,	400
