time ,	 x ,	 y ,	r_stem,	h_stem,	r_crown,	r_root,	k_geo
3345105600.0,	15.332804788934663,	6.5202371500290806,	0.015,	0.05,	0.2,	0.2,	400
