time ,	 x ,	 y ,	r_stem,	h_stem,	r_crown,	r_root,	k_geo
3092644800.0,	24.030900039392712,	14.88333629969259,	0.015,	0.05,	0.2,	0.2,	400
