time ,	 x ,	 y ,	r_stem,	h_stem,	r_crown,	r_root,	k_geo
1420092000.0,	66.45250592116274,	0.00917948189474882,	0.015,	0.05,	0.2,	0.2,	400
