time ,	 x ,	 y ,	r_stem,	h_stem,	r_crown,	r_root,	k_geo
994064400.0,	42.93829705723209,	11.712209964894575,	0.015,	0.05,	0.2,	0.2,	400
