time ,	 x ,	 y ,	r_stem,	h_stem,	r_crown,	r_root,	k_geo
1120294800.0,	63.40187667460791,	9.99766136373982,	0.015,	0.05,	0.2,	0.2,	400
