time ,	 x ,	 y ,	r_stem,	h_stem,	r_crown,	r_root,	k_geo
2493050400.0,	39.1589698170005,	2.196660875856549,	0.015,	0.05,	0.2,	0.2,	400
2508829200.0,	39.1589698170005,	2.196660875856549,	0.015001539054910473,	0.05076533570809378,	0.2044115351211854,	0.20779997659205376,	400
2524608000.0,	39.1589698170005,	2.196660875856549,	0.015003223306980635,	0.05159254043047215,	0.2092581620110643,	0.21587442666259957,	400
