time ,	 x ,	 y ,	r_stem,	h_stem,	r_crown,	r_root,	k_geo
441806400.0,	26.735118343109676,	9.05445291156225,	0.015,	0.05,	0.2,	0.2,	400
