time ,	 x ,	 y ,	r_stem,	h_stem,	r_crown,	r_root,	k_geo
2287926000.0,	70.93340836390276,	11.793650514735702,	0.015,	0.05,	0.2,	0.2,	400
2303704800.0,	70.93340836390276,	11.793650514735702,	0.015009705883695552,	0.05404632815710869,	0.21654749280917657,	0.24918486490173808,	400
