time ,	 x ,	 y ,	r_stem,	h_stem,	r_crown,	r_root,	k_geo
3297769200.0,	64.14968738765285,	2.8530892926609526,	0.015,	0.05,	0.2,	0.2,	400
