time ,	 x ,	 y ,	r_stem,	h_stem,	r_crown,	r_root,	k_geo
1420092000.0,	78.16503604927917,	1.6219917398688621,	0.015,	0.05,	0.2,	0.2,	400
