time ,	 x ,	 y ,	r_stem,	h_stem,	r_crown,	r_root,	k_geo
3471336000.0,	45.92517591250158,	6.5496332986355075,	0.015,	0.05,	0.2,	0.2,	400
