time ,	 x ,	 y ,	r_stem,	h_stem,	r_crown,	r_root,	k_geo
4575852000.0,	88.52091854368398,	9.688973631037376,	0.015,	0.05,	0.2,	0.2,	400
