time ,	 x ,	 y ,	r_stem,	h_stem,	r_crown,	r_root,	k_geo
2997972000.0,	96.4951486196351,	3.3489995728245727,	0.015,	0.05,	0.2,	0.2,	400
