time ,	 x ,	 y ,	r_stem,	h_stem,	r_crown,	r_root,	k_geo
2303704800.0,	41.19803351449417,	3.740493525229105,	0.015,	0.05,	0.2,	0.2,	400
