time ,	 x ,	 y ,	r_stem,	h_stem,	r_crown,	r_root,	k_geo
2414156400.0,	87.16502471556328,	14.525537576019662,	0.015,	0.05,	0.2,	0.2,	400
