time ,	 x ,	 y ,	r_stem,	h_stem,	r_crown,	r_root,	k_geo
2098580400.0,	61.38879797639281,	6.574628524434885,	0.015,	0.05,	0.2,	0.2,	400
