time ,	 x ,	 y ,	r_stem,	h_stem,	r_crown,	r_root,	k_geo
4323391200.0,	11.93180960492466,	5.117779116070529,	0.015,	0.05,	0.2,	0.2,	400
