time ,	 x ,	 y ,	r_stem,	h_stem,	r_crown,	r_root,	k_geo
173566800.0,	92.94182591729948,	5.837640716522089,	0.015,	0.05,	0.2,	0.2,	400
