time ,	 x ,	 y ,	r_stem,	h_stem,	r_crown,	r_root,	k_geo
2177474400.0,	47.98073433353982,	12.271618285877908,	0.015,	0.05,	0.2,	0.2,	400
