time ,	 x ,	 y ,	r_stem,	h_stem,	r_crown,	r_root,	k_geo
4528515600.0,	62.545781902461705,	6.827797005919647,	0.015,	0.05,	0.2,	0.2,	400
