time ,	 x ,	 y ,	r_stem,	h_stem,	r_crown,	r_root,	k_geo
4228718400.0,	76.52983512612495,	1.1918527141946016,	0.015,	0.05,	0.2,	0.2,	400
