time ,	 x ,	 y ,	r_stem,	h_stem,	r_crown,	r_root,	k_geo
4512736800.0,	21.984254292388826,	5.50905495119758,	0.015,	0.05,	0.2,	0.2,	400
4528515600.0,	21.984254292388826,	5.50905495119758,	0.015000064077978817,	0.050020120943994946,	0.2000130208740074,	0.20032475490116264,	400
