time ,	 x ,	 y ,	r_stem,	h_stem,	r_crown,	r_root,	k_geo
3139981200.0,	1.2015349364361438,	10.084042766107553,	0.015,	0.05,	0.2,	0.2,	400
