time ,	 x ,	 y ,	r_stem,	h_stem,	r_crown,	r_root,	k_geo
3676460400.0,	41.70052471933248,	7.785950330671235,	0.015,	0.05,	0.2,	0.2,	400
