time ,	 x ,	 y ,	r_stem,	h_stem,	r_crown,	r_root,	k_geo
4086709200.0,	64.29011514983891,	4.5995310113307735,	0.015,	0.05,	0.2,	0.2,	400
