time ,	 x ,	 y ,	r_stem,	h_stem,	r_crown,	r_root,	k_geo
694267200.0,	33.99368827960549,	5.56193599253982,	0.015,	0.05,	0.2,	0.2,	400
