time ,	 x ,	 y ,	r_stem,	h_stem,	r_crown,	r_root,	k_geo
489142800.0,	78.14460685024886,	14.763429068732984,	0.015,	0.05,	0.2,	0.2,	400
