time ,	 x ,	 y ,	r_stem,	h_stem,	r_crown,	r_root,	k_geo
4181382000.0,	74.4660186659533,	9.148769193403329,	0.015,	0.05,	0.2,	0.2,	400
