time ,	 x ,	 y ,	r_stem,	h_stem,	r_crown,	r_root,	k_geo
3392442000.0,	86.00301961878588,	14.412123129453352,	0.015,	0.05,	0.2,	0.2,	400
