time ,	 x ,	 y ,	r_stem,	h_stem,	r_crown,	r_root,	k_geo
299797200.0,	97.72701850438877,	10.21050471476184,	0.015,	0.05,	0.2,	0.2,	400
