time ,	 x ,	 y ,	r_stem,	h_stem,	r_crown,	r_root,	k_geo
1861898400.0,	58.41481613281333,	10.436879949377463,	0.015,	0.05,	0.2,	0.2,	400
