time ,	 x ,	 y ,	r_stem,	h_stem,	r_crown,	r_root,	k_geo
3897363600.0,	78.86438886679973,	1.51001711471358,	0.015,	0.05,	0.2,	0.2,	400
