time ,	 x ,	 y ,	r_stem,	h_stem,	r_crown,	r_root,	k_geo
1719889200.0,	76.33293426925832,	8.989687454044539,	0.015,	0.05,	0.2,	0.2,	400
