time ,	 x ,	 y ,	r_stem,	h_stem,	r_crown,	r_root,	k_geo
3802690800.0,	30.63378714217384,	12.603233822434373,	0.015,	0.05,	0.2,	0.2,	400
