time ,	 x ,	 y ,	r_stem,	h_stem,	r_crown,	r_root,	k_geo
4102488000.0,	23.60953209309683,	3.0879606618529998,	0.015,	0.05,	0.2,	0.2,	400
