time ,	 x ,	 y ,	r_stem,	h_stem,	r_crown,	r_root,	k_geo
552258000.0,	98.89626346611576,	10.153917704655758,	0.015,	0.05,	0.2,	0.2,	400
