time ,	 x ,	 y ,	r_stem,	h_stem,	r_crown,	r_root,	k_geo
1309640400.0,	88.59775873995291,	0.2034271817623312,	0.015,	0.05,	0.2,	0.2,	400
