time ,	 x ,	 y ,	r_stem,	h_stem,	r_crown,	r_root,	k_geo
473364000.0,	65.21277329223234,	7.668594699368764,	0.015,	0.05,	0.2,	0.2,	400
