time ,	 x ,	 y ,	r_stem,	h_stem,	r_crown,	r_root,	k_geo
520700400.0,	85.30671285323282,	14.965602233000846,	0.015,	0.05,	0.2,	0.2,	400
536479200.0,	85.30671285323282,	14.965602233000846,	0.015000459103519614,	0.05138719541901864,	0.21814856875093547,	0.2023267807542774,	400
