time ,	 x ,	 y ,	r_stem,	h_stem,	r_crown,	r_root,	k_geo
2934856800.0,	5.978828594117358,	6.926364554318764,	0.015,	0.05,	0.2,	0.2,	400
