time ,	 x ,	 y ,	r_stem,	h_stem,	r_crown,	r_root,	k_geo
2919078000.0,	28.570571518271535,	0.7004159737296578,	0.015,	0.05,	0.2,	0.2,	400
