time ,	 x ,	 y ,	r_stem,	h_stem,	r_crown,	r_root,	k_geo
1751446800.0,	80.94824059636437,	9.42711680075462,	0.015,	0.05,	0.2,	0.2,	400
