time ,	 x ,	 y ,	r_stem,	h_stem,	r_crown,	r_root,	k_geo
994064400.0,	68.2973005626608,	12.329296448004886,	0.015,	0.05,	0.2,	0.2,	400
