time ,	 x ,	 y ,	r_stem,	h_stem,	r_crown,	r_root,	k_geo
2761290000.0,	21.830850829527748,	3.1684317545273277,	0.015,	0.05,	0.2,	0.2,	400
2777068800.0,	21.830850829527748,	3.1684317545273277,	0.015000050742164492,	0.05001593142496012,	0.20001028185375175,	0.20025716743207253,	400
