time ,	 x ,	 y ,	r_stem,	h_stem,	r_crown,	r_root,	k_geo
1025622000.0,	74.42315720515141,	14.385966391966328,	0.015,	0.05,	0.2,	0.2,	400
1041400800.0,	74.42315720515141,	14.385966391966328,	0.015000833977155877,	0.05138712608734095,	0.21651486107141898,	0.2042266572578384,	400
1057179600.0,	74.42315720515141,	14.385966391966328,	0.015002436455718601,	0.05336883785520527,	0.23613198367131777,	0.21231242744025672,	400
1072958400.0,	74.42315720515141,	14.385966391966328,	0.015010420022023569,	0.057869646273321994,	0.25976388641737025,	0.25103052145911386,	400
1088737200.0,	74.42315720515141,	14.385966391966328,	0.015013105580606012,	0.06087258337747446,	0.2866232592962914,	0.26028785292748374,	400
1104516000.0,	74.42315720515141,	14.385966391966328,	0.015018464638402711,	0.06516073638652056,	0.3172046402401174,	0.2772493610363846,	400
