time ,	 x ,	 y ,	r_stem,	h_stem,	r_crown,	r_root,	k_geo
4307612400.0,	59.422645090170164,	12.934136751362916,	0.015,	0.05,	0.2,	0.2,	400
