time ,	 x ,	 y ,	r_stem,	h_stem,	r_crown,	r_root,	k_geo
3771133200.0,	59.35400324231398,	0.48035713221844856,	0.015,	0.05,	0.2,	0.2,	400
