time ,	 x ,	 y ,	r_stem,	h_stem,	r_crown,	r_root,	k_geo
3076866000.0,	92.3524266036518,	8.818926245587608,	0.015,	0.05,	0.2,	0.2,	400
