time ,	 x ,	 y ,	r_stem,	h_stem,	r_crown,	r_root,	k_geo
3692239200.0,	85.83996646054041,	4.426732476098904,	0.015,	0.05,	0.2,	0.2,	400
