time ,	 x ,	 y ,	r_stem,	h_stem,	r_crown,	r_root,	k_geo
757382400.0,	3.313070113378269,	5.301238039097214,	0.015,	0.05,	0.2,	0.2,	400
