time ,	 x ,	 y ,	r_stem,	h_stem,	r_crown,	r_root,	k_geo
3534451200.0,	82.4921249932746,	0.24119355468461,	0.015,	0.05,	0.2,	0.2,	400
