time ,	 x ,	 y ,	r_stem,	h_stem,	r_crown,	r_root,	k_geo
473364000.0,	94.4798951784888,	6.676700277200855,	0.015,	0.05,	0.2,	0.2,	400
