time ,	 x ,	 y ,	r_stem,	h_stem,	r_crown,	r_root,	k_geo
568036800.0,	41.35580838361881,	4.778219021840396,	0.015,	0.05,	0.2,	0.2,	400
