time ,	 x ,	 y ,	r_stem,	h_stem,	r_crown,	r_root,	k_geo
2556165600.0,	86.08938018007497,	4.006427557901828,	0.015,	0.05,	0.2,	0.2,	400
