time ,	 x ,	 y ,	r_stem,	h_stem,	r_crown,	r_root,	k_geo
4134045600.0,	69.35472101763209,	8.29994275134159,	0.015,	0.05,	0.2,	0.2,	400
