time ,	 x ,	 y ,	r_stem,	h_stem,	r_crown,	r_root,	k_geo
2619280800.0,	52.43982586849795,	5.807671463944373,	0.015,	0.05,	0.2,	0.2,	400
2635059600.0,	52.43982586849795,	5.807671463944373,	0.015002098315176515,	0.051386892290399735,	0.21100511206532818,	0.2106342527200954,	400
2650838400.0,	52.43982586849795,	5.807671463944373,	0.015004799215499702,	0.05300559701642542,	0.22248417056025807,	0.22342445083420928,	400
2666617200.0,	52.43982586849795,	5.807671463944373,	0.015007839578437356,	0.05484735035418265,	0.23567298003091489,	0.23654280600432578,	400
