time ,	 x ,	 y ,	r_stem,	h_stem,	r_crown,	r_root,	k_geo
1656774000.0,	94.66336272976753,	2.2511077024889343,	0.015,	0.05,	0.2,	0.2,	400
