time ,	 x ,	 y ,	r_stem,	h_stem,	r_crown,	r_root,	k_geo
2855962800.0,	45.41921981088576,	12.189002035799836,	0.015,	0.05,	0.2,	0.2,	400
