time ,	 x ,	 y ,	r_stem,	h_stem,	r_crown,	r_root,	k_geo
4055151600.0,	9.757914462754568,	6.20330039687132,	0.015,	0.05,	0.2,	0.2,	400
