time ,	 x ,	 y ,	r_stem,	h_stem,	r_crown,	r_root,	k_geo
3266211600.0,	21.060124188418506,	5.991543674069724,	0.015,	0.05,	0.2,	0.2,	400
