time ,	 x ,	 y ,	r_stem,	h_stem,	r_crown,	r_root,	k_geo
1893456000.0,	53.666656119048795,	10.754841353899138,	0.015,	0.05,	0.2,	0.2,	400
