time ,	 x ,	 y ,	r_stem,	h_stem,	r_crown,	r_root,	k_geo
1435870800.0,	92.05789260550763,	0.3171912483953271,	0.015,	0.05,	0.2,	0.2,	400
