time ,	 x ,	 y ,	r_stem,	h_stem,	r_crown,	r_root,	k_geo
2493050400.0,	34.16898033222545,	12.325509772437846,	0.015,	0.05,	0.2,	0.2,	400
