time ,	 x ,	 y ,	r_stem,	h_stem,	r_crown,	r_root,	k_geo
2792847600.0,	67.38460877787118,	2.5810349638606658,	0.015,	0.05,	0.2,	0.2,	400
