time ,	 x ,	 y ,	r_stem,	h_stem,	r_crown,	r_root,	k_geo
3234654000.0,	18.071197720377562,	11.670693416595704,	0.015,	0.05,	0.2,	0.2,	400
