time ,	 x ,	 y ,	r_stem,	h_stem,	r_crown,	r_root,	k_geo
3976257600.0,	72.92980554134473,	9.84717263512859,	0.015,	0.05,	0.2,	0.2,	400
