time ,	 x ,	 y ,	r_stem,	h_stem,	r_crown,	r_root,	k_geo
1972350000.0,	32.99298942292182,	7.010528649036662,	0.015,	0.05,	0.2,	0.2,	400
