time ,	 x ,	 y ,	r_stem,	h_stem,	r_crown,	r_root,	k_geo
2161695600.0,	95.08341028567725,	5.081480564740884,	0.015,	0.05,	0.2,	0.2,	400
