time ,	 x ,	 y ,	r_stem,	h_stem,	r_crown,	r_root,	k_geo
2287926000.0,	4.618331787428609,	3.727064035804651,	0.015,	0.05,	0.2,	0.2,	400
