time ,	 x ,	 y ,	r_stem,	h_stem,	r_crown,	r_root,	k_geo
2051244000.0,	84.725368080394,	8.41673689274502,	0.015,	0.05,	0.2,	0.2,	400
