time ,	 x ,	 y ,	r_stem,	h_stem,	r_crown,	r_root,	k_geo
3818469600.0,	19.190598265496394,	1.932085296521831,	0.015,	0.05,	0.2,	0.2,	400
