time ,	 x ,	 y ,	r_stem,	h_stem,	r_crown,	r_root,	k_geo
1925013600.0,	51.140964136534414,	12.280422539701073,	0.015,	0.05,	0.2,	0.2,	400
