time ,	 x ,	 y ,	r_stem,	h_stem,	r_crown,	r_root,	k_geo
2619280800.0,	99.34626784771828,	11.80993933498803,	0.015,	0.05,	0.2,	0.2,	400
