time ,	 x ,	 y ,	r_stem,	h_stem,	r_crown,	r_root,	k_geo
2808626400.0,	71.27432525067321,	4.526231992806122,	0.015,	0.05,	0.2,	0.2,	400
2824405200.0,	71.27432525067321,	4.526231992806122,	0.015009788291213138,	0.054112181765723945,	0.21714656079685715,	0.2496024182187802,	400
2840184000.0,	71.27432525067321,	4.526231992806122,	0.015024750319820744,	0.06069082644874565,	0.26354703198314444,	0.3003549386667402,	400
