time ,	 x ,	 y ,	r_stem,	h_stem,	r_crown,	r_root,	k_geo
3203096400.0,	5.26762546140781,	10.980025554651375,	0.015,	0.05,	0.2,	0.2,	400
