time ,	 x ,	 y ,	r_stem,	h_stem,	r_crown,	r_root,	k_geo
1151852400.0,	29.1980782032056,	14.46759880547262,	0.015,	0.05,	0.2,	0.2,	400
1167631200.0,	29.1980782032056,	14.46759880547262,	0.015000179728962447,	0.050074765826963234,	0.20030276599856278,	0.20091088672131208,	400
1183410000.0,	29.1980782032056,	14.46759880547262,	0.015000678414613564,	0.05028862013823261,	0.20124545003881913,	0.2034211532347209,	400
1199188800.0,	29.1980782032056,	14.46759880547262,	0.015001277671367892,	0.0505465508443302,	0.20242152085717635,	0.2063820063613545,	400
