time ,	 x ,	 y ,	r_stem,	h_stem,	r_crown,	r_root,	k_geo
3171538800.0,	89.78534557748391,	12.086189233021196,	0.015,	0.05,	0.2,	0.2,	400
