time ,	 x ,	 y ,	r_stem,	h_stem,	r_crown,	r_root,	k_geo
1088737200.0,	53.56934031881843,	14.542002139052144,	0.015,	0.05,	0.2,	0.2,	400
