time ,	 x ,	 y ,	r_stem,	h_stem,	r_crown,	r_root,	k_geo
4370727600.0,	38.986918842638175,	3.362269279875399,	0.015,	0.05,	0.2,	0.2,	400
