time ,	 x ,	 y ,	r_stem,	h_stem,	r_crown,	r_root,	k_geo
2997972000.0,	75.17058640649886,	14.684297680288287,	0.015,	0.05,	0.2,	0.2,	400
