time ,	 x ,	 y ,	r_stem,	h_stem,	r_crown,	r_root,	k_geo
3029529600.0,	53.26053113342191,	8.959579306036055,	0.015,	0.05,	0.2,	0.2,	400
