time ,	 x ,	 y ,	r_stem,	h_stem,	r_crown,	r_root,	k_geo
299797200.0,	87.90800440180853,	7.554375065759448,	0.015,	0.05,	0.2,	0.2,	400
