time ,	 x ,	 y ,	r_stem,	h_stem,	r_crown,	r_root,	k_geo
3865806000.0,	67.3732937391358,	10.376191801586222,	0.015,	0.05,	0.2,	0.2,	400
3881584800.0,	67.3732937391358,	10.376191801586222,	0.015008334153664307,	0.05316422845303422,	0.20969032141638555,	0.24223427964426358,	400
3897363600.0,	67.3732937391358,	10.376191801586222,	0.01502125221824284,	0.058179085815885594,	0.23960875640926757,	0.28871354956040424,	400
3913142400.0,	67.3732937391358,	10.376191801586222,	0.01502210814213384,	0.059361098869372665,	0.2539451550662056,	0.290722453738339,	400
3928921200.0,	67.3732937391358,	10.376191801586222,	0.01502370069532751,	0.06112258550478469,	0.27300453655689716,	0.2943780078252798,	400
