time ,	 x ,	 y ,	r_stem,	h_stem,	r_crown,	r_root,	k_geo
2493050400.0,	88.52278923036594,	14.476357085497959,	0.015,	0.05,	0.2,	0.2,	400
