time ,	 x ,	 y ,	r_stem,	h_stem,	r_crown,	r_root,	k_geo
3723796800.0,	24.116381323762848,	14.720962910542966,	0.015,	0.05,	0.2,	0.2,	400
