time ,	 x ,	 y ,	r_stem,	h_stem,	r_crown,	r_root,	k_geo
3139981200.0,	48.87961523359431,	5.579281368592771,	0.015,	0.05,	0.2,	0.2,	400
3155760000.0,	48.87961523359431,	5.579281368592771,	0.015002049558565097,	0.05113760345046295,	0.2075959050868151,	0.21038716052107473,	400
3171538800.0,	48.87961523359431,	5.579281368592771,	0.015004604546801449,	0.052623647195052,	0.2181680730900001,	0.22244199670383571,	400
