time ,	 x ,	 y ,	r_stem,	h_stem,	r_crown,	r_root,	k_geo
1435870800.0,	62.66410781445022,	11.529696487338082,	0.015,	0.05,	0.2,	0.2,	400
