time ,	 x ,	 y ,	r_stem,	h_stem,	r_crown,	r_root,	k_geo
1072958400.0,	87.58765604706296,	14.97643795629015,	0.015,	0.05,	0.2,	0.2,	400
