time ,	 x ,	 y ,	r_stem,	h_stem,	r_crown,	r_root,	k_geo
2887520400.0,	2.599142388639908,	11.30566427311084,	0.015,	0.05,	0.2,	0.2,	400
