time ,	 x ,	 y ,	r_stem,	h_stem,	r_crown,	r_root,	k_geo
347133600.0,	55.507296924595764,	8.090495202348327,	0.015,	0.05,	0.2,	0.2,	400
