time ,	 x ,	 y ,	r_stem,	h_stem,	r_crown,	r_root,	k_geo
3029529600.0,	69.89226491516219,	7.945765854371615,	0.015,	0.05,	0.2,	0.2,	400
