time ,	 x ,	 y ,	r_stem,	h_stem,	r_crown,	r_root,	k_geo
3676460400.0,	34.04220463610792,	7.684129892121192,	0.015,	0.05,	0.2,	0.2,	400
