time ,	 x ,	 y ,	r_stem,	h_stem,	r_crown,	r_root,	k_geo
1388534400.0,	67.92872111491286,	3.473607224545826,	0.015,	0.05,	0.2,	0.2,	400
1404313200.0,	67.92872111491286,	3.473607224545826,	0.015008918955280066,	0.05350245988277134,	0.21206324044021793,	0.2451975100174207,	400
1420092000.0,	67.92872111491286,	3.473607224545826,	0.015022755565863775,	0.05945389697133576,	0.2531878783547291,	0.29380561172354397,	400
1435870800.0,	67.92872111491286,	3.473607224545826,	0.015049476879498898,	0.06740576835392412,	0.29671695085425714,	0.35317325643847836,	400
