time ,	 x ,	 y ,	r_stem,	h_stem,	r_crown,	r_root,	k_geo
2209032000.0,	63.79124484124107,	11.613675754927993,	0.015,	0.05,	0.2,	0.2,	400
2224810800.0,	63.79124484124107,	11.613675754927993,	0.015001218430422753,	0.05138705498933984,	0.21483944237946717,	0.20617506591895665,	400
