time ,	 x ,	 y ,	r_stem,	h_stem,	r_crown,	r_root,	k_geo
820497600.0,	7.896293519917763,	5.64310110789658,	0.015,	0.05,	0.2,	0.2,	400
