time ,	 x ,	 y ,	r_stem,	h_stem,	r_crown,	r_root,	k_geo
1025622000.0,	89.75641110115647,	12.354068726264181,	0.015,	0.05,	0.2,	0.2,	400
