time ,	 x ,	 y ,	r_stem,	h_stem,	r_crown,	r_root,	k_geo
3139981200.0,	97.33223149852344,	3.1227406714499466,	0.015,	0.05,	0.2,	0.2,	400
