time ,	 x ,	 y ,	r_stem,	h_stem,	r_crown,	r_root,	k_geo
4165603200.0,	89.79854583683885,	9.22204235150543,	0.015,	0.05,	0.2,	0.2,	400
