time ,	 x ,	 y ,	r_stem,	h_stem,	r_crown,	r_root,	k_geo
1451649600.0,	52.30847260157449,	4.681795586989381,	0.015,	0.05,	0.2,	0.2,	400
