time ,	 x ,	 y ,	r_stem,	h_stem,	r_crown,	r_root,	k_geo
3297769200.0,	58.134206205729136,	1.426547249481177,	0.015,	0.05,	0.2,	0.2,	400
3313548000.0,	58.134206205729136,	1.426547249481177,	0.015001587162644449,	0.05138698680381032,	0.21323257025164255,	0.2080437833683626,	400
3329326800.0,	58.134206205729136,	1.426547249481177,	0.015003755719532181,	0.05314994342016528,	0.2283627751943348,	0.21857931829984167,	400
3345105600.0,	58.134206205729136,	1.426547249481177,	0.01500685987047053,	0.055357797738034425,	0.2448017989633079,	0.23266846854751658,	400
