time ,	 x ,	 y ,	r_stem,	h_stem,	r_crown,	r_root,	k_geo
1183410000.0,	68.40712248471942,	13.464020778016991,	0.015,	0.05,	0.2,	0.2,	400
