time ,	 x ,	 y ,	r_stem,	h_stem,	r_crown,	r_root,	k_geo
2919078000.0,	68.08837639735647,	13.891437496065445,	0.015,	0.05,	0.2,	0.2,	400
