time ,	 x ,	 y ,	r_stem,	h_stem,	r_crown,	r_root,	k_geo
2682396000.0,	84.11087981255399,	3.7632524099987426,	0.015,	0.05,	0.2,	0.2,	400
2698174800.0,	84.11087981255399,	3.7632524099987426,	0.015000473901986494,	0.051387192681991066,	0.21808407602215835,	0.20240178037783932,	400
