time ,	 x ,	 y ,	r_stem,	h_stem,	r_crown,	r_root,	k_geo
3376663200.0,	94.55550354790377,	13.83898234145754,	0.015,	0.05,	0.2,	0.2,	400
