time ,	 x ,	 y ,	r_stem,	h_stem,	r_crown,	r_root,	k_geo
1783004400.0,	42.59331787316566,	9.67163540903607,	0.015,	0.05,	0.2,	0.2,	400
