time ,	 x ,	 y ,	r_stem,	h_stem,	r_crown,	r_root,	k_geo
3281990400.0,	77.22379962195595,	7.7944138249333035,	0.015,	0.05,	0.2,	0.2,	400
3297769200.0,	77.22379962195595,	7.7944138249333035,	0.01500070720304463,	0.05138714953322488,	0.21706734146828705,	0.2035841622641375,	400
3313548000.0,	77.22379962195595,	7.7944138249333035,	0.01500895583836929,	0.05647498466714998,	0.2499346287052215,	0.24546850888532654,	400
3329326800.0,	77.22379962195595,	7.7944138249333035,	0.015020749264920082,	0.06323669893955867,	0.29450064430642287,	0.2881347539935416,	400
3345105600.0,	77.22379962195595,	7.7944138249333035,	0.015025053002049489,	0.06721673079238427,	0.32752465884419035,	0.29818907912281967,	400
3360884400.0,	77.22379962195595,	7.7944138249333035,	0.015035374063933259,	0.07304906288051954,	0.3641615582353835,	0.3193100909417822,	400
