time ,	 x ,	 y ,	r_stem,	h_stem,	r_crown,	r_root,	k_geo
1104516000.0,	23.527217047608872,	9.528817838385907,	0.015,	0.05,	0.2,	0.2,	400
