time ,	 x ,	 y ,	r_stem,	h_stem,	r_crown,	r_root,	k_geo
4544294400.0,	79.9535734798287,	11.040297737315715,	0.015,	0.05,	0.2,	0.2,	400
