time ,	 x ,	 y ,	r_stem,	h_stem,	r_crown,	r_root,	k_geo
2193253200.0,	54.50895174307991,	6.978861995560836,	0.015,	0.05,	0.2,	0.2,	400
