time ,	 x ,	 y ,	r_stem,	h_stem,	r_crown,	r_root,	k_geo
457585200.0,	86.28839110949008,	2.556285210267906,	0.015,	0.05,	0.2,	0.2,	400
