time ,	 x ,	 y ,	r_stem,	h_stem,	r_crown,	r_root,	k_geo
4323391200.0,	43.83482830236961,	1.665167451778085,	0.015,	0.05,	0.2,	0.2,	400
