time ,	 x ,	 y ,	r_stem,	h_stem,	r_crown,	r_root,	k_geo
3392442000.0,	73.2116322798389,	11.999706630814227,	0.015,	0.05,	0.2,	0.2,	400
