time ,	 x ,	 y ,	r_stem,	h_stem,	r_crown,	r_root,	k_geo
2745511200.0,	90.413468106819,	0.4246024751972627,	0.015,	0.05,	0.2,	0.2,	400
