time ,	 x ,	 y ,	r_stem,	h_stem,	r_crown,	r_root,	k_geo
3502893600.0,	14.203152058480484,	9.410795517501667,	0.015,	0.05,	0.2,	0.2,	400
3518672400.0,	14.203152058480484,	9.410795517501667,	0.015000667053100315,	0.05021070662979,	0.20015390558058313,	0.20338068073390822,	400
3534451200.0,	14.203152058480484,	9.410795517501667,	0.015001612868208428,	0.050504865055821,	0.20038905395382592,	0.20804559336660192,	400
