time ,	 x ,	 y ,	r_stem,	h_stem,	r_crown,	r_root,	k_geo
1656774000.0,	58.736221344283464,	14.67199956628808,	0.015,	0.05,	0.2,	0.2,	400
