time ,	 x ,	 y ,	r_stem,	h_stem,	r_crown,	r_root,	k_geo
2414156400.0,	14.697989915053867,	6.533707923487154,	0.015,	0.05,	0.2,	0.2,	400
