time ,	 x ,	 y ,	r_stem,	h_stem,	r_crown,	r_root,	k_geo
3723796800.0,	0.5201154611634728,	0.641712578197684,	0.015,	0.05,	0.2,	0.2,	400
