time ,	 x ,	 y ,	r_stem,	h_stem,	r_crown,	r_root,	k_geo
3281990400.0,	83.1070322112941,	2.603851925765902,	0.015,	0.05,	0.2,	0.2,	400
