time ,	 x ,	 y ,	r_stem,	h_stem,	r_crown,	r_root,	k_geo
820497600.0,	95.20238319831256,	1.62281451921922,	0.015,	0.05,	0.2,	0.2,	400
