time ,	 x ,	 y ,	r_stem,	h_stem,	r_crown,	r_root,	k_geo
3423999600.0,	14.356320794101995,	2.0956209444788443,	0.015,	0.05,	0.2,	0.2,	400
