time ,	 x ,	 y ,	r_stem,	h_stem,	r_crown,	r_root,	k_geo
3423999600.0,	78.08599188604389,	11.333941192378667,	0.015,	0.05,	0.2,	0.2,	400
