time ,	 x ,	 y ,	r_stem,	h_stem,	r_crown,	r_root,	k_geo
1120294800.0,	91.31980531544532,	2.4829951585735714,	0.015,	0.05,	0.2,	0.2,	400
