time ,	 x ,	 y ,	r_stem,	h_stem,	r_crown,	r_root,	k_geo
2287926000.0,	11.460137031364026,	2.679966921207611,	0.015,	0.05,	0.2,	0.2,	400
2303704800.0,	11.460137031364026,	2.679966921207611,	0.015000777534833764,	0.050245890144805086,	0.2001835866465853,	0.20394060612109552,	400
2319483600.0,	11.460137031364026,	2.679966921207611,	0.015002578953103512,	0.05081015777477776,	0.2007174744342631,	0.2127854451887587,	400
