time ,	 x ,	 y ,	r_stem,	h_stem,	r_crown,	r_root,	k_geo
410248800.0,	41.560496679736616,	5.582576578731502,	0.015,	0.05,	0.2,	0.2,	400
