time ,	 x ,	 y ,	r_stem,	h_stem,	r_crown,	r_root,	k_geo
773161200.0,	59.997819924168326,	5.03645093110186,	0.015,	0.05,	0.2,	0.2,	400
