time ,	 x ,	 y ,	r_stem,	h_stem,	r_crown,	r_root,	k_geo
1120294800.0,	10.73818340914543,	9.87638694210483,	0.015,	0.05,	0.2,	0.2,	400
