time ,	 x ,	 y ,	r_stem,	h_stem,	r_crown,	r_root,	k_geo
315576000.0,	89.97341792910933,	0.7458314115974762,	0.015,	0.05,	0.2,	0.2,	400
