time ,	 x ,	 y ,	r_stem,	h_stem,	r_crown,	r_root,	k_geo
2524608000.0,	98.31042275168357,	8.522798954476086,	0.015,	0.05,	0.2,	0.2,	400
