time ,	 x ,	 y ,	r_stem,	h_stem,	r_crown,	r_root,	k_geo
2650838400.0,	54.52976227378401,	12.287355819718126,	0.015,	0.05,	0.2,	0.2,	400
