time ,	 x ,	 y ,	r_stem,	h_stem,	r_crown,	r_root,	k_geo
252460800.0,	77.51716873249028,	11.947509931604335,	0.015,	0.05,	0.2,	0.2,	400
