time ,	 x ,	 y ,	r_stem,	h_stem,	r_crown,	r_root,	k_geo
299797200.0,	97.08323893939621,	0.7924954481732754,	0.015,	0.05,	0.2,	0.2,	400
