time ,	 x ,	 y ,	r_stem,	h_stem,	r_crown,	r_root,	k_geo
2824405200.0,	84.90355395379949,	11.029996225858524,	0.015,	0.05,	0.2,	0.2,	400
