time ,	 x ,	 y ,	r_stem,	h_stem,	r_crown,	r_root,	k_geo
788940000.0,	56.65074002392079,	6.7434966034247825,	0.015,	0.05,	0.2,	0.2,	400
