time ,	 x ,	 y ,	r_stem,	h_stem,	r_crown,	r_root,	k_geo
3376663200.0,	65.46523946771843,	14.58094300448693,	0.015,	0.05,	0.2,	0.2,	400
