time ,	 x ,	 y ,	r_stem,	h_stem,	r_crown,	r_root,	k_geo
2855962800.0,	58.00230295914906,	4.384249702330368,	0.015,	0.05,	0.2,	0.2,	400
