time ,	 x ,	 y ,	r_stem,	h_stem,	r_crown,	r_root,	k_geo
4481179200.0,	83.07920236067203,	13.58199081623526,	0.015,	0.05,	0.2,	0.2,	400
4496958000.0,	83.07920236067203,	13.58199081623526,	0.015000548651535417,	0.05138717885692756,	0.21775831323940262,	0.20278061570055925,	400
4512736800.0,	83.07920236067203,	13.58199081623526,	0.015005258725380832,	0.05560364324911406,	0.2534467345281405,	0.22689015276086832,	400
4528515600.0,	83.07920236067203,	13.58199081623526,	0.015007777084430797,	0.05887053667252366,	0.2819537684965546,	0.23780058106223723,	400
4544294400.0,	83.07920236067203,	13.58199081623526,	0.015012584354672216,	0.06350495323324462,	0.31437003379632256,	0.25695699446420606,	400
