time ,	 x ,	 y ,	r_stem,	h_stem,	r_crown,	r_root,	k_geo
3897363600.0,	19.110325019502017,	1.642666408079252,	0.015,	0.05,	0.2,	0.2,	400
