time ,	 x ,	 y ,	r_stem,	h_stem,	r_crown,	r_root,	k_geo
1593658800.0,	64.28136318109766,	2.5667997736128485,	0.015,	0.05,	0.2,	0.2,	400
