time ,	 x ,	 y ,	r_stem,	h_stem,	r_crown,	r_root,	k_geo
3818469600.0,	15.865291185436936,	10.001467392589149,	0.015,	0.05,	0.2,	0.2,	400
