time ,	 x ,	 y ,	r_stem,	h_stem,	r_crown,	r_root,	k_geo
1262304000.0,	79.10649126368659,	13.99751970308441,	0.015,	0.05,	0.2,	0.2,	400
