time ,	 x ,	 y ,	r_stem,	h_stem,	r_crown,	r_root,	k_geo
2067022800.0,	45.438164478878086,	9.548236087776182,	0.015,	0.05,	0.2,	0.2,	400
