time ,	 x ,	 y ,	r_stem,	h_stem,	r_crown,	r_root,	k_geo
441806400.0,	61.39875308284461,	14.299233575111602,	0.015,	0.05,	0.2,	0.2,	400
