time ,	 x ,	 y ,	r_stem,	h_stem,	r_crown,	r_root,	k_geo
1625216400.0,	58.18930372587078,	2.7822827918540622,	0.015,	0.05,	0.2,	0.2,	400
