time ,	 x ,	 y ,	r_stem,	h_stem,	r_crown,	r_root,	k_geo
2824405200.0,	86.81919879569429,	4.697375836197108,	0.015,	0.05,	0.2,	0.2,	400
