time ,	 x ,	 y ,	r_stem,	h_stem,	r_crown,	r_root,	k_geo
536479200.0,	77.2217542704583,	5.516143709038886,	0.015,	0.05,	0.2,	0.2,	400
