time ,	 x ,	 y ,	r_stem,	h_stem,	r_crown,	r_root,	k_geo
3676460400.0,	68.77050898071315,	4.564481497171452,	0.015,	0.05,	0.2,	0.2,	400
