time ,	 x ,	 y ,	r_stem,	h_stem,	r_crown,	r_root,	k_geo
3471336000.0,	79.53055446201964,	12.166562409533551,	0.015,	0.05,	0.2,	0.2,	400
