time ,	 x ,	 y ,	r_stem,	h_stem,	r_crown,	r_root,	k_geo
3802690800.0,	27.3705621615552,	2.5441873453013004,	0.015,	0.05,	0.2,	0.2,	400
