time ,	 x ,	 y ,	r_stem,	h_stem,	r_crown,	r_root,	k_geo
284018400.0,	46.6105360123374,	1.3335608139088202,	0.015,	0.05,	0.2,	0.2,	400
