time ,	 x ,	 y ,	r_stem,	h_stem,	r_crown,	r_root,	k_geo
536479200.0,	19.82855478785407,	8.320687586143185,	0.015,	0.05,	0.2,	0.2,	400
