time ,	 x ,	 y ,	r_stem,	h_stem,	r_crown,	r_root,	k_geo
3913142400.0,	58.80767928162688,	4.416610953247503,	0.015,	0.05,	0.2,	0.2,	400
