time ,	 x ,	 y ,	r_stem,	h_stem,	r_crown,	r_root,	k_geo
1435870800.0,	38.62576851991306,	12.757488894422584,	0.015,	0.05,	0.2,	0.2,	400
1451649600.0,	38.62576851991306,	12.757488894422584,	0.015001361655302652,	0.05065683382441694,	0.20360815335240737,	0.20690092480636563,	400
