time ,	 x ,	 y ,	r_stem,	h_stem,	r_crown,	r_root,	k_geo
2792847600.0,	70.93549007761459,	1.3269546484402412,	0.015,	0.05,	0.2,	0.2,	400
