time ,	 x ,	 y ,	r_stem,	h_stem,	r_crown,	r_root,	k_geo
3455557200.0,	25.374353417258277,	8.92701333641406,	0.015,	0.05,	0.2,	0.2,	400
