time ,	 x ,	 y ,	r_stem,	h_stem,	r_crown,	r_root,	k_geo
1514764800.0,	28.275482421852438,	1.7260645906492422,	0.015,	0.05,	0.2,	0.2,	400
