time ,	 x ,	 y ,	r_stem,	h_stem,	r_crown,	r_root,	k_geo
315576000.0,	47.70301054274319,	10.91044443782675,	0.015,	0.05,	0.2,	0.2,	400
