time ,	 x ,	 y ,	r_stem,	h_stem,	r_crown,	r_root,	k_geo
3786912000.0,	96.61555063387837,	4.069347933235752,	0.015,	0.05,	0.2,	0.2,	400
