time ,	 x ,	 y ,	r_stem,	h_stem,	r_crown,	r_root,	k_geo
1593658800.0,	65.56064710097571,	14.112860436834202,	0.015,	0.05,	0.2,	0.2,	400
