time ,	 x ,	 y ,	r_stem,	h_stem,	r_crown,	r_root,	k_geo
441806400.0,	96.033158473886,	14.973165014373402,	0.015,	0.05,	0.2,	0.2,	400
