time ,	 x ,	 y ,	r_stem,	h_stem,	r_crown,	r_root,	k_geo
3566008800.0,	92.4129511895068,	6.135621627207563,	0.015,	0.05,	0.2,	0.2,	400
