time ,	 x ,	 y ,	r_stem,	h_stem,	r_crown,	r_root,	k_geo
1435870800.0,	95.48298676199585,	7.006651824901223,	0.015,	0.05,	0.2,	0.2,	400
