time ,	 x ,	 y ,	r_stem,	h_stem,	r_crown,	r_root,	k_geo
1530543600.0,	62.00628298519515,	6.364059003898382,	0.015,	0.05,	0.2,	0.2,	400
