time ,	 x ,	 y ,	r_stem,	h_stem,	r_crown,	r_root,	k_geo
3786912000.0,	73.99596725427318,	8.425727751853165,	0.015,	0.05,	0.2,	0.2,	400
