time ,	 x ,	 y ,	r_stem,	h_stem,	r_crown,	r_root,	k_geo
1530543600.0,	20.73860695590417,	10.559706071825975,	0.015,	0.05,	0.2,	0.2,	400
