time ,	 x ,	 y ,	r_stem,	h_stem,	r_crown,	r_root,	k_geo
915170400.0,	78.2917455972737,	12.116067777756417,	0.015,	0.05,	0.2,	0.2,	400
