time ,	 x ,	 y ,	r_stem,	h_stem,	r_crown,	r_root,	k_geo
3203096400.0,	27.57177488414242,	7.808113414410682,	0.015,	0.05,	0.2,	0.2,	400
