time ,	 x ,	 y ,	r_stem,	h_stem,	r_crown,	r_root,	k_geo
3834248400.0,	99.09806042985375,	2.1727536133301824,	0.015,	0.05,	0.2,	0.2,	400
