time ,	 x ,	 y ,	r_stem,	h_stem,	r_crown,	r_root,	k_geo
1467428400.0,	87.75649411473621,	12.533495083668047,	0.015,	0.05,	0.2,	0.2,	400
