time ,	 x ,	 y ,	r_stem,	h_stem,	r_crown,	r_root,	k_geo
2587723200.0,	2.284435258957873,	9.230767599482467,	0.015,	0.05,	0.2,	0.2,	400
