time ,	 x ,	 y ,	r_stem,	h_stem,	r_crown,	r_root,	k_geo
3518672400.0,	74.21000956910093,	4.0190547246470745,	0.015,	0.05,	0.2,	0.2,	400
