time ,	 x ,	 y ,	r_stem,	h_stem,	r_crown,	r_root,	k_geo
1451649600.0,	51.53599898401446,	8.40058991619612,	0.015,	0.05,	0.2,	0.2,	400
