time ,	 x ,	 y ,	r_stem,	h_stem,	r_crown,	r_root,	k_geo
1956571200.0,	60.74090193739745,	3.505149582756771,	0.015,	0.05,	0.2,	0.2,	400
