time ,	 x ,	 y ,	r_stem,	h_stem,	r_crown,	r_root,	k_geo
599594400.0,	80.78464830992607,	14.750244221202662,	0.015,	0.05,	0.2,	0.2,	400
