time ,	 x ,	 y ,	r_stem,	h_stem,	r_crown,	r_root,	k_geo
252460800.0,	57.80084990566182,	0.8150461477842158,	0.015,	0.05,	0.2,	0.2,	400
268239600.0,	57.80084990566182,	0.8150461477842158,	0.015000889023789888,	0.051387115907080054,	0.21627496962922999,	0.20450563463635993,	400
284018400.0,	57.80084990566182,	0.8150461477842158,	0.015007149888844926,	0.05545684014390427,	0.24438343004049556,	0.2360074407119596,	400
299797200.0,	57.80084990566182,	0.8150461477842158,	0.01500977846279891,	0.05803594434745475,	0.26695283050085744,	0.24636961537480334,	400
