time ,	 x ,	 y ,	r_stem,	h_stem,	r_crown,	r_root,	k_geo
1246525200.0,	77.07538655777178,	6.714733422632951,	0.015,	0.05,	0.2,	0.2,	400
