time ,	 x ,	 y ,	r_stem,	h_stem,	r_crown,	r_root,	k_geo
2019686400.0,	85.60196091308813,	11.969205764281174,	0.015,	0.05,	0.2,	0.2,	400
