time ,	 x ,	 y ,	r_stem,	h_stem,	r_crown,	r_root,	k_geo
2335262400.0,	20.795126553003474,	10.752435770743038,	0.015,	0.05,	0.2,	0.2,	400
2351041200.0,	20.795126553003474,	10.752435770743038,	0.01500032362882761,	0.050136580589703224,	0.20057358577807816,	0.20164018467660058,	400
