time ,	 x ,	 y ,	r_stem,	h_stem,	r_crown,	r_root,	k_geo
4575852000.0,	41.012857036999016,	4.432837308962798,	0.015,	0.05,	0.2,	0.2,	400
