time ,	 x ,	 y ,	r_stem,	h_stem,	r_crown,	r_root,	k_geo
883612800.0,	29.21730832745688,	3.8634191033291287,	0.015,	0.05,	0.2,	0.2,	400
