time ,	 x ,	 y ,	r_stem,	h_stem,	r_crown,	r_root,	k_geo
2698174800.0,	88.08652226603768,	5.5052343413461315,	0.015,	0.05,	0.2,	0.2,	400
