time ,	 x ,	 y ,	r_stem,	h_stem,	r_crown,	r_root,	k_geo
4276054800.0,	78.68726131764791,	1.3289874482343782,	0.015,	0.05,	0.2,	0.2,	400
