time ,	 x ,	 y ,	r_stem,	h_stem,	r_crown,	r_root,	k_geo
3629124000.0,	87.71487050356869,	5.277654333604861,	0.015,	0.05,	0.2,	0.2,	400
