time ,	 x ,	 y ,	r_stem,	h_stem,	r_crown,	r_root,	k_geo
3408220800.0,	56.47452478983851,	0.8283581692126524,	0.015,	0.05,	0.2,	0.2,	400
