time ,	 x ,	 y ,	r_stem,	h_stem,	r_crown,	r_root,	k_geo
3124202400.0,	68.28254754773155,	5.387450623590352,	0.015,	0.05,	0.2,	0.2,	400
