time ,	 x ,	 y ,	r_stem,	h_stem,	r_crown,	r_root,	k_geo
757382400.0,	79.36039051396236,	9.895407934671146,	0.015,	0.05,	0.2,	0.2,	400
