time ,	 x ,	 y ,	r_stem,	h_stem,	r_crown,	r_root,	k_geo
3076866000.0,	71.54407041986764,	5.464428623063491,	0.015,	0.05,	0.2,	0.2,	400
