time ,	 x ,	 y ,	r_stem,	h_stem,	r_crown,	r_root,	k_geo
2493050400.0,	51.86806739506644,	2.5438741703414784,	0.015,	0.05,	0.2,	0.2,	400
