time ,	 x ,	 y ,	r_stem,	h_stem,	r_crown,	r_root,	k_geo
1767225600.0,	42.96447096629144,	9.346253588358632,	0.015,	0.05,	0.2,	0.2,	400
