time ,	 x ,	 y ,	r_stem,	h_stem,	r_crown,	r_root,	k_geo
2871741600.0,	69.48859057509584,	8.697483432679743,	0.015,	0.05,	0.2,	0.2,	400
