time ,	 x ,	 y ,	r_stem,	h_stem,	r_crown,	r_root,	k_geo
2903299200.0,	38.99081996820215,	11.977280955124144,	0.015,	0.05,	0.2,	0.2,	400
