time ,	 x ,	 y ,	r_stem,	h_stem,	r_crown,	r_root,	k_geo
2224810800.0,	92.64071925101933,	10.838820012205938,	0.015,	0.05,	0.2,	0.2,	400
