time ,	 x ,	 y ,	r_stem,	h_stem,	r_crown,	r_root,	k_geo
1704110400.0,	48.12776082739176,	12.93840536172534,	0.015,	0.05,	0.2,	0.2,	400
