time ,	 x ,	 y ,	r_stem,	h_stem,	r_crown,	r_root,	k_geo
2445714000.0,	94.51768381953318,	3.791709319951822,	0.015,	0.05,	0.2,	0.2,	400
