time ,	 x ,	 y ,	r_stem,	h_stem,	r_crown,	r_root,	k_geo
2824405200.0,	18.08370641255792,	6.897106413722257,	0.015,	0.05,	0.2,	0.2,	400
