time ,	 x ,	 y ,	r_stem,	h_stem,	r_crown,	r_root,	k_geo
631152000.0,	81.73367176334672,	6.311359223818193,	0.015,	0.05,	0.2,	0.2,	400
