time ,	 x ,	 y ,	r_stem,	h_stem,	r_crown,	r_root,	k_geo
2855962800.0,	52.63954920650844,	2.7859879720772285,	0.015,	0.05,	0.2,	0.2,	400
