time ,	 x ,	 y ,	r_stem,	h_stem,	r_crown,	r_root,	k_geo
646930800.0,	26.044204362728152,	4.803123139479835,	0.015,	0.05,	0.2,	0.2,	400
