time ,	 x ,	 y ,	r_stem,	h_stem,	r_crown,	r_root,	k_geo
962506800.0,	94.59906860186187,	9.880180580363831,	0.015,	0.05,	0.2,	0.2,	400
