time ,	 x ,	 y ,	r_stem,	h_stem,	r_crown,	r_root,	k_geo
4055151600.0,	73.49209460785036,	2.9138272075353604,	0.015,	0.05,	0.2,	0.2,	400
