time ,	 x ,	 y ,	r_stem,	h_stem,	r_crown,	r_root,	k_geo
4591630800.0,	1.861212950417357,	1.015046275449114,	0.015,	0.05,	0.2,	0.2,	400
