time ,	 x ,	 y ,	r_stem,	h_stem,	r_crown,	r_root,	k_geo
3771133200.0,	46.86902418788548,	10.631911620435261,	0.015,	0.05,	0.2,	0.2,	400
