time ,	 x ,	 y ,	r_stem,	h_stem,	r_crown,	r_root,	k_geo
2666617200.0,	54.250787980476886,	10.299014590040171,	0.015,	0.05,	0.2,	0.2,	400
