time ,	 x ,	 y ,	r_stem,	h_stem,	r_crown,	r_root,	k_geo
3250432800.0,	73.94694629931747,	6.638273011587552,	0.015,	0.05,	0.2,	0.2,	400
