time ,	 x ,	 y ,	r_stem,	h_stem,	r_crown,	r_root,	k_geo
1435870800.0,	23.00954257336638,	6.894706595276433,	0.015,	0.05,	0.2,	0.2,	400
