time ,	 x ,	 y ,	r_stem,	h_stem,	r_crown,	r_root,	k_geo
1546322400.0,	21.38048820156491,	14.947968391096602,	0.015,	0.05,	0.2,	0.2,	400
1562101200.0,	21.38048820156491,	14.947968391096602,	0.015000063216582114,	0.05001985029991169,	0.20001284348780787,	0.20032038924243445,	400
