time ,	 x ,	 y ,	r_stem,	h_stem,	r_crown,	r_root,	k_geo
2287926000.0,	55.779225524032405,	9.756833985581991,	0.015,	0.05,	0.2,	0.2,	400
2303704800.0,	55.779225524032405,	9.756833985581991,	0.015002059645397817,	0.05138689944020294,	0.2111736216952449,	0.21043827930820377,	400
2319483600.0,	55.779225524032405,	9.756833985581991,	0.01500458878148598,	0.05301642620526689,	0.2234671404269854,	0.22243828339192476,	400
