time ,	 x ,	 y ,	r_stem,	h_stem,	r_crown,	r_root,	k_geo
410248800.0,	56.31163893581835,	3.319328127309058,	0.015,	0.05,	0.2,	0.2,	400
