time ,	 x ,	 y ,	r_stem,	h_stem,	r_crown,	r_root,	k_geo
3518672400.0,	31.58058902451968,	7.045751063704946,	0.015,	0.05,	0.2,	0.2,	400
