time ,	 x ,	 y ,	r_stem,	h_stem,	r_crown,	r_root,	k_geo
4528515600.0,	85.70488783519076,	10.07457043042688,	0.015,	0.05,	0.2,	0.2,	400
