time ,	 x ,	 y ,	r_stem,	h_stem,	r_crown,	r_root,	k_geo
3755354400.0,	78.08924436409961,	8.77419424536355,	0.015,	0.05,	0.2,	0.2,	400
