time ,	 x ,	 y ,	r_stem,	h_stem,	r_crown,	r_root,	k_geo
1151852400.0,	83.48500538847412,	13.631986204057322,	0.015,	0.05,	0.2,	0.2,	400
