time ,	 x ,	 y ,	r_stem,	h_stem,	r_crown,	r_root,	k_geo
1088737200.0,	65.82209181510204,	12.245572488562537,	0.015,	0.05,	0.2,	0.2,	400
