time ,	 x ,	 y ,	r_stem,	h_stem,	r_crown,	r_root,	k_geo
3518672400.0,	88.48307104804668,	0.9972352719370242,	0.015,	0.05,	0.2,	0.2,	400
