time ,	 x ,	 y ,	r_stem,	h_stem,	r_crown,	r_root,	k_geo
457585200.0,	82.27433112590367,	8.54768869247454,	0.015,	0.05,	0.2,	0.2,	400
