time ,	 x ,	 y ,	r_stem,	h_stem,	r_crown,	r_root,	k_geo
3786912000.0,	28.336719430307188,	10.696809842710747,	0.015,	0.05,	0.2,	0.2,	400
