time ,	 x ,	 y ,	r_stem,	h_stem,	r_crown,	r_root,	k_geo
1940792400.0,	47.41595107801185,	11.234244370877667,	0.015,	0.05,	0.2,	0.2,	400
