time ,	 x ,	 y ,	r_stem,	h_stem,	r_crown,	r_root,	k_geo
2808626400.0,	70.863082812764,	9.957715909176377,	0.015,	0.05,	0.2,	0.2,	400
