time ,	 x ,	 y ,	r_stem,	h_stem,	r_crown,	r_root,	k_geo
2256368400.0,	41.95676514970154,	14.155959605879223,	0.015,	0.05,	0.2,	0.2,	400
2272147200.0,	41.95676514970154,	14.155959605879223,	0.015001862011163172,	0.050695180382131916,	0.20198557466766626,	0.2094366918422108,	400
2287926000.0,	41.95676514970154,	14.155959605879223,	0.015004434756997212,	0.05165995599068884,	0.20537482284463157,	0.22155214584648533,	400
2303704800.0,	41.95676514970154,	14.155959605879223,	0.015007558455273247,	0.05281034690040289,	0.2100393064723458,	0.2349210750142026,	400
2319483600.0,	41.95676514970154,	14.155959605879223,	0.015011624707259556,	0.05430837233841948,	0.21727918001915447,	0.25053371057501306,	400
2335262400.0,	41.95676514970154,	14.155959605879223,	0.015013608427013781,	0.05538879421812052,	0.22651825930563255,	0.25720938057160775,	400
