time ,	 x ,	 y ,	r_stem,	h_stem,	r_crown,	r_root,	k_geo
1562101200.0,	87.38349206888675,	5.5256606908360935,	0.015,	0.05,	0.2,	0.2,	400
