time ,	 x ,	 y ,	r_stem,	h_stem,	r_crown,	r_root,	k_geo
299797200.0,	92.25017684338044,	12.905771616524314,	0.015,	0.05,	0.2,	0.2,	400
