time ,	 x ,	 y ,	r_stem,	h_stem,	r_crown,	r_root,	k_geo
3834248400.0,	49.84197836737108,	2.1477798269724886,	0.015,	0.05,	0.2,	0.2,	400
