time ,	 x ,	 y ,	r_stem,	h_stem,	r_crown,	r_root,	k_geo
1435870800.0,	85.65833109893639,	3.696640223015723,	0.015,	0.05,	0.2,	0.2,	400
