time ,	 x ,	 y ,	r_stem,	h_stem,	r_crown,	r_root,	k_geo
1956571200.0,	36.89309701718126,	7.489494787895951,	0.015,	0.05,	0.2,	0.2,	400
