time ,	 x ,	 y ,	r_stem,	h_stem,	r_crown,	r_root,	k_geo
1009843200.0,	22.111166342101775,	0.2827595613907613,	0.015,	0.05,	0.2,	0.2,	400
1025622000.0,	22.111166342101775,	0.2827595613907613,	0.0150002699271432,	0.05008492489037122,	0.20005729234256525,	0.2013680198209161,	400
1041400800.0,	22.111166342101775,	0.2827595613907613,	0.015000388726086672,	0.050121968394249074,	0.200081912235265,	0.2019635242869163,	400
