time ,	 x ,	 y ,	r_stem,	h_stem,	r_crown,	r_root,	k_geo
1262304000.0,	84.71268549706095,	1.1651235543125975,	0.015,	0.05,	0.2,	0.2,	400
1278082800.0,	84.71268549706095,	1.1651235543125975,	0.015000485373955808,	0.05138719056021629,	0.2180340804352681,	0.20245992107001368,	400
1293861600.0,	84.71268549706095,	1.1651235543125975,	0.015001499825472985,	0.053472775303280866,	0.24108892222118594,	0.20766945328043296,	400
1309640400.0,	84.71268549706095,	1.1651235543125975,	0.015001577035419005,	0.053817477179379625,	0.24480207055405254,	0.2080625146125331,	400
