time ,	 x ,	 y ,	r_stem,	h_stem,	r_crown,	r_root,	k_geo
2919078000.0,	63.95485956839493,	10.751262174530373,	0.015,	0.05,	0.2,	0.2,	400
