time ,	 x ,	 y ,	r_stem,	h_stem,	r_crown,	r_root,	k_geo
3281990400.0,	35.54412209083038,	1.5753620599085572,	0.015,	0.05,	0.2,	0.2,	400
