time ,	 x ,	 y ,	r_stem,	h_stem,	r_crown,	r_root,	k_geo
2240589600.0,	62.71878311004421,	3.0900597263285254,	0.015,	0.05,	0.2,	0.2,	400
