time ,	 x ,	 y ,	r_stem,	h_stem,	r_crown,	r_root,	k_geo
2082801600.0,	75.87849470588387,	14.25164123584286,	0.015,	0.05,	0.2,	0.2,	400
