time ,	 x ,	 y ,	r_stem,	h_stem,	r_crown,	r_root,	k_geo
4591630800.0,	36.86029777045464,	5.572309331947857,	0.015,	0.05,	0.2,	0.2,	400
