time ,	 x ,	 y ,	r_stem,	h_stem,	r_crown,	r_root,	k_geo
4070930400.0,	40.325896622366976,	0.7260946185137773,	0.015,	0.05,	0.2,	0.2,	400
