time ,	 x ,	 y ,	r_stem,	h_stem,	r_crown,	r_root,	k_geo
2919078000.0,	1.6068655713785684,	6.926614831856071,	0.015,	0.05,	0.2,	0.2,	400
