time ,	 x ,	 y ,	r_stem,	h_stem,	r_crown,	r_root,	k_geo
1025622000.0,	69.75867214426043,	4.348534343382079,	0.015,	0.05,	0.2,	0.2,	400
