time ,	 x ,	 y ,	r_stem,	h_stem,	r_crown,	r_root,	k_geo
3076866000.0,	0.9510375026451245,	1.333716078952114,	0.015,	0.05,	0.2,	0.2,	400
