time ,	 x ,	 y ,	r_stem,	h_stem,	r_crown,	r_root,	k_geo
4134045600.0,	90.0803990038099,	12.22120246339596,	0.015,	0.05,	0.2,	0.2,	400
