time ,	 x ,	 y ,	r_stem,	h_stem,	r_crown,	r_root,	k_geo
4276054800.0,	64.48666709751409,	5.934546390898387,	0.015,	0.05,	0.2,	0.2,	400
