time ,	 x ,	 y ,	r_stem,	h_stem,	r_crown,	r_root,	k_geo
4512736800.0,	48.76874819820547,	7.203126784149107,	0.015,	0.05,	0.2,	0.2,	400
