time ,	 x ,	 y ,	r_stem,	h_stem,	r_crown,	r_root,	k_geo
1988128800.0,	42.63618737211924,	11.720723542545539,	0.015,	0.05,	0.2,	0.2,	400
