time ,	 x ,	 y ,	r_stem,	h_stem,	r_crown,	r_root,	k_geo
4291833600.0,	69.11845377519927,	14.114156877808771,	0.015,	0.05,	0.2,	0.2,	400
