time ,	 x ,	 y ,	r_stem,	h_stem,	r_crown,	r_root,	k_geo
378691200.0,	13.64362084853762,	14.811044218246005,	0.015,	0.05,	0.2,	0.2,	400
