time ,	 x ,	 y ,	r_stem,	h_stem,	r_crown,	r_root,	k_geo
1530543600.0,	94.09061715993853,	14.655698490020711,	0.015,	0.05,	0.2,	0.2,	400
