time ,	 x ,	 y ,	r_stem,	h_stem,	r_crown,	r_root,	k_geo
1514764800.0,	20.318395081612582,	11.884519951213022,	0.015,	0.05,	0.2,	0.2,	400
