time ,	 x ,	 y ,	r_stem,	h_stem,	r_crown,	r_root,	k_geo
1214967600.0,	18.458144457223558,	11.669087795107975,	0.015,	0.05,	0.2,	0.2,	400
