time ,	 x ,	 y ,	r_stem,	h_stem,	r_crown,	r_root,	k_geo
1640995200.0,	91.93712061395331,	4.61242445542,	0.015,	0.05,	0.2,	0.2,	400
