time ,	 x ,	 y ,	r_stem,	h_stem,	r_crown,	r_root,	k_geo
1483207200.0,	19.458536694628247,	6.889060203437068,	0.015,	0.05,	0.2,	0.2,	400
