time ,	 x ,	 y ,	r_stem,	h_stem,	r_crown,	r_root,	k_geo
2840184000.0,	0.8425332164668564,	1.9707987643972298,	0.015,	0.05,	0.2,	0.2,	400
