time ,	 x ,	 y ,	r_stem,	h_stem,	r_crown,	r_root,	k_geo
504921600.0,	86.1433814252534,	11.518555001462493,	0.015,	0.05,	0.2,	0.2,	400
