time ,	 x ,	 y ,	r_stem,	h_stem,	r_crown,	r_root,	k_geo
1104516000.0,	17.788807015167652,	9.932715973847968,	0.015,	0.05,	0.2,	0.2,	400
