time ,	 x ,	 y ,	r_stem,	h_stem,	r_crown,	r_root,	k_geo
142009200.0,	99.7364409368262,	2.038234593533245,	0.015,	0.05,	0.2,	0.2,	400
