time ,	 x ,	 y ,	r_stem,	h_stem,	r_crown,	r_root,	k_geo
978285600.0,	42.53285603051785,	1.8668544493912438,	0.015,	0.05,	0.2,	0.2,	400
994064400.0,	42.53285603051785,	1.8668544493912438,	0.015003105610632074,	0.05101268725725387,	0.2011816475516712,	0.215739030751074,	400
1009843200.0,	42.53285603051785,	1.8668544493912438,	0.015005022165651107,	0.052152024255129284,	0.2104167752968053,	0.22429365256298744,	400
