time ,	 x ,	 y ,	r_stem,	h_stem,	r_crown,	r_root,	k_geo
4496958000.0,	32.212653884905286,	8.37605836475984,	0.015,	0.05,	0.2,	0.2,	400
