time ,	 x ,	 y ,	r_stem,	h_stem,	r_crown,	r_root,	k_geo
1372755600.0,	3.0863913754874295,	11.804277363407788,	0.015,	0.05,	0.2,	0.2,	400
