time ,	 x ,	 y ,	r_stem,	h_stem,	r_crown,	r_root,	k_geo
2777068800.0,	7.600953849762259,	7.055085283186728,	0.015,	0.05,	0.2,	0.2,	400
