time ,	 x ,	 y ,	r_stem,	h_stem,	r_crown,	r_root,	k_geo
2571944400.0,	63.141072811998875,	9.78936086294238,	0.015,	0.05,	0.2,	0.2,	400
