time ,	 x ,	 y ,	r_stem,	h_stem,	r_crown,	r_root,	k_geo
978285600.0,	70.32610367442183,	12.675257199292023,	0.015,	0.05,	0.2,	0.2,	400
