time ,	 x ,	 y ,	r_stem,	h_stem,	r_crown,	r_root,	k_geo
1151852400.0,	13.764767710463277,	1.282382024211517,	0.015,	0.05,	0.2,	0.2,	400
