time ,	 x ,	 y ,	r_stem,	h_stem,	r_crown,	r_root,	k_geo
3976257600.0,	0.5920003568585908,	6.25604691004816,	0.015,	0.05,	0.2,	0.2,	400
