time ,	 x ,	 y ,	r_stem,	h_stem,	r_crown,	r_root,	k_geo
3423999600.0,	15.204574769500445,	6.522581926032849,	0.015,	0.05,	0.2,	0.2,	400
