time ,	 x ,	 y ,	r_stem,	h_stem,	r_crown,	r_root,	k_geo
4007815200.0,	81.31737021899703,	13.136485407492385,	0.015,	0.05,	0.2,	0.2,	400
