time ,	 x ,	 y ,	r_stem,	h_stem,	r_crown,	r_root,	k_geo
757382400.0,	89.72454404152543,	9.9992545678839,	0.015,	0.05,	0.2,	0.2,	400
