time ,	 x ,	 y ,	r_stem,	h_stem,	r_crown,	r_root,	k_geo
1404313200.0,	2.050993895731046,	1.1567128470723516,	0.015,	0.05,	0.2,	0.2,	400
