time ,	 x ,	 y ,	r_stem,	h_stem,	r_crown,	r_root,	k_geo
4307612400.0,	21.871292379386055,	11.867738044248075,	0.015,	0.05,	0.2,	0.2,	400
