time ,	 x ,	 y ,	r_stem,	h_stem,	r_crown,	r_root,	k_geo
946728000.0,	72.29542384468598,	3.5085060815500935,	0.015,	0.05,	0.2,	0.2,	400
