time ,	 x ,	 y ,	r_stem,	h_stem,	r_crown,	r_root,	k_geo
4228718400.0,	63.67410917139866,	4.097843022506398,	0.015,	0.05,	0.2,	0.2,	400
