time ,	 x ,	 y ,	r_stem,	h_stem,	r_crown,	r_root,	k_geo
4134045600.0,	84.7654996966731,	1.7765316714541302,	0.015,	0.05,	0.2,	0.2,	400
