time ,	 x ,	 y ,	r_stem,	h_stem,	r_crown,	r_root,	k_geo
1199188800.0,	96.74118593819657,	11.744197147401358,	0.015,	0.05,	0.2,	0.2,	400
