time ,	 x ,	 y ,	r_stem,	h_stem,	r_crown,	r_root,	k_geo
4086709200.0,	50.37499442146339,	13.243558536513182,	0.015,	0.05,	0.2,	0.2,	400
