time ,	 x ,	 y ,	r_stem,	h_stem,	r_crown,	r_root,	k_geo
205124400.0,	49.56029011081736,	7.6616095388313825,	0.015,	0.05,	0.2,	0.2,	400
