time ,	 x ,	 y ,	r_stem,	h_stem,	r_crown,	r_root,	k_geo
615373200.0,	87.29910575953058,	1.5557572377321804,	0.015,	0.05,	0.2,	0.2,	400
