time ,	 x ,	 y ,	r_stem,	h_stem,	r_crown,	r_root,	k_geo
4023594000.0,	26.170274911361624,	2.0248294395308717,	0.015,	0.05,	0.2,	0.2,	400
