time ,	 x ,	 y ,	r_stem,	h_stem,	r_crown,	r_root,	k_geo
3881584800.0,	80.66880432708491,	1.3377183857639037,	0.015,	0.05,	0.2,	0.2,	400
