time ,	 x ,	 y ,	r_stem,	h_stem,	r_crown,	r_root,	k_geo
1514764800.0,	67.30026382956036,	2.7703943315186996,	0.015,	0.05,	0.2,	0.2,	400
