time ,	 x ,	 y ,	r_stem,	h_stem,	r_crown,	r_root,	k_geo
1767225600.0,	59.62982796503377,	0.8633294681483233,	0.015,	0.05,	0.2,	0.2,	400
