time ,	 x ,	 y ,	r_stem,	h_stem,	r_crown,	r_root,	k_geo
599594400.0,	1.8330690427130647,	8.187356602645524,	0.015,	0.05,	0.2,	0.2,	400
615373200.0,	1.8330690427130647,	8.187356602645524,	0.015003458401756502,	0.051134378271068405,	0.20141328509388398,	0.21752687842431423,	400
631152000.0,	1.8330690427130647,	8.187356602645524,	0.015008738722110417,	0.05276680693819095,	0.20451879146143556,	0.24075570394526502,	400
646930800.0,	1.8330690427130647,	8.187356602645524,	0.01501654628952317,	0.05501703024327635,	0.21120793933287046,	0.26905509172237585,	400
662709600.0,	1.8330690427130647,	8.187356602645524,	0.015027808670960539,	0.057987091768259266,	0.22389594809132646,	0.30086428172991153,	400
