time ,	 x ,	 y ,	r_stem,	h_stem,	r_crown,	r_root,	k_geo
3723796800.0,	85.08095877177205,	10.465926918303037,	0.015,	0.05,	0.2,	0.2,	400
