time ,	 x ,	 y ,	r_stem,	h_stem,	r_crown,	r_root,	k_geo
1909234800.0,	6.966311456026064,	3.912553504775925,	0.015,	0.05,	0.2,	0.2,	400
1925013600.0,	6.966311456026064,	3.912553504775925,	0.01500125222755297,	0.050593668975601386,	0.20316729985372514,	0.20634634886735248,	400
