time ,	 x ,	 y ,	r_stem,	h_stem,	r_crown,	r_root,	k_geo
2303704800.0,	63.93737199333053,	2.837537214746788,	0.015,	0.05,	0.2,	0.2,	400
