time ,	 x ,	 y ,	r_stem,	h_stem,	r_crown,	r_root,	k_geo
615373200.0,	56.53522872889296,	0.9593891439418945,	0.015,	0.05,	0.2,	0.2,	400
