time ,	 x ,	 y ,	r_stem,	h_stem,	r_crown,	r_root,	k_geo
4528515600.0,	77.855189124946,	13.480275865156887,	0.015,	0.05,	0.2,	0.2,	400
