time ,	 x ,	 y ,	r_stem,	h_stem,	r_crown,	r_root,	k_geo
4339170000.0,	70.96822190870094,	8.458769593674702,	0.015,	0.05,	0.2,	0.2,	400
