time ,	 x ,	 y ,	r_stem,	h_stem,	r_crown,	r_root,	k_geo
2145916800.0,	87.99640668862213,	8.515413446252657,	0.015,	0.05,	0.2,	0.2,	400
2161695600.0,	87.99640668862213,	8.515413446252657,	0.01501059578031565,	0.05663749975860498,	0.2503541166019275,	0.2536938669317947,	400
