time ,	 x ,	 y ,	r_stem,	h_stem,	r_crown,	r_root,	k_geo
2272147200.0,	10.231979018803216,	5.994415998457531,	0.015,	0.05,	0.2,	0.2,	400
