time ,	 x ,	 y ,	r_stem,	h_stem,	r_crown,	r_root,	k_geo
1514764800.0,	19.96652167793368,	3.7210101850648596,	0.015,	0.05,	0.2,	0.2,	400
