time ,	 x ,	 y ,	r_stem,	h_stem,	r_crown,	r_root,	k_geo
1057179600.0,	53.18649421021235,	1.524162358069967,	0.015,	0.05,	0.2,	0.2,	400
