time ,	 x ,	 y ,	r_stem,	h_stem,	r_crown,	r_root,	k_geo
3502893600.0,	82.80022919029545,	4.09668444064157,	0.015,	0.05,	0.2,	0.2,	400
