time ,	 x ,	 y ,	r_stem,	h_stem,	r_crown,	r_root,	k_geo
3187317600.0,	87.78646333316838,	0.15966628479219813,	0.015,	0.05,	0.2,	0.2,	400
