time ,	 x ,	 y ,	r_stem,	h_stem,	r_crown,	r_root,	k_geo
3124202400.0,	84.41034485208475,	4.2797254288378035,	0.015,	0.05,	0.2,	0.2,	400
