time ,	 x ,	 y ,	r_stem,	h_stem,	r_crown,	r_root,	k_geo
2335262400.0,	92.6279115029327,	13.194253740254334,	0.015,	0.05,	0.2,	0.2,	400
