time ,	 x ,	 y ,	r_stem,	h_stem,	r_crown,	r_root,	k_geo
4496958000.0,	69.48484677515471,	14.271660528107333,	0.015,	0.05,	0.2,	0.2,	400
