time ,	 x ,	 y ,	r_stem,	h_stem,	r_crown,	r_root,	k_geo
3739575600.0,	77.37343294369064,	12.45350022386548,	0.015,	0.05,	0.2,	0.2,	400
3755354400.0,	77.37343294369064,	12.45350022386548,	0.015000698966835837,	0.05138715105646808,	0.217103234931371,	0.2035424208432664,	400
3771133200.0,	77.37343294369064,	12.45350022386548,	0.015001956900513876,	0.053408931306576334,	0.23853643398667773,	0.20993305218232178,	400
