time ,	 x ,	 y ,	r_stem,	h_stem,	r_crown,	r_root,	k_geo
3013750800.0,	46.20236606466756,	3.38597265743418,	0.015,	0.05,	0.2,	0.2,	400
3029529600.0,	46.20236606466756,	3.38597265743418,	0.015003948797810217,	0.05130673715361238,	0.20178207703525047,	0.220012044476603,	400
3045308400.0,	46.20236606466756,	3.38597265743418,	0.015005557938837281,	0.05238941979499288,	0.21165471860132848,	0.22694978039860841,	400
3061087200.0,	46.20236606466756,	3.38597265743418,	0.015007572049370744,	0.05371396618689139,	0.22307154367212562,	0.2352552838481996,	400
3076866000.0,	46.20236606466756,	3.38597265743418,	0.015010382350786049,	0.05533473394236099,	0.23528677472070939,	0.24617688043534205,	400
3092644800.0,	46.20236606466756,	3.38597265743418,	0.015014125138930598,	0.0572534790845702,	0.24821467473539446,	0.2594854194430484,	400
