time ,	 x ,	 y ,	r_stem,	h_stem,	r_crown,	r_root,	k_geo
3913142400.0,	53.7226749117798,	6.9575051357600834,	0.015,	0.05,	0.2,	0.2,	400
