time ,	 x ,	 y ,	r_stem,	h_stem,	r_crown,	r_root,	k_geo
3203096400.0,	60.09689482703428,	3.9387845337797533,	0.015,	0.05,	0.2,	0.2,	400
