time ,	 x ,	 y ,	r_stem,	h_stem,	r_crown,	r_root,	k_geo
1925013600.0,	87.63823141081765,	11.640802269585173,	0.015,	0.05,	0.2,	0.2,	400
