time ,	 x ,	 y ,	r_stem,	h_stem,	r_crown,	r_root,	k_geo
3613345200.0,	93.16955030373887,	4.199360913540053,	0.015,	0.05,	0.2,	0.2,	400
