time ,	 x ,	 y ,	r_stem,	h_stem,	r_crown,	r_root,	k_geo
362912400.0,	39.307519882334795,	13.12024879012229,	0.015,	0.05,	0.2,	0.2,	400
