time ,	 x ,	 y ,	r_stem,	h_stem,	r_crown,	r_root,	k_geo
3471336000.0,	78.34417502661924,	6.602824050520028,	0.015,	0.05,	0.2,	0.2,	400
