time ,	 x ,	 y ,	r_stem,	h_stem,	r_crown,	r_root,	k_geo
3944700000.0,	31.31330756137607,	4.976506140691572,	0.015,	0.05,	0.2,	0.2,	400
