time ,	 x ,	 y ,	r_stem,	h_stem,	r_crown,	r_root,	k_geo
1214967600.0,	86.82916231509354,	0.4563031322961142,	0.015,	0.05,	0.2,	0.2,	400
