time ,	 x ,	 y ,	r_stem,	h_stem,	r_crown,	r_root,	k_geo
2698174800.0,	71.7339748435977,	11.976019220819856,	0.015,	0.05,	0.2,	0.2,	400
