time ,	 x ,	 y ,	r_stem,	h_stem,	r_crown,	r_root,	k_geo
4149824400.0,	71.22067303076183,	7.271740232309001,	0.015,	0.05,	0.2,	0.2,	400
