time ,	 x ,	 y ,	r_stem,	h_stem,	r_crown,	r_root,	k_geo
2272147200.0,	45.209922107540926,	12.090555924884326,	0.015,	0.05,	0.2,	0.2,	400
2287926000.0,	45.209922107540926,	12.090555924884326,	0.0150033261855151,	0.05108855943515602,	0.20132336813692178,	0.21685684492788365,	400
2303704800.0,	45.209922107540926,	12.090555924884326,	0.01500803711920076,	0.052531835688342514,	0.20381582998323644,	0.23769393193364127,	400
2319483600.0,	45.209922107540926,	12.090555924884326,	0.015015469641071593,	0.05469138986463594,	0.20991938952611436,	0.26533761246169385,	400
2335262400.0,	45.209922107540926,	12.090555924884326,	0.015016097673500055,	0.05522487880096756,	0.21640915137576675,	0.2671724306203558,	400
2351041200.0,	45.209922107540926,	12.090555924884326,	0.015017046656994177,	0.0559503091755711,	0.22460844845876776,	0.2699083840270752,	400
2366820000.0,	45.209922107540926,	12.090555924884326,	0.015018545136975498,	0.05692625943923178,	0.2345065335363758,	0.2741345714429769,	400
2382598800.0,	45.209922107540926,	12.090555924884326,	0.0150207162415246,	0.05820853374834291,	0.2463730860603137,	0.28003160503686353,	400
2398377600.0,	45.209922107540926,	12.090555924884326,	0.015024082007109274,	0.05987053151040253,	0.2596888875870215,	0.28866729854305806,	400
