time ,	 x ,	 y ,	r_stem,	h_stem,	r_crown,	r_root,	k_geo
220903200.0,	71.00663235558856,	0.9234875864804759,	0.015,	0.05,	0.2,	0.2,	400
