time ,	 x ,	 y ,	r_stem,	h_stem,	r_crown,	r_root,	k_geo
4496958000.0,	67.02521902664533,	3.9827227390351503,	0.015,	0.05,	0.2,	0.2,	400
