time ,	 x ,	 y ,	r_stem,	h_stem,	r_crown,	r_root,	k_geo
615373200.0,	76.83804676795263,	5.463090327608672,	0.015,	0.05,	0.2,	0.2,	400
