time ,	 x ,	 y ,	r_stem,	h_stem,	r_crown,	r_root,	k_geo
2824405200.0,	80.4275879906534,	3.1274202982945765,	0.015,	0.05,	0.2,	0.2,	400
