time ,	 x ,	 y ,	r_stem,	h_stem,	r_crown,	r_root,	k_geo
1783004400.0,	9.636800180112438,	5.451037611169963,	0.015,	0.05,	0.2,	0.2,	400
1798783200.0,	9.636800180112438,	5.451037611169963,	0.015001301077209083,	0.05041385738521157,	0.20034248513559802,	0.20659391736602684,	400
1814562000.0,	9.636800180112438,	5.451037611169963,	0.015003254506179547,	0.051018119185235244,	0.20094492392917784,	0.2159822290835405,	400
