time ,	 x ,	 y ,	r_stem,	h_stem,	r_crown,	r_root,	k_geo
804718800.0,	2.061203080947982,	6.516496829915962,	0.015,	0.05,	0.2,	0.2,	400
