time ,	 x ,	 y ,	r_stem,	h_stem,	r_crown,	r_root,	k_geo
3865806000.0,	13.236194755110875,	11.235715859187227,	0.015,	0.05,	0.2,	0.2,	400
