time ,	 x ,	 y ,	r_stem,	h_stem,	r_crown,	r_root,	k_geo
1483207200.0,	9.653197773543853,	13.614192007992305,	0.015,	0.05,	0.2,	0.2,	400
