time ,	 x ,	 y ,	r_stem,	h_stem,	r_crown,	r_root,	k_geo
3266211600.0,	27.457888034651567,	0.9541736833647435,	0.015,	0.05,	0.2,	0.2,	400
