time ,	 x ,	 y ,	r_stem,	h_stem,	r_crown,	r_root,	k_geo
1640995200.0,	76.67663836604648,	10.442227798529684,	0.015,	0.05,	0.2,	0.2,	400
