time ,	 x ,	 y ,	r_stem,	h_stem,	r_crown,	r_root,	k_geo
3061087200.0,	61.73949179518162,	8.719579162155416,	0.015,	0.05,	0.2,	0.2,	400
