time ,	 x ,	 y ,	r_stem,	h_stem,	r_crown,	r_root,	k_geo
3345105600.0,	78.51204873464567,	7.950497148785931,	0.015,	0.05,	0.2,	0.2,	400
