time ,	 x ,	 y ,	r_stem,	h_stem,	r_crown,	r_root,	k_geo
4007815200.0,	81.18818341791683,	4.342215293407503,	0.015,	0.05,	0.2,	0.2,	400
