time ,	 x ,	 y ,	r_stem,	h_stem,	r_crown,	r_root,	k_geo
3345105600.0,	42.76430372758173,	5.897935067009655,	0.015,	0.05,	0.2,	0.2,	400
