time ,	 x ,	 y ,	r_stem,	h_stem,	r_crown,	r_root,	k_geo
2319483600.0,	51.86111442796343,	3.8794625035405232,	0.015,	0.05,	0.2,	0.2,	400
