time ,	 x ,	 y ,	r_stem,	h_stem,	r_crown,	r_root,	k_geo
2966414400.0,	83.48981314017047,	14.117397319534021,	0.015,	0.05,	0.2,	0.2,	400
