time ,	 x ,	 y ,	r_stem,	h_stem,	r_crown,	r_root,	k_geo
205124400.0,	8.735337958008627,	13.89823784507327,	0.015,	0.05,	0.2,	0.2,	400
