time ,	 x ,	 y ,	r_stem,	h_stem,	r_crown,	r_root,	k_geo
157788000.0,	59.717164613351024,	7.2294213735677015,	0.015,	0.05,	0.2,	0.2,	400
