time ,	 x ,	 y ,	r_stem,	h_stem,	r_crown,	r_root,	k_geo
1672552800.0,	83.45750974191503,	10.899373122190333,	0.015,	0.05,	0.2,	0.2,	400
