time ,	 x ,	 y ,	r_stem,	h_stem,	r_crown,	r_root,	k_geo
2997972000.0,	90.0096713615677,	5.607695028371809,	0.015,	0.05,	0.2,	0.2,	400
