time ,	 x ,	 y ,	r_stem,	h_stem,	r_crown,	r_root,	k_geo
3613345200.0,	50.00673068608447,	1.238670449150957,	0.015,	0.05,	0.2,	0.2,	400
