time ,	 x ,	 y ,	r_stem,	h_stem,	r_crown,	r_root,	k_geo
1514764800.0,	79.20983545915261,	3.2722558719881336,	0.015,	0.05,	0.2,	0.2,	400
