time ,	 x ,	 y ,	r_stem,	h_stem,	r_crown,	r_root,	k_geo
3360884400.0,	96.36294578657403,	10.383878602471398,	0.015,	0.05,	0.2,	0.2,	400
3376663200.0,	96.36294578657403,	10.383878602471398,	0.0150079346598479,	0.05663985381368716,	0.2619514388542645,	0.24020999270571802,	400
3392442000.0,	96.36294578657403,	10.383878602471398,	0.015030854651755337,	0.0687984446996805,	0.32660023428551244,	0.32818578775685775,	400
3408220800.0,	96.36294578657403,	10.383878602471398,	0.015033790106351553,	0.07361955001520559,	0.3699480265902421,	0.33235433303848144,	400
3423999600.0,	96.36294578657403,	10.383878602471398,	0.015034438241269448,	0.07520991252816,	0.38248840915074106,	0.33318229980187314,	400
3439778400.0,	96.36294578657403,	10.383878602471398,	0.015035468563838503,	0.07728364897201051,	0.3979678019695359,	0.3344626663954169,	400
3455557200.0,	96.36294578657403,	10.383878602471398,	0.01504409998974429,	0.08426891839788216,	0.4427582256639347,	0.3447837290088919,	400
3471336000.0,	96.36294578657403,	10.383878602471398,	0.01504547191782655,	0.086073973019339,	0.4538082005092293,	0.3461129321156496,	400
