time ,	 x ,	 y ,	r_stem,	h_stem,	r_crown,	r_root,	k_geo
1341198000.0,	39.03620715809603,	11.309439334116535,	0.015,	0.05,	0.2,	0.2,	400
