time ,	 x ,	 y ,	r_stem,	h_stem,	r_crown,	r_root,	k_geo
489142800.0,	78.79534360165073,	7.53177709672516,	0.015,	0.05,	0.2,	0.2,	400
