time ,	 x ,	 y ,	r_stem,	h_stem,	r_crown,	r_root,	k_geo
3960478800.0,	2.4432042490665995,	1.4857282223722434,	0.015,	0.05,	0.2,	0.2,	400
3976257600.0,	2.4432042490665995,	1.4857282223722434,	0.015003484441237724,	0.051143433244057006,	0.2014314488732542,	0.21765883869754454,	400
3992036400.0,	2.4432042490665995,	1.4857282223722434,	0.015008798101964541,	0.05278624576403589,	0.20457541646527064,	0.24100931283281266,	400
4007815200.0,	2.4432042490665995,	1.4857282223722434,	0.015016737774372457,	0.055080966992179785,	0.21152585400061347,	0.2697257520850599,	400
4023594000.0,	2.4432042490665995,	1.4857282223722434,	0.015028147727632942,	0.058088352823515536,	0.22449823266678598,	0.3017561566986682,	400
4039372800.0,	2.4432042490665995,	1.4857282223722434,	0.015044828093230557,	0.061837819167429926,	0.24354939857428243,	0.3361044159266121,	400
4055151600.0,	2.4432042490665995,	1.4857282223722434,	0.015071002763441553,	0.06635621168984326,	0.2666252809883249,	0.3731255897853288,	400
4070930400.0,	2.4432042490665995,	1.4857282223722434,	0.015083642336639419,	0.06932676292702936,	0.2941780494882532,	0.38444236210582583,	400
4086709200.0,	2.4432042490665995,	1.4857282223722434,	0.015114079540034771,	0.07390245232923133,	0.32461219406845343,	0.40704799418877086,	400
