time ,	 x ,	 y ,	r_stem,	h_stem,	r_crown,	r_root,	k_geo
1861898400.0,	85.76036253640369,	6.0899767341048285,	0.015,	0.05,	0.2,	0.2,	400
