time ,	 x ,	 y ,	r_stem,	h_stem,	r_crown,	r_root,	k_geo
2745511200.0,	78.12167454158694,	5.212737138340905,	0.015,	0.05,	0.2,	0.2,	400
