time ,	 x ,	 y ,	r_stem,	h_stem,	r_crown,	r_root,	k_geo
994064400.0,	95.31687963816971,	5.110518591225086,	0.015,	0.05,	0.2,	0.2,	400
