time ,	 x ,	 y ,	r_stem,	h_stem,	r_crown,	r_root,	k_geo
173566800.0,	43.074557951682955,	0.07246153515531928,	0.015,	0.05,	0.2,	0.2,	400
