time ,	 x ,	 y ,	r_stem,	h_stem,	r_crown,	r_root,	k_geo
1120294800.0,	61.61359288689267,	2.5874063576291073,	0.015,	0.05,	0.2,	0.2,	400
