time ,	 x ,	 y ,	r_stem,	h_stem,	r_crown,	r_root,	k_geo
1640995200.0,	62.631315507316074,	7.117099032669963,	0.015,	0.05,	0.2,	0.2,	400
