time ,	 x ,	 y ,	r_stem,	h_stem,	r_crown,	r_root,	k_geo
946728000.0,	67.5056292757787,	2.55677006432642,	0.015,	0.05,	0.2,	0.2,	400
962506800.0,	67.5056292757787,	2.55677006432642,	0.015001000892164738,	0.05138709521861736,	0.21578745326843787,	0.20507258452698893,	400
978285600.0,	67.5056292757787,	2.55677006432642,	0.01500278725905393,	0.05331966866713701,	0.23416773311606853,	0.21401076031236652,	400
994064400.0,	67.5056292757787,	2.55677006432642,	0.01500576291374493,	0.05590400736744051,	0.25442926422087647,	0.2281874718238867,	400
