time ,	 x ,	 y ,	r_stem,	h_stem,	r_crown,	r_root,	k_geo
1388534400.0,	96.41073356324532,	14.76620545425902,	0.015,	0.05,	0.2,	0.2,	400
