time ,	 x ,	 y ,	r_stem,	h_stem,	r_crown,	r_root,	k_geo
1057179600.0,	52.82335419725046,	13.024792031289302,	0.015,	0.05,	0.2,	0.2,	400
1072958400.0,	52.82335419725046,	13.024792031289302,	0.01500226732909679,	0.05134013990022553,	0.20958985565445298,	0.21149079115288438,	400
1088737200.0,	52.82335419725046,	13.024792031289302,	0.015004900949208474,	0.05288450215760989,	0.2205479882206589,	0.2238435709135018,	400
