time ,	 x ,	 y ,	r_stem,	h_stem,	r_crown,	r_root,	k_geo
3913142400.0,	3.1797318749728576,	14.439962620700902,	0.015,	0.05,	0.2,	0.2,	400
