time ,	 x ,	 y ,	r_stem,	h_stem,	r_crown,	r_root,	k_geo
3913142400.0,	14.862858072556296,	9.005424249020605,	0.015,	0.05,	0.2,	0.2,	400
