time ,	 x ,	 y ,	r_stem,	h_stem,	r_crown,	r_root,	k_geo
3266211600.0,	15.083378089855493,	2.6035469994579503,	0.015,	0.05,	0.2,	0.2,	400
