time ,	 x ,	 y ,	r_stem,	h_stem,	r_crown,	r_root,	k_geo
4433842800.0,	65.0097312944231,	14.36200991281269,	0.015,	0.05,	0.2,	0.2,	400
