time ,	 x ,	 y ,	r_stem,	h_stem,	r_crown,	r_root,	k_geo
2808626400.0,	47.13253702134196,	6.69657368950425,	0.015,	0.05,	0.2,	0.2,	400
