time ,	 x ,	 y ,	r_stem,	h_stem,	r_crown,	r_root,	k_geo
2019686400.0,	53.39556871080218,	14.635472793270559,	0.015,	0.05,	0.2,	0.2,	400
