time ,	 x ,	 y ,	r_stem,	h_stem,	r_crown,	r_root,	k_geo
536479200.0,	52.42032967901168,	1.667495559112297,	0.015,	0.05,	0.2,	0.2,	400
