time ,	 x ,	 y ,	r_stem,	h_stem,	r_crown,	r_root,	k_geo
1940792400.0,	82.81035651812986,	0.9272851651349051,	0.015,	0.05,	0.2,	0.2,	400
1956571200.0,	82.81035651812986,	0.9272851651349051,	0.015000390489317741,	0.051387208109558165,	0.21844759485609,	0.20197903902336067,	400
1972350000.0,	82.81035651812986,	0.9272851651349051,	0.015001307945887858,	0.053501328084021645,	0.24217683733990222,	0.2067131073328034,	400
