time ,	 x ,	 y ,	r_stem,	h_stem,	r_crown,	r_root,	k_geo
3739575600.0,	90.2742181289987,	1.3420357541871863,	0.015,	0.05,	0.2,	0.2,	400
