time ,	 x ,	 y ,	r_stem,	h_stem,	r_crown,	r_root,	k_geo
4055151600.0,	87.24649752369066,	11.980089140298569,	0.015,	0.05,	0.2,	0.2,	400
4070930400.0,	87.24649752369066,	11.980089140298569,	0.015000410835567123,	0.051387204346399505,	0.21835892417079178,	0.20208215534480906,	400
4086709200.0,	87.24649752369066,	11.980089140298569,	0.015004313711510404,	0.055663820861081924,	0.2578777261253979,	0.22219955808013997,	400
