time ,	 x ,	 y ,	r_stem,	h_stem,	r_crown,	r_root,	k_geo
4134045600.0,	74.722186942836,	2.4745252486703553,	0.015,	0.05,	0.2,	0.2,	400
