time ,	 x ,	 y ,	r_stem,	h_stem,	r_crown,	r_root,	k_geo
3865806000.0,	25.93546944482894,	3.860160808477164,	0.015,	0.05,	0.2,	0.2,	400
