time ,	 x ,	 y ,	r_stem,	h_stem,	r_crown,	r_root,	k_geo
4354948800.0,	54.788348116365285,	9.441472282285014,	0.015,	0.05,	0.2,	0.2,	400
