time ,	 x ,	 y ,	r_stem,	h_stem,	r_crown,	r_root,	k_geo
899391600.0,	72.72281959563507,	5.68346309701186,	0.015,	0.05,	0.2,	0.2,	400
