time ,	 x ,	 y ,	r_stem,	h_stem,	r_crown,	r_root,	k_geo
2698174800.0,	96.7353771888427,	12.256776281361034,	0.015,	0.05,	0.2,	0.2,	400
