time ,	 x ,	 y ,	r_stem,	h_stem,	r_crown,	r_root,	k_geo
1057179600.0,	56.501451230554935,	4.693372254930574,	0.015,	0.05,	0.2,	0.2,	400
