time ,	 x ,	 y ,	r_stem,	h_stem,	r_crown,	r_root,	k_geo
2682396000.0,	92.7428026390528,	12.255520888746794,	0.015,	0.05,	0.2,	0.2,	400
