time ,	 x ,	 y ,	r_stem,	h_stem,	r_crown,	r_root,	k_geo
1214967600.0,	21.9084456678311,	7.476442170228031,	0.015,	0.05,	0.2,	0.2,	400
