time ,	 x ,	 y ,	r_stem,	h_stem,	r_crown,	r_root,	k_geo
1640995200.0,	44.91483804683868,	1.0938804960870174,	0.015,	0.05,	0.2,	0.2,	400
