time ,	 x ,	 y ,	r_stem,	h_stem,	r_crown,	r_root,	k_geo
4354948800.0,	24.764829196225612,	10.014038685438479,	0.015,	0.05,	0.2,	0.2,	400
