time ,	 x ,	 y ,	r_stem,	h_stem,	r_crown,	r_root,	k_geo
4386506400.0,	18.833620437618002,	14.37325928696046,	0.015,	0.05,	0.2,	0.2,	400
4402285200.0,	18.833620437618002,	14.37325928696046,	0.015000014292549994,	0.050004485890368315,	0.200002873764964,	0.20007243640534403,	400
