time ,	 x ,	 y ,	r_stem,	h_stem,	r_crown,	r_root,	k_geo
1278082800.0,	20.310409500695492,	8.780779806679002,	0.015,	0.05,	0.2,	0.2,	400
1293861600.0,	20.310409500695492,	8.780779806679002,	0.015000052175046203,	0.05001638152249128,	0.20001057541296735,	0.20026442944547046,	400
1309640400.0,	20.310409500695492,	8.780779806679002,	0.015000139946714229,	0.050043908573632986,	0.20002852910769114,	0.20070832277602083,	400
