time ,	 x ,	 y ,	r_stem,	h_stem,	r_crown,	r_root,	k_geo
1656774000.0,	55.379351917363564,	1.8483043889974238,	0.015,	0.05,	0.2,	0.2,	400
