time ,	 x ,	 y ,	r_stem,	h_stem,	r_crown,	r_root,	k_geo
662709600.0,	48.31249608422829,	3.952549456836244,	0.015,	0.05,	0.2,	0.2,	400
