time ,	 x ,	 y ,	r_stem,	h_stem,	r_crown,	r_root,	k_geo
2571944400.0,	58.10684486170822,	1.6438692487186786,	0.015,	0.05,	0.2,	0.2,	400
