time ,	 x ,	 y ,	r_stem,	h_stem,	r_crown,	r_root,	k_geo
583815600.0,	62.26366459459683,	12.411180054265628,	0.015,	0.05,	0.2,	0.2,	400
