time ,	 x ,	 y ,	r_stem,	h_stem,	r_crown,	r_root,	k_geo
962506800.0,	42.62156195666902,	8.970315239056069,	0.015,	0.05,	0.2,	0.2,	400
