time ,	 x ,	 y ,	r_stem,	h_stem,	r_crown,	r_root,	k_geo
2445714000.0,	1.8369444834850812,	9.49127136524807,	0.015,	0.05,	0.2,	0.2,	400
2461492800.0,	1.8369444834850812,	9.49127136524807,	0.015001984579970038,	0.05108358351796407,	0.20709414186495242,	0.2100578569558742,	400
2477271600.0,	1.8369444834850812,	9.49127136524807,	0.015004164278830518,	0.05223724218380945,	0.21450833178653023,	0.22036154461775995,	400
2493050400.0,	1.8369444834850812,	9.49127136524807,	0.015006868017802294,	0.053805741222307454,	0.22584410756047063,	0.2322113565806037,	400
2508829200.0,	1.8369444834850812,	9.49127136524807,	0.015010126876755335,	0.05560835463877678,	0.23829544911382292,	0.24526831032702864,	400
2524608000.0,	1.8369444834850812,	9.49127136524807,	0.015014195533638482,	0.05768391840892058,	0.25174892267804894,	0.25989475225069986,	400
2540386800.0,	1.8369444834850812,	9.49127136524807,	0.01501928608849648,	0.060048068699934044,	0.2662565404161845,	0.27590727204955884,	400
