time ,	 x ,	 y ,	r_stem,	h_stem,	r_crown,	r_root,	k_geo
2319483600.0,	63.44139522419089,	10.950721538983148,	0.015,	0.05,	0.2,	0.2,	400
