time ,	 x ,	 y ,	r_stem,	h_stem,	r_crown,	r_root,	k_geo
2161695600.0,	49.85588098866868,	3.4817712023816068,	0.015,	0.05,	0.2,	0.2,	400
