time ,	 x ,	 y ,	r_stem,	h_stem,	r_crown,	r_root,	k_geo
2193253200.0,	2.727222778502103,	3.6720314114895816,	0.015,	0.05,	0.2,	0.2,	400
