time ,	 x ,	 y ,	r_stem,	h_stem,	r_crown,	r_root,	k_geo
2477271600.0,	83.97955572325868,	9.71733040543643,	0.015,	0.05,	0.2,	0.2,	400
