time ,	 x ,	 y ,	r_stem,	h_stem,	r_crown,	r_root,	k_geo
2177474400.0,	35.466219328662376,	14.33352110949492,	0.015,	0.05,	0.2,	0.2,	400
