time ,	 x ,	 y ,	r_stem,	h_stem,	r_crown,	r_root,	k_geo
2067022800.0,	37.45776179747512,	4.712879390080468,	0.015,	0.05,	0.2,	0.2,	400
