time ,	 x ,	 y ,	r_stem,	h_stem,	r_crown,	r_root,	k_geo
3928921200.0,	76.84216203114418,	13.312840727982206,	0.015,	0.05,	0.2,	0.2,	400
