time ,	 x ,	 y ,	r_stem,	h_stem,	r_crown,	r_root,	k_geo
1562101200.0,	85.11935657587955,	13.62987742616081,	0.015,	0.05,	0.2,	0.2,	400
