time ,	 x ,	 y ,	r_stem,	h_stem,	r_crown,	r_root,	k_geo
2240589600.0,	99.43139328193166,	1.0283330668927375,	0.015,	0.05,	0.2,	0.2,	400
