time ,	 x ,	 y ,	r_stem,	h_stem,	r_crown,	r_root,	k_geo
1404313200.0,	87.1309762287361,	14.609008525074394,	0.015,	0.05,	0.2,	0.2,	400
