time ,	 x ,	 y ,	r_stem,	h_stem,	r_crown,	r_root,	k_geo
3786912000.0,	92.54229728012832,	14.066266136460085,	0.015,	0.05,	0.2,	0.2,	400
