time ,	 x ,	 y ,	r_stem,	h_stem,	r_crown,	r_root,	k_geo
4039372800.0,	15.13561281302458,	7.568044857607153,	0.015,	0.05,	0.2,	0.2,	400
4055151600.0,	15.13561281302458,	7.568044857607153,	0.015000242550738821,	0.05007629152863886,	0.20005118491071433,	0.20122927366213647,	400
4070930400.0,	15.13561281302458,	7.568044857607153,	0.015000731091020698,	0.05022929484444913,	0.20016049720594584,	0.2036809056329542,	400
