time ,	 x ,	 y ,	r_stem,	h_stem,	r_crown,	r_root,	k_geo
1672552800.0,	53.68230588483286,	8.81190899055566,	0.015,	0.05,	0.2,	0.2,	400
