time ,	 x ,	 y ,	r_stem,	h_stem,	r_crown,	r_root,	k_geo
3771133200.0,	99.07798300652753,	12.131112022552312,	0.015,	0.05,	0.2,	0.2,	400
