time ,	 x ,	 y ,	r_stem,	h_stem,	r_crown,	r_root,	k_geo
2792847600.0,	72.434859467836,	8.116072798511189,	0.015,	0.05,	0.2,	0.2,	400
