time ,	 x ,	 y ,	r_stem,	h_stem,	r_crown,	r_root,	k_geo
2335262400.0,	36.18964043700177,	12.673488100235627,	0.015,	0.05,	0.2,	0.2,	400
