time ,	 x ,	 y ,	r_stem,	h_stem,	r_crown,	r_root,	k_geo
4007815200.0,	22.473564204756013,	3.9314155220798823,	0.015,	0.05,	0.2,	0.2,	400
