time ,	 x ,	 y ,	r_stem,	h_stem,	r_crown,	r_root,	k_geo
4118266800.0,	29.33129140506011,	0.9773208527744714,	0.015,	0.05,	0.2,	0.2,	400
4134045600.0,	29.33129140506011,	0.9773208527744714,	0.01500007408081357,	0.05002326407642556,	0.20001508546058464,	0.20037545042511595,	400
