time ,	 x ,	 y ,	r_stem,	h_stem,	r_crown,	r_root,	k_geo
2145916800.0,	15.354518485960256,	10.771449903205891,	0.015,	0.05,	0.2,	0.2,	400
