time ,	 x ,	 y ,	r_stem,	h_stem,	r_crown,	r_root,	k_geo
4118266800.0,	64.85566452878662,	2.060059709152662,	0.015,	0.05,	0.2,	0.2,	400
