time ,	 x ,	 y ,	r_stem,	h_stem,	r_crown,	r_root,	k_geo
4023594000.0,	38.187666622494895,	4.062403958848932,	0.015,	0.05,	0.2,	0.2,	400
