time ,	 x ,	 y ,	r_stem,	h_stem,	r_crown,	r_root,	k_geo
2603502000.0,	49.952720822298915,	2.1396111648175102,	0.015,	0.05,	0.2,	0.2,	400
2619280800.0,	49.952720822298915,	2.1396111648175102,	0.015002113375205421,	0.05138688950590838,	0.21093948572890026,	0.21071057493952167,	400
