time ,	 x ,	 y ,	r_stem,	h_stem,	r_crown,	r_root,	k_geo
2351041200.0,	79.41040685486642,	4.494613589455623,	0.015,	0.05,	0.2,	0.2,	400
2366820000.0,	79.41040685486642,	4.494613589455623,	0.015000611367744835,	0.05138716725761128,	0.21748499353369163,	0.20309846478981305,	400
