time ,	 x ,	 y ,	r_stem,	h_stem,	r_crown,	r_root,	k_geo
4212939600.0,	90.59752300138393,	10.519437598603055,	0.015,	0.05,	0.2,	0.2,	400
