time ,	 x ,	 y ,	r_stem,	h_stem,	r_crown,	r_root,	k_geo
1672552800.0,	67.15427750911905,	5.152482634953178,	0.015,	0.05,	0.2,	0.2,	400
