time ,	 x ,	 y ,	r_stem,	h_stem,	r_crown,	r_root,	k_geo
1325419200.0,	59.76555143626223,	9.284727543394792,	0.015,	0.05,	0.2,	0.2,	400
