time ,	 x ,	 y ,	r_stem,	h_stem,	r_crown,	r_root,	k_geo
2619280800.0,	86.14021164672542,	14.53600214327887,	0.015,	0.05,	0.2,	0.2,	400
