time ,	 x ,	 y ,	r_stem,	h_stem,	r_crown,	r_root,	k_geo
1388534400.0,	63.058959758177544,	12.384054899218368,	0.015,	0.05,	0.2,	0.2,	400
