time ,	 x ,	 y ,	r_stem,	h_stem,	r_crown,	r_root,	k_geo
1514764800.0,	92.89482592755478,	1.5841602313102054,	0.015,	0.05,	0.2,	0.2,	400
