time ,	 x ,	 y ,	r_stem,	h_stem,	r_crown,	r_root,	k_geo
2540386800.0,	14.34500085946132,	7.9807779723001815,	0.015,	0.05,	0.2,	0.2,	400
