time ,	 x ,	 y ,	r_stem,	h_stem,	r_crown,	r_root,	k_geo
2335262400.0,	33.6477482134623,	7.019169424606689,	0.015,	0.05,	0.2,	0.2,	400
