time ,	 x ,	 y ,	r_stem,	h_stem,	r_crown,	r_root,	k_geo
1704110400.0,	19.86989489186709,	10.885508346782482,	0.015,	0.05,	0.2,	0.2,	400
1719889200.0,	19.86989489186709,	10.885508346782482,	0.015000106717118359,	0.05004408262765416,	0.20017525160059105,	0.2005408549090443,	400
