time ,	 x ,	 y ,	r_stem,	h_stem,	r_crown,	r_root,	k_geo
3487114800.0,	65.84551227552934,	14.736221915196623,	0.015,	0.05,	0.2,	0.2,	400
