time ,	 x ,	 y ,	r_stem,	h_stem,	r_crown,	r_root,	k_geo
4465400400.0,	55.256864127308624,	3.6254095546984706,	0.015,	0.05,	0.2,	0.2,	400
4481179200.0,	55.256864127308624,	3.6254095546984706,	0.015001925549811498,	0.05138692423407679,	0.2117579672136998,	0.2097586988913024,	400
