time ,	 x ,	 y ,	r_stem,	h_stem,	r_crown,	r_root,	k_geo
1451649600.0,	9.814271870388803,	14.841288072376337,	0.015,	0.05,	0.2,	0.2,	400
