time ,	 x ,	 y ,	r_stem,	h_stem,	r_crown,	r_root,	k_geo
157788000.0,	85.5651878655302,	11.136622607578722,	0.015,	0.05,	0.2,	0.2,	400
173566800.0,	85.5651878655302,	11.136622607578722,	0.015000210392556912,	0.051387241420182535,	0.2192324764613977,	0.20106629289391778,	400
