time ,	 x ,	 y ,	r_stem,	h_stem,	r_crown,	r_root,	k_geo
4449621600.0,	5.229945747146303,	9.614452689076204,	0.015,	0.05,	0.2,	0.2,	400
