time ,	 x ,	 y ,	r_stem,	h_stem,	r_crown,	r_root,	k_geo
1372755600.0,	90.38297493020421,	6.183128853778689,	0.015,	0.05,	0.2,	0.2,	400
