time ,	 x ,	 y ,	r_stem,	h_stem,	r_crown,	r_root,	k_geo
2682396000.0,	10.227276859926892,	6.735676249033182,	0.015,	0.05,	0.2,	0.2,	400
