time ,	 x ,	 y ,	r_stem,	h_stem,	r_crown,	r_root,	k_geo
2035465200.0,	46.79116550877571,	8.96821379444155,	0.015,	0.05,	0.2,	0.2,	400
