time ,	 x ,	 y ,	r_stem,	h_stem,	r_crown,	r_root,	k_geo
3266211600.0,	17.099076558517133,	2.0022485810846025,	0.015,	0.05,	0.2,	0.2,	400
