time ,	 x ,	 y ,	r_stem,	h_stem,	r_crown,	r_root,	k_geo
1783004400.0,	70.90548289759809,	1.7151875620712538,	0.015,	0.05,	0.2,	0.2,	400
