time ,	 x ,	 y ,	r_stem,	h_stem,	r_crown,	r_root,	k_geo
3913142400.0,	51.2776581258546,	12.3970590155235,	0.015,	0.05,	0.2,	0.2,	400
