time ,	 x ,	 y ,	r_stem,	h_stem,	r_crown,	r_root,	k_geo
4102488000.0,	95.0966726295897,	11.864702595521695,	0.015,	0.05,	0.2,	0.2,	400
