time ,	 x ,	 y ,	r_stem,	h_stem,	r_crown,	r_root,	k_geo
1530543600.0,	68.71715297494725,	5.907204803533608,	0.015,	0.05,	0.2,	0.2,	400
