time ,	 x ,	 y ,	r_stem,	h_stem,	r_crown,	r_root,	k_geo
2240589600.0,	54.56047685221805,	1.0632070398321014,	0.015,	0.05,	0.2,	0.2,	400
