time ,	 x ,	 y ,	r_stem,	h_stem,	r_crown,	r_root,	k_geo
2887520400.0,	17.691135877194174,	14.19529053211568,	0.015,	0.05,	0.2,	0.2,	400
