time ,	 x ,	 y ,	r_stem,	h_stem,	r_crown,	r_root,	k_geo
3928921200.0,	14.827427333501685,	11.895623524619275,	0.015,	0.05,	0.2,	0.2,	400
