time ,	 x ,	 y ,	r_stem,	h_stem,	r_crown,	r_root,	k_geo
4181382000.0,	43.5040209982668,	2.5434879821202068,	0.015,	0.05,	0.2,	0.2,	400
4197160800.0,	43.5040209982668,	2.5434879821202068,	0.015001802849991645,	0.05094417110597083,	0.2058604023621745,	0.20913686893191732,	400
