time ,	 x ,	 y ,	r_stem,	h_stem,	r_crown,	r_root,	k_geo
1057179600.0,	74.92827690557709,	10.681072286556283,	0.015,	0.05,	0.2,	0.2,	400
