time ,	 x ,	 y ,	r_stem,	h_stem,	r_crown,	r_root,	k_geo
1388534400.0,	7.95670996135438,	7.3762330870532535,	0.015,	0.05,	0.2,	0.2,	400
