time ,	 x ,	 y ,	r_stem,	h_stem,	r_crown,	r_root,	k_geo
2493050400.0,	32.94595175799948,	0.8060534981263751,	0.015,	0.05,	0.2,	0.2,	400
