time ,	 x ,	 y ,	r_stem,	h_stem,	r_crown,	r_root,	k_geo
3061087200.0,	53.040380882592416,	9.820953074678558,	0.015,	0.05,	0.2,	0.2,	400
3076866000.0,	53.040380882592416,	9.820953074678558,	0.015002049421571816,	0.05138690133053445,	0.21121817368543275,	0.21038646625643573,	400
