time ,	 x ,	 y ,	r_stem,	h_stem,	r_crown,	r_root,	k_geo
4244497200.0,	85.03367933033259,	8.063423571875768,	0.015,	0.05,	0.2,	0.2,	400
