time ,	 x ,	 y ,	r_stem,	h_stem,	r_crown,	r_root,	k_geo
4307612400.0,	80.87181485063924,	3.671649804793134,	0.015,	0.05,	0.2,	0.2,	400
