time ,	 x ,	 y ,	r_stem,	h_stem,	r_crown,	r_root,	k_geo
1925013600.0,	48.689538582353975,	12.000382402198934,	0.015,	0.05,	0.2,	0.2,	400
