time ,	 x ,	 y ,	r_stem,	h_stem,	r_crown,	r_root,	k_geo
4212939600.0,	66.3785125892383,	6.809349398635777,	0.015,	0.05,	0.2,	0.2,	400
