time ,	 x ,	 y ,	r_stem,	h_stem,	r_crown,	r_root,	k_geo
4244497200.0,	66.45809931429434,	1.687257492961129,	0.015,	0.05,	0.2,	0.2,	400
