time ,	 x ,	 y ,	r_stem,	h_stem,	r_crown,	r_root,	k_geo
3392442000.0,	63.595237965192,	14.431004938995564,	0.015,	0.05,	0.2,	0.2,	400
