time ,	 x ,	 y ,	r_stem,	h_stem,	r_crown,	r_root,	k_geo
725824800.0,	13.132430477995594,	5.196899309317145,	0.015,	0.05,	0.2,	0.2,	400
