time ,	 x ,	 y ,	r_stem,	h_stem,	r_crown,	r_root,	k_geo
1704110400.0,	64.41225486737402,	1.1990359437116767,	0.015,	0.05,	0.2,	0.2,	400
