time ,	 x ,	 y ,	r_stem,	h_stem,	r_crown,	r_root,	k_geo
3092644800.0,	67.11791147560587,	0.9658830022998338,	0.015,	0.05,	0.2,	0.2,	400
