time ,	 x ,	 y ,	r_stem,	h_stem,	r_crown,	r_root,	k_geo
2887520400.0,	88.13829390056492,	3.8861887788920138,	0.015,	0.05,	0.2,	0.2,	400
