time ,	 x ,	 y ,	r_stem,	h_stem,	r_crown,	r_root,	k_geo
2209032000.0,	84.38985769900357,	9.39459927976777,	0.015,	0.05,	0.2,	0.2,	400
2224810800.0,	84.38985769900357,	9.39459927976777,	0.015010782217084134,	0.05663733488161149,	0.24954168171893698,	0.25463850794676496,	400
2240589600.0,	84.38985769900357,	9.39459927976777,	0.015015069397190812,	0.061729762227903266,	0.2994956855229055,	0.26882046473845006,	400
2256368400.0,	84.38985769900357,	9.39459927976777,	0.015037993015366322,	0.0727558728477284,	0.35542748088690873,	0.3350685435096596,	400
