time ,	 x ,	 y ,	r_stem,	h_stem,	r_crown,	r_root,	k_geo
3976257600.0,	5.543895951073186,	6.504639535654213,	0.015,	0.05,	0.2,	0.2,	400
