time ,	 x ,	 y ,	r_stem,	h_stem,	r_crown,	r_root,	k_geo
2635059600.0,	50.252726678827194,	11.052630453840047,	0.015,	0.05,	0.2,	0.2,	400
