time ,	 x ,	 y ,	r_stem,	h_stem,	r_crown,	r_root,	k_geo
773161200.0,	80.83650671386249,	4.730421937531383,	0.015,	0.05,	0.2,	0.2,	400
