time ,	 x ,	 y ,	r_stem,	h_stem,	r_crown,	r_root,	k_geo
4339170000.0,	90.48557512423355,	11.764862217083166,	0.015,	0.05,	0.2,	0.2,	400
