time ,	 x ,	 y ,	r_stem,	h_stem,	r_crown,	r_root,	k_geo
2398377600.0,	83.522042034349,	13.149644773108493,	0.015,	0.05,	0.2,	0.2,	400
