time ,	 x ,	 y ,	r_stem,	h_stem,	r_crown,	r_root,	k_geo
3029529600.0,	12.068101357268779,	4.433932667971327,	0.015,	0.05,	0.2,	0.2,	400
