time ,	 x ,	 y ,	r_stem,	h_stem,	r_crown,	r_root,	k_geo
4181382000.0,	54.66058494491617,	2.189357403849248,	0.015,	0.05,	0.2,	0.2,	400
