time ,	 x ,	 y ,	r_stem,	h_stem,	r_crown,	r_root,	k_geo
1909234800.0,	67.30224657344051,	9.415059171820864,	0.015,	0.05,	0.2,	0.2,	400
