time ,	 x ,	 y ,	r_stem,	h_stem,	r_crown,	r_root,	k_geo
1104516000.0,	73.34907678397322,	8.995897269353868,	0.015,	0.05,	0.2,	0.2,	400
