time ,	 x ,	 y ,	r_stem,	h_stem,	r_crown,	r_root,	k_geo
1798783200.0,	82.54164370959211,	14.206500664634795,	0.015,	0.05,	0.2,	0.2,	400
