time ,	 x ,	 y ,	r_stem,	h_stem,	r_crown,	r_root,	k_geo
3550230000.0,	61.88044266738457,	3.9680624947255536,	0.015,	0.05,	0.2,	0.2,	400
