time ,	 x ,	 y ,	r_stem,	h_stem,	r_crown,	r_root,	k_geo
1767225600.0,	24.070206696121723,	2.7918703690437665,	0.015,	0.05,	0.2,	0.2,	400
1783004400.0,	24.070206696121723,	2.7918703690437665,	0.015000134292719385,	0.05005561975630998,	0.20022266301584907,	0.20068061107245957,	400
1798783200.0,	24.070206696121723,	2.7918703690437665,	0.015000175869066606,	0.05007265708703946,	0.20028953846422604,	0.20089025661045118,	400
1814562000.0,	24.070206696121723,	2.7918703690437665,	0.015000390926063702,	0.05016220612785905,	0.20065710131860157,	0.20197296011092036,	400
1830340800.0,	24.070206696121723,	2.7918703690437665,	0.015000625239608358,	0.05025965899526396,	0.20106114074758746,	0.20314310772496533,	400
