time ,	 x ,	 y ,	r_stem,	h_stem,	r_crown,	r_root,	k_geo
2003907600.0,	16.598536856577095,	0.6949572337582804,	0.015,	0.05,	0.2,	0.2,	400
