time ,	 x ,	 y ,	r_stem,	h_stem,	r_crown,	r_root,	k_geo
3203096400.0,	84.41837498240152,	8.033144216844038,	0.015,	0.05,	0.2,	0.2,	400
