time ,	 x ,	 y ,	r_stem,	h_stem,	r_crown,	r_root,	k_geo
3865806000.0,	28.194377549657524,	4.90731658995597,	0.015,	0.05,	0.2,	0.2,	400
