time ,	 x ,	 y ,	r_stem,	h_stem,	r_crown,	r_root,	k_geo
2682396000.0,	19.910775158218797,	14.8833068507781,	0.015,	0.05,	0.2,	0.2,	400
