time ,	 x ,	 y ,	r_stem,	h_stem,	r_crown,	r_root,	k_geo
4370727600.0,	89.21164046017826,	11.35496503266451,	0.015,	0.05,	0.2,	0.2,	400
