time ,	 x ,	 y ,	r_stem,	h_stem,	r_crown,	r_root,	k_geo
1672552800.0,	87.8011042747771,	13.577027186025875,	0.015,	0.05,	0.2,	0.2,	400
