time ,	 x ,	 y ,	r_stem,	h_stem,	r_crown,	r_root,	k_geo
2540386800.0,	83.49156627192963,	4.011187560509239,	0.015,	0.05,	0.2,	0.2,	400
