time ,	 x ,	 y ,	r_stem,	h_stem,	r_crown,	r_root,	k_geo
2729732400.0,	93.61187991688857,	4.456723838774609,	0.015,	0.05,	0.2,	0.2,	400
