time ,	 x ,	 y ,	r_stem,	h_stem,	r_crown,	r_root,	k_geo
3960478800.0,	1.5456237561656594,	8.667009864624172,	0.015,	0.05,	0.2,	0.2,	400
