time ,	 x ,	 y ,	r_stem,	h_stem,	r_crown,	r_root,	k_geo
3644902800.0,	61.26493537341153,	4.722917304640406,	0.015,	0.05,	0.2,	0.2,	400
