time ,	 x ,	 y ,	r_stem,	h_stem,	r_crown,	r_root,	k_geo
1625216400.0,	97.21808623629322,	10.870296885262091,	0.015,	0.05,	0.2,	0.2,	400
