time ,	 x ,	 y ,	r_stem,	h_stem,	r_crown,	r_root,	k_geo
4007815200.0,	77.73862540025992,	11.13057192754719,	0.015,	0.05,	0.2,	0.2,	400
