time ,	 x ,	 y ,	r_stem,	h_stem,	r_crown,	r_root,	k_geo
1688331600.0,	54.1157144327891,	11.022059000974355,	0.015,	0.05,	0.2,	0.2,	400
