time ,	 x ,	 y ,	r_stem,	h_stem,	r_crown,	r_root,	k_geo
1530543600.0,	89.21359922975356,	0.613675616239005,	0.015,	0.05,	0.2,	0.2,	400
