time ,	 x ,	 y ,	r_stem,	h_stem,	r_crown,	r_root,	k_geo
2398377600.0,	53.02867829636126,	3.9259976380621753,	0.015,	0.05,	0.2,	0.2,	400
