time ,	 x ,	 y ,	r_stem,	h_stem,	r_crown,	r_root,	k_geo
4181382000.0,	64.70865664035716,	14.06363015602173,	0.015,	0.05,	0.2,	0.2,	400
