time ,	 x ,	 y ,	r_stem,	h_stem,	r_crown,	r_root,	k_geo
2287926000.0,	80.94472051644956,	10.741310039480068,	0.015,	0.05,	0.2,	0.2,	400
