time ,	 x ,	 y ,	r_stem,	h_stem,	r_crown,	r_root,	k_geo
2808626400.0,	23.565827173736032,	7.0504069512695455,	0.015,	0.05,	0.2,	0.2,	400
2824405200.0,	23.565827173736032,	7.0504069512695455,	0.015000140920356977,	0.050044281924279524,	0.20002910571670318,	0.20071420065113393,	400
