time ,	 x ,	 y ,	r_stem,	h_stem,	r_crown,	r_root,	k_geo
331354800.0,	36.77826084932706,	4.659361367253252,	0.015,	0.05,	0.2,	0.2,	400
