time ,	 x ,	 y ,	r_stem,	h_stem,	r_crown,	r_root,	k_geo
4181382000.0,	89.23553023393349,	9.019529088710847,	0.015,	0.05,	0.2,	0.2,	400
