time ,	 x ,	 y ,	r_stem,	h_stem,	r_crown,	r_root,	k_geo
236682000.0,	1.6446993027308232,	11.707151073580272,	0.015,	0.05,	0.2,	0.2,	400
252460800.0,	1.6446993027308232,	11.707151073580272,	0.01500218614969858,	0.0513868760505446,	0.21062236076693477,	0.21107938598140508,	400
268239600.0,	1.6446993027308232,	11.707151073580272,	0.015004782655114943,	0.05298117858340122,	0.22227567375985777,	0.2233213776910811,	400
