time ,	 x ,	 y ,	r_stem,	h_stem,	r_crown,	r_root,	k_geo
4007815200.0,	72.67025043864524,	5.029590642839778,	0.015,	0.05,	0.2,	0.2,	400
