time ,	 x ,	 y ,	r_stem,	h_stem,	r_crown,	r_root,	k_geo
4181382000.0,	22.200095290065434,	3.6738373703574605,	0.015,	0.05,	0.2,	0.2,	400
