time ,	 x ,	 y ,	r_stem,	h_stem,	r_crown,	r_root,	k_geo
2966414400.0,	98.88600060387897,	9.912220136543457,	0.015,	0.05,	0.2,	0.2,	400
