time ,	 x ,	 y ,	r_stem,	h_stem,	r_crown,	r_root,	k_geo
2540386800.0,	55.72413386812887,	13.700875659247266,	0.015,	0.05,	0.2,	0.2,	400
