time ,	 x ,	 y ,	r_stem,	h_stem,	r_crown,	r_root,	k_geo
4228718400.0,	36.70534989770853,	13.119026993144447,	0.015,	0.05,	0.2,	0.2,	400
