time ,	 x ,	 y ,	r_stem,	h_stem,	r_crown,	r_root,	k_geo
4339170000.0,	14.068487094323235,	1.954783281753338,	0.015,	0.05,	0.2,	0.2,	400
