time ,	 x ,	 y ,	r_stem,	h_stem,	r_crown,	r_root,	k_geo
1356976800.0,	23.034655542180726,	10.699731529432933,	0.015,	0.05,	0.2,	0.2,	400
