time ,	 x ,	 y ,	r_stem,	h_stem,	r_crown,	r_root,	k_geo
4165603200.0,	84.35118927694327,	5.111058948111882,	0.015,	0.05,	0.2,	0.2,	400
