time ,	 x ,	 y ,	r_stem,	h_stem,	r_crown,	r_root,	k_geo
2177474400.0,	45.85350378425318,	7.745892369274513,	0.015,	0.05,	0.2,	0.2,	400
