time ,	 x ,	 y ,	r_stem,	h_stem,	r_crown,	r_root,	k_geo
615373200.0,	54.85005683860882,	1.5298847358639056,	0.015,	0.05,	0.2,	0.2,	400
