time ,	 x ,	 y ,	r_stem,	h_stem,	r_crown,	r_root,	k_geo
394470000.0,	95.39300438745246,	2.88198081136505,	0.015,	0.05,	0.2,	0.2,	400
