time ,	 x ,	 y ,	r_stem,	h_stem,	r_crown,	r_root,	k_geo
2571944400.0,	88.3126855935399,	2.31492457641778,	0.015,	0.05,	0.2,	0.2,	400
