time ,	 x ,	 y ,	r_stem,	h_stem,	r_crown,	r_root,	k_geo
2982193200.0,	61.85840495675349,	6.614524208259661,	0.015,	0.05,	0.2,	0.2,	400
