time ,	 x ,	 y ,	r_stem,	h_stem,	r_crown,	r_root,	k_geo
4165603200.0,	46.271492659947015,	7.007283106949939,	0.015,	0.05,	0.2,	0.2,	400
