time ,	 x ,	 y ,	r_stem,	h_stem,	r_crown,	r_root,	k_geo
1656774000.0,	65.20166109276174,	9.536355388232165,	0.015,	0.05,	0.2,	0.2,	400
