time ,	 x ,	 y ,	r_stem,	h_stem,	r_crown,	r_root,	k_geo
788940000.0,	60.97474199000725,	8.593877851505079,	0.015,	0.05,	0.2,	0.2,	400
