time ,	 x ,	 y ,	r_stem,	h_stem,	r_crown,	r_root,	k_geo
2650838400.0,	90.48260947743607,	9.638599017312472,	0.015,	0.05,	0.2,	0.2,	400
