time ,	 x ,	 y ,	r_stem,	h_stem,	r_crown,	r_root,	k_geo
2161695600.0,	34.11380254331541,	13.279441229990955,	0.015,	0.05,	0.2,	0.2,	400
