time ,	 x ,	 y ,	r_stem,	h_stem,	r_crown,	r_root,	k_geo
4244497200.0,	75.08354294184883,	8.839332992988064,	0.015,	0.05,	0.2,	0.2,	400
