time ,	 x ,	 y ,	r_stem,	h_stem,	r_crown,	r_root,	k_geo
378691200.0,	70.8426211597044,	5.774016074209059,	0.015,	0.05,	0.2,	0.2,	400
394470000.0,	70.8426211597044,	5.774016074209059,	0.015000691612050065,	0.051387152416698875,	0.2171352871605792,	0.2035051465009379,	400
410248800.0,	70.8426211597044,	5.774016074209059,	0.015002131407823189,	0.05341106829079749,	0.2378325113363564,	0.21082238192951985,	400
426027600.0,	70.8426211597044,	5.774016074209059,	0.015002200638006348,	0.05362373520201959,	0.24010262070396823,	0.21116345956467256,	400
441806400.0,	70.8426211597044,	5.774016074209059,	0.015002282185747909,	0.05388343128023891,	0.24285313210360893,	0.21156527394622668,	400
457585200.0,	70.8426211597044,	5.774016074209059,	0.015002394047224648,	0.054201518820285045,	0.24612814296683053,	0.21211654320088333,	400
473364000.0,	70.8426211597044,	5.774016074209059,	0.015002541979597038,	0.05458954901487825,	0.2500133024566626,	0.21284513276687697,	400
