time ,	 x ,	 y ,	r_stem,	h_stem,	r_crown,	r_root,	k_geo
4055151600.0,	98.170174442479,	13.253608742830213,	0.015,	0.05,	0.2,	0.2,	400
