time ,	 x ,	 y ,	r_stem,	h_stem,	r_crown,	r_root,	k_geo
4560073200.0,	74.4828018813171,	12.735577529378304,	0.015,	0.05,	0.2,	0.2,	400
4575852000.0,	74.4828018813171,	12.735577529378304,	0.01501029518992892,	0.05458031984032603,	0.22174885463750657,	0.2521708214534355,	400
4591630800.0,	74.4828018813171,	12.735577529378304,	0.01502592817105392,	0.061830722148227144,	0.27480418795615597,	0.3041608452544584,	400
