time ,	 x ,	 y ,	r_stem,	h_stem,	r_crown,	r_root,	k_geo
1246525200.0,	5.869795491240815,	3.0463798753027516,	0.015,	0.05,	0.2,	0.2,	400
