time ,	 x ,	 y ,	r_stem,	h_stem,	r_crown,	r_root,	k_geo
3897363600.0,	94.12291026381907,	9.399047519240739,	0.015,	0.05,	0.2,	0.2,	400
