time ,	 x ,	 y ,	r_stem,	h_stem,	r_crown,	r_root,	k_geo
2445714000.0,	31.458161456727073,	12.250988393362308,	0.015,	0.05,	0.2,	0.2,	400
