time ,	 x ,	 y ,	r_stem,	h_stem,	r_crown,	r_root,	k_geo
4560073200.0,	7.772000580054383,	5.168283879031392,	0.015,	0.05,	0.2,	0.2,	400
