time ,	 x ,	 y ,	r_stem,	h_stem,	r_crown,	r_root,	k_geo
3550230000.0,	8.942693891224307,	13.361950119974574,	0.015,	0.05,	0.2,	0.2,	400
3566008800.0,	8.942693891224307,	13.361950119974574,	0.015000824978061563,	0.05036857076530438,	0.2017588896678417,	0.20418104964303654,	400
3581787600.0,	8.942693891224307,	13.361950119974574,	0.015001740822724985,	0.05077688597484641,	0.20376858338114393,	0.20868245746851072,	400
3597566400.0,	8.942693891224307,	13.361950119974574,	0.015002896551247953,	0.051300208339913576,	0.20651318910572913,	0.21417656203942906,	400
3613345200.0,	8.942693891224307,	13.361950119974574,	0.015004088891170924,	0.051830468801576754,	0.2093115433636217,	0.21961672800333767,	400
3629124000.0,	8.942693891224307,	13.361950119974574,	0.015005798934827454,	0.05262950107244432,	0.2140299020393156,	0.22710158100939146,	400
3644902800.0,	8.942693891224307,	13.361950119974574,	0.015007692933111615,	0.05349755584623639,	0.21919410305314982,	0.23492698575386536,	400
3660681600.0,	8.942693891224307,	13.361950119974574,	0.01500985944265003,	0.05447463662926866,	0.22509115327320872,	0.24333568059253957,	400
