time ,	 x ,	 y ,	r_stem,	h_stem,	r_crown,	r_root,	k_geo
3187317600.0,	50.811970697999065,	3.8117389881824506,	0.015,	0.05,	0.2,	0.2,	400
