time ,	 x ,	 y ,	r_stem,	h_stem,	r_crown,	r_root,	k_geo
1167631200.0,	96.02162736681541,	10.424748685564508,	0.015,	0.05,	0.2,	0.2,	400
