time ,	 x ,	 y ,	r_stem,	h_stem,	r_crown,	r_root,	k_geo
268239600.0,	42.91489741405079,	3.867544511025096,	0.015,	0.05,	0.2,	0.2,	400
