time ,	 x ,	 y ,	r_stem,	h_stem,	r_crown,	r_root,	k_geo
4260276000.0,	98.2884644557378,	9.945982733317873,	0.015,	0.05,	0.2,	0.2,	400
