time ,	 x ,	 y ,	r_stem,	h_stem,	r_crown,	r_root,	k_geo
583815600.0,	8.51681477823547,	5.565868080671505,	0.015,	0.05,	0.2,	0.2,	400
599594400.0,	8.51681477823547,	5.565868080671505,	0.015001832224486736,	0.050586602285846154,	0.20053799634357375,	0.20928573599360129,	400
615373200.0,	8.51681477823547,	5.565868080671505,	0.015004329006602356,	0.05135340374574756,	0.20140117614431194,	0.22102750469776516,	400
631152000.0,	8.51681477823547,	5.565868080671505,	0.015007724852963275,	0.05234355418370888,	0.20282377369739954,	0.235535907640184,	400
646930800.0,	8.51681477823547,	5.565868080671505,	0.015012771845308982,	0.053738241010923414,	0.20563982481779886,	0.25463761418376224,	400
662709600.0,	8.51681477823547,	5.565868080671505,	0.01501972290400694,	0.05551728430056105,	0.21055982601287138,	0.2769492994223172,	400
678488400.0,	8.51681477823547,	5.565868080671505,	0.015029231886592548,	0.05773207318660819,	0.21862141911258057,	0.3018850141373363,	400
694267200.0,	8.51681477823547,	5.565868080671505,	0.015042297916295652,	0.06040910378862374,	0.23035362284375627,	0.32878807114010217,	400
710046000.0,	8.51681477823547,	5.565868080671505,	0.01506052103833372,	0.06349853425798967,	0.24482964314233754,	0.3570214924847676,	400
