time ,	 x ,	 y ,	r_stem,	h_stem,	r_crown,	r_root,	k_geo
4149824400.0,	21.179076462319777,	0.686709001311615,	0.015,	0.05,	0.2,	0.2,	400
