time ,	 x ,	 y ,	r_stem,	h_stem,	r_crown,	r_root,	k_geo
4149824400.0,	40.57556079727963,	2.339677173000496,	0.015,	0.05,	0.2,	0.2,	400
