time ,	 x ,	 y ,	r_stem,	h_stem,	r_crown,	r_root,	k_geo
4449621600.0,	97.95544676861515,	0.9442225478249844,	0.015,	0.05,	0.2,	0.2,	400
4465400400.0,	97.95544676861515,	0.9442225478249844,	0.015006844438576842,	0.05664081859650225,	0.26670321001423286,	0.23468560093200017,	400
4481179200.0,	97.95544676861515,	0.9442225478249844,	0.015006907585014169,	0.05713549608293108,	0.2718609064783977,	0.23494238128052627,	400
4496958000.0,	97.95544676861515,	0.9442225478249844,	0.015006995853421995,	0.05776640814118336,	0.2782540189190896,	0.23530179803087883,	400
