time ,	 x ,	 y ,	r_stem,	h_stem,	r_crown,	r_root,	k_geo
2603502000.0,	74.08672582578855,	6.109227520137192,	0.015,	0.05,	0.2,	0.2,	400
