time ,	 x ,	 y ,	r_stem,	h_stem,	r_crown,	r_root,	k_geo
3487114800.0,	83.10917853830352,	12.489302963038188,	0.015,	0.05,	0.2,	0.2,	400
3502893600.0,	83.10917853830352,	12.489302963038188,	0.015000572109190192,	0.051387174518434726,	0.21765608374043297,	0.2028995004004751,	400
3518672400.0,	83.10917853830352,	12.489302963038188,	0.015001792015034503,	0.05344674738966801,	0.23960795747918318,	0.20913672561691898,	400
3534451200.0,	83.10917853830352,	12.489302963038188,	0.015001869314242437,	0.053730332196259924,	0.2426472046906163,	0.20952429897366964,	400
3550230000.0,	83.10917853830352,	12.489302963038188,	0.015001973780287054,	0.05407974954771578,	0.24629707261391073,	0.21004851235910071,	400
