time ,	 x ,	 y ,	r_stem,	h_stem,	r_crown,	r_root,	k_geo
4512736800.0,	69.94788527769406,	8.949523476348663,	0.015,	0.05,	0.2,	0.2,	400
4528515600.0,	69.94788527769406,	8.949523476348663,	0.015009080176400858,	0.05360392229818971,	0.2128369996462199,	0.24601442127049605,	400
4544294400.0,	69.94788527769406,	8.949523476348663,	0.015023156834512056,	0.06005737177615341,	0.2606746786026169,	0.2951427131169934,	400
4560073200.0,	69.94788527769406,	8.949523476348663,	0.015052420832308844,	0.06872566946442109,	0.30605118184893054,	0.35912019539893747,	400
4575852000.0,	69.94788527769406,	8.949523476348663,	0.015125752285971236,	0.08039836994800816,	0.361387948906436,	0.43205422456668163,	400
4591630800.0,	69.94788527769406,	8.949523476348663,	0.015367106907463856,	0.0944678323859672,	0.4143306971127956,	0.5139378764959569,	400
