time ,	 x ,	 y ,	r_stem,	h_stem,	r_crown,	r_root,	k_geo
4070930400.0,	79.30346465597756,	6.327633124441431,	0.015,	0.05,	0.2,	0.2,	400
