time ,	 x ,	 y ,	r_stem,	h_stem,	r_crown,	r_root,	k_geo
1514764800.0,	8.452315300679892,	10.879973042290954,	0.015,	0.05,	0.2,	0.2,	400
