time ,	 x ,	 y ,	r_stem,	h_stem,	r_crown,	r_root,	k_geo
189345600.0,	95.00220663972698,	5.171548533569795,	0.015,	0.05,	0.2,	0.2,	400
