time ,	 x ,	 y ,	r_stem,	h_stem,	r_crown,	r_root,	k_geo
1341198000.0,	58.218690131880166,	10.882820650091208,	0.015,	0.05,	0.2,	0.2,	400
