time ,	 x ,	 y ,	r_stem,	h_stem,	r_crown,	r_root,	k_geo
3692239200.0,	75.03319343907651,	14.138582501373383,	0.015,	0.05,	0.2,	0.2,	400
