time ,	 x ,	 y ,	r_stem,	h_stem,	r_crown,	r_root,	k_geo
1609437600.0,	59.82856051992699,	5.702026208674399,	0.015,	0.05,	0.2,	0.2,	400
