time ,	 x ,	 y ,	r_stem,	h_stem,	r_crown,	r_root,	k_geo
4134045600.0,	62.572489477131434,	14.864180813515373,	0.015,	0.05,	0.2,	0.2,	400
