time ,	 x ,	 y ,	r_stem,	h_stem,	r_crown,	r_root,	k_geo
2635059600.0,	6.346131486755125,	9.147211429471692,	0.015,	0.05,	0.2,	0.2,	400
