time ,	 x ,	 y ,	r_stem,	h_stem,	r_crown,	r_root,	k_geo
2745511200.0,	94.22600598614747,	2.5641441538865366,	0.015,	0.05,	0.2,	0.2,	400
