time ,	 x ,	 y ,	r_stem,	h_stem,	r_crown,	r_root,	k_geo
2429935200.0,	98.93844554949611,	4.445695542741977,	0.015,	0.05,	0.2,	0.2,	400
