time ,	 x ,	 y ,	r_stem,	h_stem,	r_crown,	r_root,	k_geo
2051244000.0,	71.90519163492884,	6.740978170900779,	0.015,	0.05,	0.2,	0.2,	400
2067022800.0,	71.90519163492884,	6.740978170900779,	0.015010228756573386,	0.05451100672309696,	0.22102990816520557,	0.2518342123186809,	400
2082801600.0,	71.90519163492884,	6.740978170900779,	0.015025937848119604,	0.06169474271019867,	0.2730537647592992,	0.3042102419641565,	400
2098580400.0,	71.90519163492884,	6.740978170900779,	0.01503453147457474,	0.06712933850287481,	0.3215113606710526,	0.3211466083351901,	400
