time ,	 x ,	 y ,	r_stem,	h_stem,	r_crown,	r_root,	k_geo
2903299200.0,	65.08317643392239,	3.6508765884845307,	0.015,	0.05,	0.2,	0.2,	400
