time ,	 x ,	 y ,	r_stem,	h_stem,	r_crown,	r_root,	k_geo
3297769200.0,	66.48642240346602,	11.302868209674019,	0.015,	0.05,	0.2,	0.2,	400
