time ,	 x ,	 y ,	r_stem,	h_stem,	r_crown,	r_root,	k_geo
2587723200.0,	98.43504656004993,	10.717524142474375,	0.015,	0.05,	0.2,	0.2,	400
