time ,	 x ,	 y ,	r_stem,	h_stem,	r_crown,	r_root,	k_geo
899391600.0,	92.54162511573193,	5.497226455497483,	0.015,	0.05,	0.2,	0.2,	400
