time ,	 x ,	 y ,	r_stem,	h_stem,	r_crown,	r_root,	k_geo
3581787600.0,	83.59833175746975,	8.465967345196951,	0.015,	0.05,	0.2,	0.2,	400
