time ,	 x ,	 y ,	r_stem,	h_stem,	r_crown,	r_root,	k_geo
1278082800.0,	14.683553528113313,	2.7117677208707587,	0.015,	0.05,	0.2,	0.2,	400
