time ,	 x ,	 y ,	r_stem,	h_stem,	r_crown,	r_root,	k_geo
1530543600.0,	30.788545905688913,	2.532174618620056,	0.015,	0.05,	0.2,	0.2,	400
