time ,	 x ,	 y ,	r_stem,	h_stem,	r_crown,	r_root,	k_geo
142009200.0,	33.117651929916946,	11.057000875738327,	0.015,	0.05,	0.2,	0.2,	400
157788000.0,	33.117651929916946,	11.057000875738327,	0.015006033108155861,	0.05209604959412933,	0.20417774172517275,	0.23057431630961137,	400
