time ,	 x ,	 y ,	r_stem,	h_stem,	r_crown,	r_root,	k_geo
4544294400.0,	95.30947948844276,	9.473732504245378,	0.015,	0.05,	0.2,	0.2,	400
