time ,	 x ,	 y ,	r_stem,	h_stem,	r_crown,	r_root,	k_geo
4560073200.0,	24.720798784139163,	14.54060708473985,	0.015,	0.05,	0.2,	0.2,	400
