time ,	 x ,	 y ,	r_stem,	h_stem,	r_crown,	r_root,	k_geo
2130138000.0,	98.19035166623344,	14.282072598349888,	0.015,	0.05,	0.2,	0.2,	400
