time ,	 x ,	 y ,	r_stem,	h_stem,	r_crown,	r_root,	k_geo
1972350000.0,	22.930194119085044,	1.224221669535629,	0.015,	0.05,	0.2,	0.2,	400
