time ,	 x ,	 y ,	r_stem,	h_stem,	r_crown,	r_root,	k_geo
2145916800.0,	92.79494288216135,	14.708622257912445,	0.015,	0.05,	0.2,	0.2,	400
