time ,	 x ,	 y ,	r_stem,	h_stem,	r_crown,	r_root,	k_geo
3644902800.0,	93.86023342593694,	14.663283122525486,	0.015,	0.05,	0.2,	0.2,	400
3660681600.0,	93.86023342593694,	14.663283122525486,	0.015008728503959973,	0.05663915143980438,	0.2584916296474995,	0.24423248455361152,	400
3676460400.0,	93.86023342593694,	14.663283122525486,	0.015013689555977247,	0.06275087374435541,	0.3134899722769258,	0.2625007221961756,	400
3692239200.0,	93.86023342593694,	14.663283122525486,	0.015018501568862716,	0.06874386154185246,	0.35757352203855414,	0.2774103123400885,	400
3708018000.0,	93.86023342593694,	14.663283122525486,	0.01503061816339386,	0.07762297163886632,	0.4061076965477295,	0.3087227213520612,	400
3723796800.0,	93.86023342593694,	14.663283122525486,	0.015044199286714832,	0.0861465328356469,	0.45050412437539705,	0.3314721165819512,	400
3739575600.0,	93.86023342593694,	14.663283122525486,	0.01505957068760549,	0.09409131543938647,	0.4890179904743411,	0.34927778389952346,	400
3755354400.0,	93.86023342593694,	14.663283122525486,	0.015067514963775699,	0.09866817085172352,	0.5114148020860627,	0.35596575567809063,	400
