time ,	 x ,	 y ,	r_stem,	h_stem,	r_crown,	r_root,	k_geo
3708018000.0,	62.40181969465725,	4.502443464518849,	0.015,	0.05,	0.2,	0.2,	400
