time ,	 x ,	 y ,	r_stem,	h_stem,	r_crown,	r_root,	k_geo
1167631200.0,	21.36916042171396,	11.54007483115517,	0.015,	0.05,	0.2,	0.2,	400
