time ,	 x ,	 y ,	r_stem,	h_stem,	r_crown,	r_root,	k_geo
4544294400.0,	55.65896670809277,	14.155239777127635,	0.015,	0.05,	0.2,	0.2,	400
