time ,	 x ,	 y ,	r_stem,	h_stem,	r_crown,	r_root,	k_geo
3581787600.0,	87.45413373832616,	12.903346285411676,	0.015,	0.05,	0.2,	0.2,	400
