time ,	 x ,	 y ,	r_stem,	h_stem,	r_crown,	r_root,	k_geo
2587723200.0,	42.512508967387674,	13.03471692742439,	0.015,	0.05,	0.2,	0.2,	400
2603502000.0,	42.512508967387674,	13.03471692742439,	0.015001301424140367,	0.05062174197556647,	0.2033607795242944,	0.20659567560165798,	400
2619280800.0,	42.512508967387674,	13.03471692742439,	0.015003139046095256,	0.05155909339252506,	0.20914789346665352,	0.2154765504387381,	400
2635059600.0,	42.512508967387674,	13.03471692742439,	0.015006063709205028,	0.052642818067790934,	0.21280777694552125,	0.22873155627794392,	400
2650838400.0,	42.512508967387674,	13.03471692742439,	0.015009764881910304,	0.053989866045089215,	0.2182243551881863,	0.24378343167917021,	400
