time ,	 x ,	 y ,	r_stem,	h_stem,	r_crown,	r_root,	k_geo
3455557200.0,	85.45387012106673,	11.733762396624558,	0.015,	0.05,	0.2,	0.2,	400
