time ,	 x ,	 y ,	r_stem,	h_stem,	r_crown,	r_root,	k_geo
3092644800.0,	89.28471445549627,	4.07506993202029,	0.015,	0.05,	0.2,	0.2,	400
