time ,	 x ,	 y ,	r_stem,	h_stem,	r_crown,	r_root,	k_geo
4575852000.0,	10.70150987105728,	1.905060196231979,	0.015,	0.05,	0.2,	0.2,	400
4591630800.0,	10.70150987105728,	1.905060196231979,	0.015001368676797038,	0.0504357048406664,	0.20036534480919063,	0.20693650943992226,	400
