time ,	 x ,	 y ,	r_stem,	h_stem,	r_crown,	r_root,	k_geo
1593658800.0,	95.0809396370252,	12.655018530718866,	0.015,	0.05,	0.2,	0.2,	400
