time ,	 x ,	 y ,	r_stem,	h_stem,	r_crown,	r_root,	k_geo
2982193200.0,	62.047546390919884,	8.302333832039942,	0.015,	0.05,	0.2,	0.2,	400
