time ,	 x ,	 y ,	r_stem,	h_stem,	r_crown,	r_root,	k_geo
4260276000.0,	30.97688497727109,	5.6265693461936985,	0.015,	0.05,	0.2,	0.2,	400
