time ,	 x ,	 y ,	r_stem,	h_stem,	r_crown,	r_root,	k_geo
3550230000.0,	64.31024266636078,	6.420260422295799,	0.015,	0.05,	0.2,	0.2,	400
