time ,	 x ,	 y ,	r_stem,	h_stem,	r_crown,	r_root,	k_geo
78894000.0,	33.8756709377252,	7.854968433034053,	0.015,	0.05,	0.2,	0.2,	400
94672800.0,	33.8756709377252,	7.854968433034053,	0.015001567630708904,	0.051386990415506796,	0.21331768622530817,	0.2079447968602622,	400
110451600.0,	33.8756709377252,	7.854968433034053,	0.015003835845534138,	0.05315549874966308,	0.22809327214339442,	0.21897528766424518,	400
126230400.0,	33.8756709377252,	7.854968433034053,	0.01500696447686425,	0.055342336573351705,	0.24425309830628214,	0.23312073575649075,	400
142009200.0,	33.8756709377252,	7.854968433034053,	0.015011256777392266,	0.05798160114475663,	0.261557950163086,	0.25050501750846577,	400
157788000.0,	33.8756709377252,	7.854968433034053,	0.015020068745600605,	0.061144779305085,	0.2718162168847996,	0.281070993904159,	400
173566800.0,	33.8756709377252,	7.854968433034053,	0.015034982989972098,	0.0653684494671486,	0.28591657676536064,	0.31890408289034944,	400
189345600.0,	33.8756709377252,	7.854968433034053,	0.015040919425847019,	0.06801157418151174,	0.3066993692505145,	0.3287258945052694,	400
