time ,	 x ,	 y ,	r_stem,	h_stem,	r_crown,	r_root,	k_geo
3644902800.0,	80.03834939115085,	7.119468661389172,	0.015,	0.05,	0.2,	0.2,	400
3660681600.0,	80.03834939115085,	7.119468661389172,	0.015000593720635164,	0.05138717052141638,	0.21756190022982383,	0.20300902834682183,	400
