time ,	 x ,	 y ,	r_stem,	h_stem,	r_crown,	r_root,	k_geo
1435870800.0,	94.93829429591554,	9.63093190821298,	0.015,	0.05,	0.2,	0.2,	400
