time ,	 x ,	 y ,	r_stem,	h_stem,	r_crown,	r_root,	k_geo
2145916800.0,	87.04926840685768,	5.385933443404685,	0.015,	0.05,	0.2,	0.2,	400
2161695600.0,	87.04926840685768,	5.385933443404685,	0.01501059578031565,	0.05663749975860498,	0.2503541166019274,	0.2536938669317948,	400
