time ,	 x ,	 y ,	r_stem,	h_stem,	r_crown,	r_root,	k_geo
4023594000.0,	43.039882109103274,	7.384514675492667,	0.015,	0.05,	0.2,	0.2,	400
