time ,	 x ,	 y ,	r_stem,	h_stem,	r_crown,	r_root,	k_geo
2524608000.0,	0.5228173592942698,	1.7947469210203244,	0.015,	0.05,	0.2,	0.2,	400
