time ,	 x ,	 y ,	r_stem,	h_stem,	r_crown,	r_root,	k_geo
426027600.0,	63.700389993621584,	7.240089198755618,	0.015,	0.05,	0.2,	0.2,	400
