time ,	 x ,	 y ,	r_stem,	h_stem,	r_crown,	r_root,	k_geo
3423999600.0,	53.09670741813159,	6.645417544312078,	0.015,	0.05,	0.2,	0.2,	400
