time ,	 x ,	 y ,	r_stem,	h_stem,	r_crown,	r_root,	k_geo
1451649600.0,	2.7072794843096104,	0.8424885950949068,	0.015,	0.05,	0.2,	0.2,	400
1467428400.0,	2.7072794843096104,	0.8424885950949068,	0.01500216475083432,	0.051240084538775044,	0.20858301416749037,	0.21097093957127103,	400
1483207200.0,	2.7072794843096104,	0.8424885950949068,	0.01500471607210429,	0.05269842516720853,	0.2187253892022809,	0.22296983323326217,	400
1498986000.0,	2.7072794843096104,	0.8424885950949068,	0.015007711765509704,	0.05435373687285867,	0.22993921063476477,	0.23588182727989726,	400
1514764800.0,	2.7072794843096104,	0.8424885950949068,	0.01501129580818732,	0.05624127483256202,	0.24233812612280817,	0.24983308346886882,	400
1530543600.0,	2.7072794843096104,	0.8424885950949068,	0.015015615538060667,	0.05834552435204389,	0.2555141181054023,	0.26474610835232726,	400
