time ,	 x ,	 y ,	r_stem,	h_stem,	r_crown,	r_root,	k_geo
3550230000.0,	22.85703589484932,	11.385571047989647,	0.015,	0.05,	0.2,	0.2,	400
