time ,	 x ,	 y ,	r_stem,	h_stem,	r_crown,	r_root,	k_geo
1609437600.0,	69.74467411147354,	5.403630505270243,	0.015,	0.05,	0.2,	0.2,	400
