time ,	 x ,	 y ,	r_stem,	h_stem,	r_crown,	r_root,	k_geo
3613345200.0,	47.368100461276356,	5.793914802015176,	0.015,	0.05,	0.2,	0.2,	400
