time ,	 x ,	 y ,	r_stem,	h_stem,	r_crown,	r_root,	k_geo
1104516000.0,	83.15398625849477,	9.163429888827835,	0.015,	0.05,	0.2,	0.2,	400
