time ,	 x ,	 y ,	r_stem,	h_stem,	r_crown,	r_root,	k_geo
410248800.0,	73.8016840635364,	1.4864217850736439,	0.015,	0.05,	0.2,	0.2,	400
