time ,	 x ,	 y ,	r_stem,	h_stem,	r_crown,	r_root,	k_geo
1751446800.0,	3.8773632752007403,	6.57334170259856,	0.015,	0.05,	0.2,	0.2,	400
