time ,	 x ,	 y ,	r_stem,	h_stem,	r_crown,	r_root,	k_geo
4023594000.0,	57.38529378811843,	3.6449390517660185,	0.015,	0.05,	0.2,	0.2,	400
