time ,	 x ,	 y ,	r_stem,	h_stem,	r_crown,	r_root,	k_geo
504921600.0,	24.606017214597063,	5.375712489996224,	0.015,	0.05,	0.2,	0.2,	400
520700400.0,	24.606017214597063,	5.375712489996224,	0.015000576699786917,	0.050181996568798744,	0.20013056469037285,	0.20292276579229288,	400
536479200.0,	24.606017214597063,	5.375712489996224,	0.015001582964398122,	0.05049595203417575,	0.20038330387291506,	0.20790414422822806,	400
552258000.0,	24.606017214597063,	5.375712489996224,	0.015002561508382197,	0.05079287484991889,	0.2006334922517212,	0.21255729565207415,	400
568036800.0,	24.606017214597063,	5.375712489996224,	0.01500430031087965,	0.05131163064886136,	0.2011594042655469,	0.22051850270471107,	400
583815600.0,	24.606017214597063,	5.375712489996224,	0.015006863507501942,	0.052050920406866256,	0.20208555027458242,	0.23151233019895062,	400
