time ,	 x ,	 y ,	r_stem,	h_stem,	r_crown,	r_root,	k_geo
1372755600.0,	82.01323763048272,	2.7172859634412854,	0.015,	0.05,	0.2,	0.2,	400
