time ,	 x ,	 y ,	r_stem,	h_stem,	r_crown,	r_root,	k_geo
2240589600.0,	4.971930491002707,	14.700980907199162,	0.015,	0.05,	0.2,	0.2,	400
