time ,	 x ,	 y ,	r_stem,	h_stem,	r_crown,	r_root,	k_geo
3581787600.0,	36.42510266115926,	8.96672570735799,	0.015,	0.05,	0.2,	0.2,	400
