time ,	 x ,	 y ,	r_stem,	h_stem,	r_crown,	r_root,	k_geo
299797200.0,	80.50440076155637,	9.23250577538726,	0.015,	0.05,	0.2,	0.2,	400
