time ,	 x ,	 y ,	r_stem,	h_stem,	r_crown,	r_root,	k_geo
3692239200.0,	78.39644048321138,	10.968475151801643,	0.015,	0.05,	0.2,	0.2,	400
