time ,	 x ,	 y ,	r_stem,	h_stem,	r_crown,	r_root,	k_geo
362912400.0,	8.982431374372702,	2.751268341446723,	0.015,	0.05,	0.2,	0.2,	400
378691200.0,	8.982431374372702,	2.751268341446723,	0.01500167785412127,	0.050856456474837955,	0.2051306262001549,	0.20850340093420489,	400
394470000.0,	8.982431374372702,	2.751268341446723,	0.015003629191613013,	0.05185867015973473,	0.211371530880785,	0.2178157995890067,	400
410248800.0,	8.982431374372702,	2.751268341446723,	0.015005756945843695,	0.052917317368758245,	0.2178854791472392,	0.22730250812240815,	400
426027600.0,	8.982431374372702,	2.751268341446723,	0.015008110444524637,	0.05404818563152635,	0.22477009989012964,	0.23705836795815494,	400
441806400.0,	8.982431374372702,	2.751268341446723,	0.015010848251737234,	0.05533338444605749,	0.2326681199541754,	0.24754629863995528,	400
457585200.0,	8.982431374372702,	2.751268341446723,	0.01501395692426656,	0.056717873471457354,	0.2409982767483473,	0.25843728364229474,	400
