time ,	 x ,	 y ,	r_stem,	h_stem,	r_crown,	r_root,	k_geo
1514764800.0,	37.906340745282805,	3.6813369496902704,	0.015,	0.05,	0.2,	0.2,	400
