time ,	 x ,	 y ,	r_stem,	h_stem,	r_crown,	r_root,	k_geo
3155760000.0,	67.87621752960203,	5.521863287629127,	0.015,	0.05,	0.2,	0.2,	400
