time ,	 x ,	 y ,	r_stem,	h_stem,	r_crown,	r_root,	k_geo
157788000.0,	94.51358731552382,	4.667205357099263,	0.015,	0.05,	0.2,	0.2,	400
