time ,	 x ,	 y ,	r_stem,	h_stem,	r_crown,	r_root,	k_geo
2256368400.0,	50.670206644293195,	0.686302237259101,	0.015,	0.05,	0.2,	0.2,	400
