time ,	 x ,	 y ,	r_stem,	h_stem,	r_crown,	r_root,	k_geo
4134045600.0,	2.2213526615890378,	8.384439448296758,	0.015,	0.05,	0.2,	0.2,	400
