time ,	 x ,	 y ,	r_stem,	h_stem,	r_crown,	r_root,	k_geo
3108423600.0,	83.30177877273039,	7.327651130976224,	0.015,	0.05,	0.2,	0.2,	400
