time ,	 x ,	 y ,	r_stem,	h_stem,	r_crown,	r_root,	k_geo
426027600.0,	71.17549912681321,	12.408995009081682,	0.015,	0.05,	0.2,	0.2,	400
