time ,	 x ,	 y ,	r_stem,	h_stem,	r_crown,	r_root,	k_geo
1956571200.0,	76.47352600871142,	2.303940256862189,	0.015,	0.05,	0.2,	0.2,	400
