time ,	 x ,	 y ,	r_stem,	h_stem,	r_crown,	r_root,	k_geo
646930800.0,	86.74597627848308,	7.9836692043933715,	0.015,	0.05,	0.2,	0.2,	400
