time ,	 x ,	 y ,	r_stem,	h_stem,	r_crown,	r_root,	k_geo
4118266800.0,	21.3978276218713,	7.849150245709785,	0.015,	0.05,	0.2,	0.2,	400
