time ,	 x ,	 y ,	r_stem,	h_stem,	r_crown,	r_root,	k_geo
930949200.0,	28.227638437606007,	11.032753530646335,	0.015,	0.05,	0.2,	0.2,	400
