time ,	 x ,	 y ,	r_stem,	h_stem,	r_crown,	r_root,	k_geo
1057179600.0,	72.43806859406766,	5.787088664649078,	0.015,	0.05,	0.2,	0.2,	400
