time ,	 x ,	 y ,	r_stem,	h_stem,	r_crown,	r_root,	k_geo
1483207200.0,	99.30317502932174,	4.932477683860761,	0.015,	0.05,	0.2,	0.2,	400
