time ,	 x ,	 y ,	r_stem,	h_stem,	r_crown,	r_root,	k_geo
3234654000.0,	73.88340688984643,	10.621025162728065,	0.015,	0.05,	0.2,	0.2,	400
3250432800.0,	73.88340688984643,	10.621025162728065,	0.015010242705934302,	0.054525308268019164,	0.22117719664688928,	0.2519048919531127,	400
3266211600.0,	73.88340688984643,	10.621025162728065,	0.015025418695599608,	0.061723116800489725,	0.27510681079198634,	0.3024766845226953,	400
3281990400.0,	73.88340688984643,	10.621025162728065,	0.015027431487181844,	0.06423166436101209,	0.3008366596160553,	0.30651675299274656,	400
