time ,	 x ,	 y ,	r_stem,	h_stem,	r_crown,	r_root,	k_geo
3266211600.0,	29.852913296938333,	14.13268548097773,	0.015,	0.05,	0.2,	0.2,	400
