time ,	 x ,	 y ,	r_stem,	h_stem,	r_crown,	r_root,	k_geo
773161200.0,	16.24870011311268,	6.017916949361793,	0.015,	0.05,	0.2,	0.2,	400
