time ,	 x ,	 y ,	r_stem,	h_stem,	r_crown,	r_root,	k_geo
3913142400.0,	77.28903008532905,	10.615781426692916,	0.015,	0.05,	0.2,	0.2,	400
