time ,	 x ,	 y ,	r_stem,	h_stem,	r_crown,	r_root,	k_geo
2855962800.0,	80.36759599643491,	5.3871888163486075,	0.015,	0.05,	0.2,	0.2,	400
