time ,	 x ,	 y ,	r_stem,	h_stem,	r_crown,	r_root,	k_geo
2508829200.0,	97.50104243984303,	3.0057474050514426,	0.015,	0.05,	0.2,	0.2,	400
