time ,	 x ,	 y ,	r_stem,	h_stem,	r_crown,	r_root,	k_geo
3455557200.0,	86.07654622002177,	5.246446564736263,	0.015,	0.05,	0.2,	0.2,	400
