time ,	 x ,	 y ,	r_stem,	h_stem,	r_crown,	r_root,	k_geo
2493050400.0,	72.53670501345695,	1.0320520910455584,	0.015,	0.05,	0.2,	0.2,	400
