time ,	 x ,	 y ,	r_stem,	h_stem,	r_crown,	r_root,	k_geo
930949200.0,	78.75718729472638,	10.828014930194913,	0.015,	0.05,	0.2,	0.2,	400
