time ,	 x ,	 y ,	r_stem,	h_stem,	r_crown,	r_root,	k_geo
489142800.0,	68.78122867355535,	2.1203742880097987,	0.015,	0.05,	0.2,	0.2,	400
