time ,	 x ,	 y ,	r_stem,	h_stem,	r_crown,	r_root,	k_geo
4496958000.0,	20.643717984336575,	14.66011119130893,	0.015,	0.05,	0.2,	0.2,	400
4512736800.0,	20.643717984336575,	14.66011119130893,	0.015000205162141116,	0.05006450823685381,	0.2000429541425018,	0.20103978463013028,	400
4528515600.0,	20.643717984336575,	14.66011119130893,	0.015000298848912751,	0.050093767156135824,	0.20006223019469732,	0.20151064993545073,	400
