time ,	 x ,	 y ,	r_stem,	h_stem,	r_crown,	r_root,	k_geo
1136073600.0,	68.00923076420335,	2.4700866889081095,	0.015,	0.05,	0.2,	0.2,	400
