time ,	 x ,	 y ,	r_stem,	h_stem,	r_crown,	r_root,	k_geo
1341198000.0,	25.231843026671196,	9.92157449132067,	0.015,	0.05,	0.2,	0.2,	400
1356976800.0,	25.231843026671196,	9.92157449132067,	0.015000106573018224,	0.050033477998211645,	0.2000218520328097,	0.20054012459355652,	400
1372755600.0,	25.231843026671196,	9.92157449132067,	0.015000132232757351,	0.05004150860882822,	0.20002704072139588,	0.20066960822046842,	400
