time ,	 x ,	 y ,	r_stem,	h_stem,	r_crown,	r_root,	k_geo
1972350000.0,	71.01627428146034,	10.46193615408321,	0.015,	0.05,	0.2,	0.2,	400
