time ,	 x ,	 y ,	r_stem,	h_stem,	r_crown,	r_root,	k_geo
946728000.0,	53.76707488640006,	3.06106670937699,	0.015,	0.05,	0.2,	0.2,	400
