time ,	 x ,	 y ,	r_stem,	h_stem,	r_crown,	r_root,	k_geo
315576000.0,	78.26966242673845,	3.101973007004709,	0.015,	0.05,	0.2,	0.2,	400
