time ,	 x ,	 y ,	r_stem,	h_stem,	r_crown,	r_root,	k_geo
299797200.0,	86.70833206564956,	1.6282646149628772,	0.015,	0.05,	0.2,	0.2,	400
