time ,	 x ,	 y ,	r_stem,	h_stem,	r_crown,	r_root,	k_geo
2193253200.0,	47.82442764904171,	11.741331206689194,	0.015,	0.05,	0.2,	0.2,	400
2209032000.0,	47.82442764904171,	11.741331206689194,	0.015002112245742771,	0.05119221692499178,	0.208116282440233,	0.21070485097429953,	400
2224810800.0,	47.82442764904171,	11.741331206689194,	0.01500457365923285,	0.05269284292005919,	0.21925291918455933,	0.22229761805802148,	400
