time ,	 x ,	 y ,	r_stem,	h_stem,	r_crown,	r_root,	k_geo
3045308400.0,	19.264865485352644,	6.709329931557536,	0.015,	0.05,	0.2,	0.2,	400
3061087200.0,	19.264865485352644,	6.709329931557536,	0.015000131377660545,	0.050041279567887335,	0.2000270799847436,	0.20066583723967132,	400
3076866000.0,	19.264865485352644,	6.709329931557536,	0.01500028871259063,	0.05009054683833029,	0.20005981696588507,	0.20145897456051054,	400
3092644800.0,	19.264865485352644,	6.709329931557536,	0.015000308797336867,	0.05009680063911294,	0.2000638960268028,	0.20155957978389838,	400
