time ,	 x ,	 y ,	r_stem,	h_stem,	r_crown,	r_root,	k_geo
347133600.0,	78.14408191359004,	2.403377204691277,	0.015,	0.05,	0.2,	0.2,	400
