time ,	 x ,	 y ,	r_stem,	h_stem,	r_crown,	r_root,	k_geo
2777068800.0,	73.05443501082266,	1.0163889677008298,	0.015,	0.05,	0.2,	0.2,	400
