time ,	 x ,	 y ,	r_stem,	h_stem,	r_crown,	r_root,	k_geo
2792847600.0,	34.61634904872797,	7.729578537615128,	0.015,	0.05,	0.2,	0.2,	400
2808626400.0,	34.61634904872797,	7.729578537615128,	0.015001158652086956,	0.050541635332640146,	0.2028191032685894,	0.2058721105764504,	400
2824405200.0,	34.61634904872797,	7.729578537615128,	0.015002697225887693,	0.051287716482690725,	0.20709691521638945,	0.21334476692999696,	400
2840184000.0,	34.61634904872797,	7.729578537615128,	0.015004244218225765,	0.05201120922445235,	0.21116795915362488,	0.22045929367510736,	400
2855962800.0,	34.61634904872797,	7.729578537615128,	0.015006189161526842,	0.052943146831368276,	0.21680065986510744,	0.22893484264842406,	400
2871741600.0,	34.61634904872797,	7.729578537615128,	0.015008298216511326,	0.05391945256765215,	0.22263517704187202,	0.23754119140710744,	400
