time ,	 x ,	 y ,	r_stem,	h_stem,	r_crown,	r_root,	k_geo
4165603200.0,	57.32849264870185,	11.184919042696752,	0.015,	0.05,	0.2,	0.2,	400
