time ,	 x ,	 y ,	r_stem,	h_stem,	r_crown,	r_root,	k_geo
4544294400.0,	81.7741621922394,	2.657730729287197,	0.015,	0.05,	0.2,	0.2,	400
4560073200.0,	81.7741621922394,	2.657730729287197,	0.015011087740518132,	0.056435787495328855,	0.24528352039860718,	0.2561865301277081,	400
4575852000.0,	81.7741621922394,	2.657730729287197,	0.015031160291368514,	0.06629378141492098,	0.3102167242001769,	0.32143260775153837,	400
4591630800.0,	81.7741621922394,	2.657730729287197,	0.015089008374612623,	0.08123334555040897,	0.3812404298013551,	0.4122394172666274,	400
