time ,	 x ,	 y ,	r_stem,	h_stem,	r_crown,	r_root,	k_geo
2019686400.0,	52.72618380521752,	0.9083416915867215,	0.015,	0.05,	0.2,	0.2,	400
