time ,	 x ,	 y ,	r_stem,	h_stem,	r_crown,	r_root,	k_geo
1009843200.0,	2.0045162866846655,	13.559403549968529,	0.015,	0.05,	0.2,	0.2,	400
