time ,	 x ,	 y ,	r_stem,	h_stem,	r_crown,	r_root,	k_geo
725824800.0,	99.95740296574229,	4.905659981478111,	0.015,	0.05,	0.2,	0.2,	400
