time ,	 x ,	 y ,	r_stem,	h_stem,	r_crown,	r_root,	k_geo
4134045600.0,	11.809445390491735,	14.433341666996919,	0.015,	0.05,	0.2,	0.2,	400
