time ,	 x ,	 y ,	r_stem,	h_stem,	r_crown,	r_root,	k_geo
804718800.0,	99.10844787170299,	2.8913206360821246,	0.015,	0.05,	0.2,	0.2,	400
