time ,	 x ,	 y ,	r_stem,	h_stem,	r_crown,	r_root,	k_geo
2351041200.0,	67.76119767421766,	6.70507981867137,	0.015,	0.05,	0.2,	0.2,	400
