time ,	 x ,	 y ,	r_stem,	h_stem,	r_crown,	r_root,	k_geo
2635059600.0,	39.03623942745753,	13.530706286775853,	0.015,	0.05,	0.2,	0.2,	400
