time ,	 x ,	 y ,	r_stem,	h_stem,	r_crown,	r_root,	k_geo
1672552800.0,	10.158967230432935,	1.0018794623288434,	0.015,	0.05,	0.2,	0.2,	400
