time ,	 x ,	 y ,	r_stem,	h_stem,	r_crown,	r_root,	k_geo
678488400.0,	39.56480839367737,	14.424607222914924,	0.015,	0.05,	0.2,	0.2,	400
