time ,	 x ,	 y ,	r_stem,	h_stem,	r_crown,	r_root,	k_geo
3187317600.0,	80.05339488236,	13.176835473427762,	0.015,	0.05,	0.2,	0.2,	400
