time ,	 x ,	 y ,	r_stem,	h_stem,	r_crown,	r_root,	k_geo
4149824400.0,	44.811109998954436,	3.152194910170203,	0.015,	0.05,	0.2,	0.2,	400
