time ,	 x ,	 y ,	r_stem,	h_stem,	r_crown,	r_root,	k_geo
2319483600.0,	3.718658530792618,	1.2904944524513207,	0.015,	0.05,	0.2,	0.2,	400
