time ,	 x ,	 y ,	r_stem,	h_stem,	r_crown,	r_root,	k_geo
78894000.0,	94.71896450261988,	2.6265134832161925,	0.015,	0.05,	0.2,	0.2,	400
94672800.0,	94.71896450261988,	2.6265134832161925,	0.015003966843311728,	0.05664336611221638,	0.279246775370918,	0.22010349258748427,	400
110451600.0,	94.71896450261988,	2.6265134832161925,	0.01502814849035175,	0.07205418917662423,	0.3503939301318444,	0.33465844280627904,	400
