time ,	 x ,	 y ,	r_stem,	h_stem,	r_crown,	r_root,	k_geo
1925013600.0,	45.340039481090756,	1.2956132695003197,	0.015,	0.05,	0.2,	0.2,	400
