time ,	 x ,	 y ,	r_stem,	h_stem,	r_crown,	r_root,	k_geo
3234654000.0,	85.3084006801128,	2.6622582757381745,	0.015,	0.05,	0.2,	0.2,	400
