time ,	 x ,	 y ,	r_stem,	h_stem,	r_crown,	r_root,	k_geo
4560073200.0,	72.61689338506824,	11.202739430045336,	0.015,	0.05,	0.2,	0.2,	400
