time ,	 x ,	 y ,	r_stem,	h_stem,	r_crown,	r_root,	k_geo
3692239200.0,	75.36371349168125,	14.8627836635645,	0.015,	0.05,	0.2,	0.2,	400
