time ,	 x ,	 y ,	r_stem,	h_stem,	r_crown,	r_root,	k_geo
3029529600.0,	74.66506185357179,	14.439965989431956,	0.015,	0.05,	0.2,	0.2,	400
