time ,	 x ,	 y ,	r_stem,	h_stem,	r_crown,	r_root,	k_geo
2840184000.0,	73.47422206417365,	3.7867887864582594,	0.015,	0.05,	0.2,	0.2,	400
