time ,	 x ,	 y ,	r_stem,	h_stem,	r_crown,	r_root,	k_geo
1151852400.0,	40.060324290915425,	7.867438509981952,	0.015,	0.05,	0.2,	0.2,	400
