time ,	 x ,	 y ,	r_stem,	h_stem,	r_crown,	r_root,	k_geo
662709600.0,	81.69737002394926,	10.287085500686711,	0.015,	0.05,	0.2,	0.2,	400
