time ,	 x ,	 y ,	r_stem,	h_stem,	r_crown,	r_root,	k_geo
1562101200.0,	72.70615357267297,	0.6239007097426269,	0.015,	0.05,	0.2,	0.2,	400
