time ,	 x ,	 y ,	r_stem,	h_stem,	r_crown,	r_root,	k_geo
4307612400.0,	90.99480965122649,	2.0385095211666338,	0.015,	0.05,	0.2,	0.2,	400
