time ,	 x ,	 y ,	r_stem,	h_stem,	r_crown,	r_root,	k_geo
568036800.0,	48.24420817842338,	11.030036751290861,	0.015,	0.05,	0.2,	0.2,	400
