time ,	 x ,	 y ,	r_stem,	h_stem,	r_crown,	r_root,	k_geo
4339170000.0,	4.5052050260014465,	13.885466141901087,	0.015,	0.05,	0.2,	0.2,	400
