time ,	 x ,	 y ,	r_stem,	h_stem,	r_crown,	r_root,	k_geo
4055151600.0,	62.75970050039559,	14.458778622045646,	0.015,	0.05,	0.2,	0.2,	400
