time ,	 x ,	 y ,	r_stem,	h_stem,	r_crown,	r_root,	k_geo
4386506400.0,	85.81719300063217,	12.384796676570648,	0.015,	0.05,	0.2,	0.2,	400
