time ,	 x ,	 y ,	r_stem,	h_stem,	r_crown,	r_root,	k_geo
3455557200.0,	40.94121799590186,	11.597232035578074,	0.015,	0.05,	0.2,	0.2,	400
