time ,	 x ,	 y ,	r_stem,	h_stem,	r_crown,	r_root,	k_geo
3850027200.0,	11.14652825031569,	3.256592418522328,	0.015,	0.05,	0.2,	0.2,	400
