time ,	 x ,	 y ,	r_stem,	h_stem,	r_crown,	r_root,	k_geo
4560073200.0,	65.71810823220144,	6.629842931484527,	0.015,	0.05,	0.2,	0.2,	400
