time ,	 x ,	 y ,	r_stem,	h_stem,	r_crown,	r_root,	k_geo
4181382000.0,	38.998488260177545,	1.0132307673634267,	0.015,	0.05,	0.2,	0.2,	400
