time ,	 x ,	 y ,	r_stem,	h_stem,	r_crown,	r_root,	k_geo
4354948800.0,	66.88793291581429,	11.997904367095801,	0.015,	0.05,	0.2,	0.2,	400
