time ,	 x ,	 y ,	r_stem,	h_stem,	r_crown,	r_root,	k_geo
2461492800.0,	40.983897567243844,	7.587819443853118,	0.015,	0.05,	0.2,	0.2,	400
