time ,	 x ,	 y ,	r_stem,	h_stem,	r_crown,	r_root,	k_geo
757382400.0,	24.539500509859757,	5.029084110018714,	0.015,	0.05,	0.2,	0.2,	400
773161200.0,	24.539500509859757,	5.029084110018714,	0.015000440258651989,	0.05018809324343211,	0.20081361954932092,	0.2022312736613652,	400
788940000.0,	24.539500509859757,	5.029084110018714,	0.015000906894181066,	0.05038672654410174,	0.2016860634503298,	0.20455742346953257,	400
804718800.0,	24.539500509859757,	5.029084110018714,	0.015001356427005223,	0.05057639678775444,	0.2025226333522073,	0.20675980773433567,	400
820497600.0,	24.539500509859757,	5.029084110018714,	0.015001744853020797,	0.050738135644341945,	0.20323105410446154,	0.208631630609306,	400
836276400.0,	24.539500509859757,	5.029084110018714,	0.015002314319011993,	0.0509784387980842,	0.2043371100826382,	0.2113373250184135,	400
