time ,	 x ,	 y ,	r_stem,	h_stem,	r_crown,	r_root,	k_geo
3913142400.0,	91.19597482105937,	11.18108951692558,	0.015,	0.05,	0.2,	0.2,	400
