time ,	 x ,	 y ,	r_stem,	h_stem,	r_crown,	r_root,	k_geo
3976257600.0,	76.28133683330975,	10.389895844919556,	0.015,	0.05,	0.2,	0.2,	400
