time ,	 x ,	 y ,	r_stem,	h_stem,	r_crown,	r_root,	k_geo
1925013600.0,	95.66586505306923,	13.158996428328335,	0.015,	0.05,	0.2,	0.2,	400
1940792400.0,	95.66586505306923,	13.158996428328335,	0.015006708147443957,	0.056640939221064404,	0.2672972614559721,	0.2339949734633633,	400
1956571200.0,	95.66586505306923,	13.158996428328335,	0.015006773603293461,	0.0571652719429156,	0.27274408039904263,	0.23426306923972215,	400
1972350000.0,	95.66586505306923,	13.158996428328335,	0.015006871433965898,	0.05783464009701907,	0.2794738110872916,	0.2346643596884044,	400
