time ,	 x ,	 y ,	r_stem,	h_stem,	r_crown,	r_root,	k_geo
4528515600.0,	43.748382029646,	9.35835596975842,	0.015,	0.05,	0.2,	0.2,	400
