time ,	 x ,	 y ,	r_stem,	h_stem,	r_crown,	r_root,	k_geo
1325419200.0,	56.52340330154574,	5.171900376231321,	0.015,	0.05,	0.2,	0.2,	400
