time ,	 x ,	 y ,	r_stem,	h_stem,	r_crown,	r_root,	k_geo
2524608000.0,	69.03582437454679,	8.129124034896511,	0.015,	0.05,	0.2,	0.2,	400
