time ,	 x ,	 y ,	r_stem,	h_stem,	r_crown,	r_root,	k_geo
1877677200.0,	50.57791058840857,	13.79868544880084,	0.015,	0.05,	0.2,	0.2,	400
1893456000.0,	50.57791058840857,	13.79868544880084,	0.01500219510332775,	0.05138687439511084,	0.2105833441775402,	0.21112476168797903,	400
1909234800.0,	50.57791058840857,	13.79868544880084,	0.015004839340630436,	0.05297868262358411,	0.22201566278417242,	0.22358621693602085,	400
1925013600.0,	50.57791058840857,	13.79868544880084,	0.01500805839653431,	0.05478068799242395,	0.23406980578927708,	0.23744720364119656,	400
