time ,	 x ,	 y ,	r_stem,	h_stem,	r_crown,	r_root,	k_geo
1309640400.0,	82.12396848996134,	1.2586793538400092,	0.015,	0.05,	0.2,	0.2,	400
