time ,	 x ,	 y ,	r_stem,	h_stem,	r_crown,	r_root,	k_geo
1072958400.0,	90.8068231737029,	8.34404790004728,	0.015,	0.05,	0.2,	0.2,	400
1088737200.0,	90.8068231737029,	8.34404790004728,	0.015008969905460499,	0.0566389378757502,	0.25743956184413147,	0.24545567613689287,	400
1104516000.0,	90.8068231737029,	8.34404790004728,	0.015017021078125796,	0.06410790635522973,	0.31931338126842046,	0.2747291811976231,	400
1120294800.0,	90.8068231737029,	8.34404790004728,	0.015044530820518135,	0.07726750348019329,	0.38271688712632207,	0.3489794470197043,	400
1136073600.0,	90.8068231737029,	8.34404790004728,	0.015122737056039552,	0.09539194510443152,	0.46500627198955985,	0.4275388704367743,	400
1151852400.0,	90.8068231737029,	8.34404790004728,	0.01524738622887059,	0.11029660141112785,	0.5393418292985132,	0.46208609415151713,	400
1167631200.0,	90.8068231737029,	8.34404790004728,	0.015286993276252703,	0.11573332084139037,	0.5670613166154753,	0.46768769468264687,	400
