time ,	 x ,	 y ,	r_stem,	h_stem,	r_crown,	r_root,	k_geo
2003907600.0,	97.81663215357496,	8.714847197908796,	0.015,	0.05,	0.2,	0.2,	400
2019686400.0,	97.81663215357496,	8.714847197908796,	0.015007122599587324,	0.05664057242010439,	0.26549080578883344,	0.23609511796929597,	400
2035465200.0,	97.81663215357496,	8.714847197908796,	0.01501268259271522,	0.0636042486345169,	0.3238927874365975,	0.2583734497937851,	400
2051244000.0,	97.81663215357496,	8.714847197908796,	0.015018234792541819,	0.07048574544318416,	0.3713197706751839,	0.2763882737944272,	400
2067022800.0,	97.81663215357496,	8.714847197908796,	0.015031427020121934,	0.08059282346221433,	0.4244312752443635,	0.31070000820736343,	400
