time ,	 x ,	 y ,	r_stem,	h_stem,	r_crown,	r_root,	k_geo
2335262400.0,	61.953568661474655,	3.371086917498717,	0.015,	0.05,	0.2,	0.2,	400
