time ,	 x ,	 y ,	r_stem,	h_stem,	r_crown,	r_root,	k_geo
3155760000.0,	91.96138173611544,	9.876196512250832,	0.015,	0.05,	0.2,	0.2,	400
