time ,	 x ,	 y ,	r_stem,	h_stem,	r_crown,	r_root,	k_geo
4528515600.0,	79.73654765542581,	10.81478750435671,	0.015,	0.05,	0.2,	0.2,	400
