time ,	 x ,	 y ,	r_stem,	h_stem,	r_crown,	r_root,	k_geo
3234654000.0,	37.1934425292425,	13.212134634438451,	0.015,	0.05,	0.2,	0.2,	400
