time ,	 x ,	 y ,	r_stem,	h_stem,	r_crown,	r_root,	k_geo
410248800.0,	80.78429595460223,	0.8283422761650561,	0.015,	0.05,	0.2,	0.2,	400
