time ,	 x ,	 y ,	r_stem,	h_stem,	r_crown,	r_root,	k_geo
2303704800.0,	29.253152081112223,	9.226724785741094,	0.015,	0.05,	0.2,	0.2,	400
