time ,	 x ,	 y ,	r_stem,	h_stem,	r_crown,	r_root,	k_geo
2682396000.0,	99.95126455183491,	10.029794617612648,	0.015,	0.05,	0.2,	0.2,	400
