time ,	 x ,	 y ,	r_stem,	h_stem,	r_crown,	r_root,	k_geo
2982193200.0,	60.67867891607849,	0.7918148891070553,	0.015,	0.05,	0.2,	0.2,	400
