time ,	 x ,	 y ,	r_stem,	h_stem,	r_crown,	r_root,	k_geo
1830340800.0,	53.97117079878719,	1.6641475440751174,	0.015,	0.05,	0.2,	0.2,	400
