time ,	 x ,	 y ,	r_stem,	h_stem,	r_crown,	r_root,	k_geo
2950635600.0,	78.30488596085188,	8.85460814069099,	0.015,	0.05,	0.2,	0.2,	400
