time ,	 x ,	 y ,	r_stem,	h_stem,	r_crown,	r_root,	k_geo
552258000.0,	77.00553168697222,	0.02253909443269031,	0.015,	0.05,	0.2,	0.2,	400
