time ,	 x ,	 y ,	r_stem,	h_stem,	r_crown,	r_root,	k_geo
1925013600.0,	67.01017614362172,	11.7597056579699,	0.015,	0.05,	0.2,	0.2,	400
