time ,	 x ,	 y ,	r_stem,	h_stem,	r_crown,	r_root,	k_geo
2934856800.0,	87.0621013993117,	9.897211787981684,	0.015,	0.05,	0.2,	0.2,	400
2950635600.0,	87.0621013993117,	9.897211787981684,	0.01501058294568202,	0.05663751110925197,	0.25041004636821135,	0.2536288360336531,	400
2966414400.0,	87.0621013993117,	9.897211787981684,	0.01503187411250476,	0.06725223480240963,	0.316898672132748,	0.32478169531842965,	400
2982193200.0,	87.0621013993117,	9.897211787981684,	0.015032583561454323,	0.06895066009138172,	0.3331270948531052,	0.3258442197159207,	400
2997972000.0,	87.0621013993117,	9.897211787981684,	0.015033887265160736,	0.07135098322285471,	0.3542126877478028,	0.3277380762624901,	400
3013750800.0,	87.0621013993117,	9.897211787981684,	0.015043510601342791,	0.07814897462727233,	0.4024655215626675,	0.3410588381517087,	400
3029529600.0,	87.0621013993117,	9.897211787981684,	0.015055869506799028,	0.08520448211387818,	0.4449819662259261,	0.3544996163831487,	400
