time ,	 x ,	 y ,	r_stem,	h_stem,	r_crown,	r_root,	k_geo
2997972000.0,	39.39310010975482,	9.790799168261755,	0.015,	0.05,	0.2,	0.2,	400
