time ,	 x ,	 y ,	r_stem,	h_stem,	r_crown,	r_root,	k_geo
3423999600.0,	15.767841671169657,	9.986395273057953,	0.015,	0.05,	0.2,	0.2,	400
