time ,	 x ,	 y ,	r_stem,	h_stem,	r_crown,	r_root,	k_geo
4212939600.0,	71.79120738737001,	3.8678330838931174,	0.015,	0.05,	0.2,	0.2,	400
