time ,	 x ,	 y ,	r_stem,	h_stem,	r_crown,	r_root,	k_geo
1861898400.0,	51.45381104351957,	3.5304503978221007,	0.015,	0.05,	0.2,	0.2,	400
