time ,	 x ,	 y ,	r_stem,	h_stem,	r_crown,	r_root,	k_geo
2982193200.0,	58.35009710438695,	5.397269252142976,	0.015,	0.05,	0.2,	0.2,	400
