time ,	 x ,	 y ,	r_stem,	h_stem,	r_crown,	r_root,	k_geo
1420092000.0,	80.12221029511794,	11.703001118039326,	0.015,	0.05,	0.2,	0.2,	400
