time ,	 x ,	 y ,	r_stem,	h_stem,	r_crown,	r_root,	k_geo
1120294800.0,	71.19937439654971,	2.8744775692844815,	0.015,	0.05,	0.2,	0.2,	400
