time ,	 x ,	 y ,	r_stem,	h_stem,	r_crown,	r_root,	k_geo
2682396000.0,	39.092777934800026,	11.538438795950245,	0.015,	0.05,	0.2,	0.2,	400
