time ,	 x ,	 y ,	r_stem,	h_stem,	r_crown,	r_root,	k_geo
4323391200.0,	73.41922491835481,	3.9822282633607875,	0.015,	0.05,	0.2,	0.2,	400
