time ,	 x ,	 y ,	r_stem,	h_stem,	r_crown,	r_root,	k_geo
2114359200.0,	13.996530990538558,	4.9259293359399905,	0.015,	0.05,	0.2,	0.2,	400
