time ,	 x ,	 y ,	r_stem,	h_stem,	r_crown,	r_root,	k_geo
3360884400.0,	7.147528951005877,	10.434897178180014,	0.015,	0.05,	0.2,	0.2,	400
