time ,	 x ,	 y ,	r_stem,	h_stem,	r_crown,	r_root,	k_geo
725824800.0,	20.840932927580425,	2.8610095245057785,	0.015,	0.05,	0.2,	0.2,	400
741603600.0,	20.840932927580425,	2.8610095245057785,	0.015000491553484359,	0.05021118053741953,	0.20092546401541345,	0.2024912393189427,	400
757382400.0,	20.840932927580425,	2.8610095245057785,	0.015001099527806462,	0.050473852794900576,	0.20212136151802254,	0.20551618798483012,	400
773161200.0,	20.840932927580425,	2.8610095245057785,	0.015001816348947435,	0.05078450034131566,	0.20358658221632248,	0.20900342501982389,	400
788940000.0,	20.840932927580425,	2.8610095245057785,	0.015002544851709319,	0.05109695443894631,	0.20507545157783738,	0.2124563047656121,	400
804718800.0,	20.840932927580425,	2.8610095245057785,	0.015003315597296398,	0.05142510188487826,	0.20666451257895302,	0.2160153213260659,	400
820497600.0,	20.840932927580425,	2.8610095245057785,	0.015004044680767659,	0.0517299686571873,	0.20813453229248152,	0.21929168771024377,	400
836276400.0,	20.840932927580425,	2.8610095245057785,	0.015005040497316996,	0.052153894684047325,	0.21031126955501594,	0.22365462915221776,	400
