time ,	 x ,	 y ,	r_stem,	h_stem,	r_crown,	r_root,	k_geo
4560073200.0,	93.98410190520943,	7.721056287169502,	0.015,	0.05,	0.2,	0.2,	400
