time ,	 x ,	 y ,	r_stem,	h_stem,	r_crown,	r_root,	k_geo
2997972000.0,	68.47318592201945,	1.8247936577991215,	0.015,	0.05,	0.2,	0.2,	400
3013750800.0,	68.47318592201945,	1.8247936577991215,	0.015008920820344775,	0.05350361037830167,	0.2120718531163351,	0.2452069603628243,	400
3029529600.0,	68.47318592201945,	1.8247936577991215,	0.015022675853459939,	0.0592205646582417,	0.249963474611936,	0.2935248513718116,	400
