time ,	 x ,	 y ,	r_stem,	h_stem,	r_crown,	r_root,	k_geo
3423999600.0,	87.7310870689651,	13.028131687601165,	0.015,	0.05,	0.2,	0.2,	400
