time ,	 x ,	 y ,	r_stem,	h_stem,	r_crown,	r_root,	k_geo
2461492800.0,	1.5963069776085748,	6.690662992127654,	0.015,	0.05,	0.2,	0.2,	400
2477271600.0,	1.5963069776085748,	6.690662992127654,	0.015002875405884436,	0.050934217709455186,	0.20104419583041921,	0.21457240866717758,	400
2493050400.0,	1.5963069776085748,	6.690662992127654,	0.01500840017718971,	0.052681283794146515,	0.204466237950958,	0.23946564885043997,	400
2508829200.0,	1.5963069776085748,	6.690662992127654,	0.015016808237728971,	0.05517915391361678,	0.21253713425594867,	0.2702838289731235,	400
