time ,	 x ,	 y ,	r_stem,	h_stem,	r_crown,	r_root,	k_geo
2824405200.0,	78.56047759742248,	9.686341266567661,	0.015,	0.05,	0.2,	0.2,	400
