time ,	 x ,	 y ,	r_stem,	h_stem,	r_crown,	r_root,	k_geo
331354800.0,	89.31921026546405,	7.044390453754868,	0.015,	0.05,	0.2,	0.2,	400
