time ,	 x ,	 y ,	r_stem,	h_stem,	r_crown,	r_root,	k_geo
1341198000.0,	47.40144078152792,	12.195294348685358,	0.015,	0.05,	0.2,	0.2,	400
