time ,	 x ,	 y ,	r_stem,	h_stem,	r_crown,	r_root,	k_geo
2130138000.0,	3.439338848973039,	9.956798762257739,	0.015,	0.05,	0.2,	0.2,	400
2145916800.0,	3.439338848973039,	9.956798762257739,	0.01500178525674548,	0.05093146255137731,	0.2057524151899257,	0.20904770803443412,	400
