time ,	 x ,	 y ,	r_stem,	h_stem,	r_crown,	r_root,	k_geo
2508829200.0,	92.45419448716628,	3.4289324719376086,	0.015,	0.05,	0.2,	0.2,	400
