time ,	 x ,	 y ,	r_stem,	h_stem,	r_crown,	r_root,	k_geo
126230400.0,	61.7712027782253,	6.992222621182581,	0.015,	0.05,	0.2,	0.2,	400
142009200.0,	61.7712027782253,	6.992222621182581,	0.015011083430046712,	0.056253001625375304,	0.2426443340291758,	0.25616468996631153,	400
157788000.0,	61.7712027782253,	6.992222621182581,	0.01501194480810781,	0.058286659125189474,	0.26612140930996675,	0.2589617697990203,	400
173566800.0,	61.7712027782253,	6.992222621182581,	0.015011945765661438,	0.058290905427228354,	0.2661671820467394,	0.2589648254167739,	400
189345600.0,	61.7712027782253,	6.992222621182581,	0.015011947112299901,	0.05829622475140423,	0.26622410114065326,	0.258969122563181,	400
