time ,	 x ,	 y ,	r_stem,	h_stem,	r_crown,	r_root,	k_geo
2224810800.0,	6.970156650618408,	0.7184849129900861,	0.015,	0.05,	0.2,	0.2,	400
