time ,	 x ,	 y ,	r_stem,	h_stem,	r_crown,	r_root,	k_geo
4323391200.0,	71.01002357104966,	8.658184381969898,	0.015,	0.05,	0.2,	0.2,	400
