time ,	 x ,	 y ,	r_stem,	h_stem,	r_crown,	r_root,	k_geo
3013750800.0,	25.745493165666822,	11.266862553727444,	0.015,	0.05,	0.2,	0.2,	400
