time ,	 x ,	 y ,	r_stem,	h_stem,	r_crown,	r_root,	k_geo
4244497200.0,	72.13940534162417,	12.161282346152452,	0.015,	0.05,	0.2,	0.2,	400
