time ,	 x ,	 y ,	r_stem,	h_stem,	r_crown,	r_root,	k_geo
4276054800.0,	65.52934981746421,	13.183905001037044,	0.015,	0.05,	0.2,	0.2,	400
4291833600.0,	65.52934981746421,	13.183905001037044,	0.015008304337459977,	0.053148030975705196,	0.20958458075152378,	0.24208319774701786,	400
4307612400.0,	65.52934981746421,	13.183905001037044,	0.015021122902536406,	0.05806196194536954,	0.23830670226305425,	0.28826093655494817,	400
4323391200.0,	65.52934981746421,	13.183905001037044,	0.015043012571351625,	0.06485158937696994,	0.27941217127152473,	0.3398678040321362,	400
4339170000.0,	65.52934981746421,	13.183905001037044,	0.015089801286713708,	0.07368638304039059,	0.32336772899211114,	0.40085617774702825,	400
