time ,	 x ,	 y ,	r_stem,	h_stem,	r_crown,	r_root,	k_geo
3108423600.0,	25.201718956369934,	6.511798212867481,	0.015,	0.05,	0.2,	0.2,	400
