time ,	 x ,	 y ,	r_stem,	h_stem,	r_crown,	r_root,	k_geo
1783004400.0,	52.326091112202086,	7.701121156740431,	0.015,	0.05,	0.2,	0.2,	400
