time ,	 x ,	 y ,	r_stem,	h_stem,	r_crown,	r_root,	k_geo
3708018000.0,	95.12268805984658,	0.42305334500769454,	0.015,	0.05,	0.2,	0.2,	400
