time ,	 x ,	 y ,	r_stem,	h_stem,	r_crown,	r_root,	k_geo
3502893600.0,	63.57091360899941,	14.029891782306738,	0.015,	0.05,	0.2,	0.2,	400
