time ,	 x ,	 y ,	r_stem,	h_stem,	r_crown,	r_root,	k_geo
489142800.0,	65.62103068134402,	5.7350102283582896,	0.015,	0.05,	0.2,	0.2,	400
