time ,	 x ,	 y ,	r_stem,	h_stem,	r_crown,	r_root,	k_geo
757382400.0,	16.460202605588293,	6.317539207553426,	0.015,	0.05,	0.2,	0.2,	400
