time ,	 x ,	 y ,	r_stem,	h_stem,	r_crown,	r_root,	k_geo
3297769200.0,	82.51733621276902,	13.601904076227386,	0.015,	0.05,	0.2,	0.2,	400
