time ,	 x ,	 y ,	r_stem,	h_stem,	r_crown,	r_root,	k_geo
3550230000.0,	30.23000088525195,	12.368925764875781,	0.015,	0.05,	0.2,	0.2,	400
