time ,	 x ,	 y ,	r_stem,	h_stem,	r_crown,	r_root,	k_geo
378691200.0,	98.12286698703484,	13.681296309236867,	0.015,	0.05,	0.2,	0.2,	400
