time ,	 x ,	 y ,	r_stem,	h_stem,	r_crown,	r_root,	k_geo
3960478800.0,	67.44188111986861,	14.490252268597443,	0.015,	0.05,	0.2,	0.2,	400
3976257600.0,	67.44188111986861,	14.490252268597443,	0.01500877282986953,	0.053413886022745966,	0.21141123696466013,	0.24445708634080138,	400
3992036400.0,	67.44188111986861,	14.490252268597443,	0.015009309392453755,	0.054392444081591884,	0.22422459579832205,	0.24635354481441957,	400
