time ,	 x ,	 y ,	r_stem,	h_stem,	r_crown,	r_root,	k_geo
773161200.0,	37.745522417546574,	14.1959199775739,	0.015,	0.05,	0.2,	0.2,	400
