time ,	 x ,	 y ,	r_stem,	h_stem,	r_crown,	r_root,	k_geo
4323391200.0,	95.4537053899727,	12.631722596189405,	0.015,	0.05,	0.2,	0.2,	400
