time ,	 x ,	 y ,	r_stem,	h_stem,	r_crown,	r_root,	k_geo
852055200.0,	99.69548924394748,	12.418445254282378,	0.015,	0.05,	0.2,	0.2,	400
