time ,	 x ,	 y ,	r_stem,	h_stem,	r_crown,	r_root,	k_geo
4465400400.0,	57.4138486530559,	2.896528260877692,	0.015,	0.05,	0.2,	0.2,	400
