time ,	 x ,	 y ,	r_stem,	h_stem,	r_crown,	r_root,	k_geo
1735668000.0,	97.73892258639235,	4.779489522605337,	0.015,	0.05,	0.2,	0.2,	400
