time ,	 x ,	 y ,	r_stem,	h_stem,	r_crown,	r_root,	k_geo
867834000.0,	6.1994344450264744,	13.165094506109838,	0.015,	0.05,	0.2,	0.2,	400
