time ,	 x ,	 y ,	r_stem,	h_stem,	r_crown,	r_root,	k_geo
1262304000.0,	69.03380743190846,	9.729724554992988,	0.015,	0.05,	0.2,	0.2,	400
