time ,	 x ,	 y ,	r_stem,	h_stem,	r_crown,	r_root,	k_geo
2508829200.0,	94.47857714592726,	7.660089592659529,	0.015,	0.05,	0.2,	0.2,	400
