time ,	 x ,	 y ,	r_stem,	h_stem,	r_crown,	r_root,	k_geo
3250432800.0,	80.78315727955409,	7.859718671755095,	0.015,	0.05,	0.2,	0.2,	400
