time ,	 x ,	 y ,	r_stem,	h_stem,	r_crown,	r_root,	k_geo
1798783200.0,	90.48846968447741,	9.97342650962524,	0.015,	0.05,	0.2,	0.2,	400
