time ,	 x ,	 y ,	r_stem,	h_stem,	r_crown,	r_root,	k_geo
1688331600.0,	82.47727389968443,	1.0770561447475675,	0.015,	0.05,	0.2,	0.2,	400
1704110400.0,	82.47727389968443,	1.0770561447475675,	0.015000517233161108,	0.05138718466778722,	0.2178952361267361,	0.20262138552563555,	400
