time ,	 x ,	 y ,	r_stem,	h_stem,	r_crown,	r_root,	k_geo
3345105600.0,	92.99937495605029,	9.118660705087516,	0.015,	0.05,	0.2,	0.2,	400
