time ,	 x ,	 y ,	r_stem,	h_stem,	r_crown,	r_root,	k_geo
1120294800.0,	52.52654858569984,	12.480832700192835,	0.015,	0.05,	0.2,	0.2,	400
