time ,	 x ,	 y ,	r_stem,	h_stem,	r_crown,	r_root,	k_geo
1435870800.0,	54.74921176115556,	8.955169607210166,	0.015,	0.05,	0.2,	0.2,	400
