time ,	 x ,	 y ,	r_stem,	h_stem,	r_crown,	r_root,	k_geo
2287926000.0,	35.33581730466088,	13.37080251895392,	0.015,	0.05,	0.2,	0.2,	400
