time ,	 x ,	 y ,	r_stem,	h_stem,	r_crown,	r_root,	k_geo
2698174800.0,	81.14758228021091,	4.126316245055039,	0.015,	0.05,	0.2,	0.2,	400
