time ,	 x ,	 y ,	r_stem,	h_stem,	r_crown,	r_root,	k_geo
4433842800.0,	38.52746737829258,	8.680017444224003,	0.015,	0.05,	0.2,	0.2,	400
