time ,	 x ,	 y ,	r_stem,	h_stem,	r_crown,	r_root,	k_geo
3329326800.0,	56.951077743742815,	14.55115780917999,	0.015,	0.05,	0.2,	0.2,	400
