time ,	 x ,	 y ,	r_stem,	h_stem,	r_crown,	r_root,	k_geo
2524608000.0,	95.19810602458479,	1.6317670332561822,	0.015,	0.05,	0.2,	0.2,	400
