time ,	 x ,	 y ,	r_stem,	h_stem,	r_crown,	r_root,	k_geo
2209032000.0,	94.29477087398301,	14.679278906036778,	0.015,	0.05,	0.2,	0.2,	400
