time ,	 x ,	 y ,	r_stem,	h_stem,	r_crown,	r_root,	k_geo
2051244000.0,	63.1017452357031,	12.960778074698414,	0.015,	0.05,	0.2,	0.2,	400
