time ,	 x ,	 y ,	r_stem,	h_stem,	r_crown,	r_root,	k_geo
1467428400.0,	21.17863566139151,	1.9956544308854913,	0.015,	0.05,	0.2,	0.2,	400
1483207200.0,	21.17863566139151,	1.9956544308854913,	0.01500010887630467,	0.050034202274273416,	0.20002233520472384,	0.2005517979048885,	400
