time ,	 x ,	 y ,	r_stem,	h_stem,	r_crown,	r_root,	k_geo
1593658800.0,	75.17135276106694,	14.529530033991968,	0.015,	0.05,	0.2,	0.2,	400
