time ,	 x ,	 y ,	r_stem,	h_stem,	r_crown,	r_root,	k_geo
662709600.0,	24.121723288178554,	0.6896301658515996,	0.015,	0.05,	0.2,	0.2,	400
