time ,	 x ,	 y ,	r_stem,	h_stem,	r_crown,	r_root,	k_geo
1530543600.0,	88.06727498098634,	4.891964180285257,	0.015,	0.05,	0.2,	0.2,	400
