time ,	 x ,	 y ,	r_stem,	h_stem,	r_crown,	r_root,	k_geo
1704110400.0,	32.6696658103044,	1.5945762767588851,	0.015,	0.05,	0.2,	0.2,	400
