time ,	 x ,	 y ,	r_stem,	h_stem,	r_crown,	r_root,	k_geo
2082801600.0,	88.39891684637836,	6.286426559494197,	0.015,	0.05,	0.2,	0.2,	400
