time ,	 x ,	 y ,	r_stem,	h_stem,	r_crown,	r_root,	k_geo
3250432800.0,	71.30240294477001,	10.23802381713977,	0.015,	0.05,	0.2,	0.2,	400
