time ,	 x ,	 y ,	r_stem,	h_stem,	r_crown,	r_root,	k_geo
4354948800.0,	66.41953545615726,	11.04076703504644,	0.015,	0.05,	0.2,	0.2,	400
