time ,	 x ,	 y ,	r_stem,	h_stem,	r_crown,	r_root,	k_geo
2414156400.0,	25.684742469310883,	1.9408308845513793,	0.015,	0.05,	0.2,	0.2,	400
