time ,	 x ,	 y ,	r_stem,	h_stem,	r_crown,	r_root,	k_geo
3802690800.0,	98.2435290926929,	14.018979282118284,	0.015,	0.05,	0.2,	0.2,	400
3818469600.0,	98.2435290926929,	14.018979282118284,	0.01500766544733691,	0.05664009203165074,	0.26312478370336906,	0.23884584701683442,	400
3834248400.0,	98.2435290926929,	14.018979282118284,	0.0150306380835656,	0.06932948804074775,	0.3319804755552561,	0.3282818777532955,	400
3850027200.0,	98.2435290926929,	14.018979282118284,	0.015038738910396919,	0.07740661291933669,	0.3990082307228964,	0.3397006053628441,	400
3865806000.0,	98.2435290926929,	14.018979282118284,	0.015038914345360364,	0.07785566896014658,	0.40226478317603137,	0.33989578163119955,	400
3881584800.0,	98.2435290926929,	14.018979282118284,	0.01503913810821279,	0.07840172939704397,	0.40617467405832103,	0.3401428685301974,	400
