time ,	 x ,	 y ,	r_stem,	h_stem,	r_crown,	r_root,	k_geo
804718800.0,	38.10229385173985,	7.597352473920187,	0.015,	0.05,	0.2,	0.2,	400
