time ,	 x ,	 y ,	r_stem,	h_stem,	r_crown,	r_root,	k_geo
1846119600.0,	11.332903253800431,	11.23346703829898,	0.015,	0.05,	0.2,	0.2,	400
