time ,	 x ,	 y ,	r_stem,	h_stem,	r_crown,	r_root,	k_geo
1041400800.0,	63.7382047242971,	12.927270486321172,	0.015,	0.05,	0.2,	0.2,	400
