time ,	 x ,	 y ,	r_stem,	h_stem,	r_crown,	r_root,	k_geo
962506800.0,	83.55631779031792,	3.024542381153858,	0.015,	0.05,	0.2,	0.2,	400
