time ,	 x ,	 y ,	r_stem,	h_stem,	r_crown,	r_root,	k_geo
2855962800.0,	0.15654784751572004,	1.6661938586961207,	0.015,	0.05,	0.2,	0.2,	400
