time ,	 x ,	 y ,	r_stem,	h_stem,	r_crown,	r_root,	k_geo
3897363600.0,	57.51597120938313,	7.972044633844492,	0.015,	0.05,	0.2,	0.2,	400
