time ,	 x ,	 y ,	r_stem,	h_stem,	r_crown,	r_root,	k_geo
410248800.0,	96.8131148261013,	12.179933643631555,	0.015,	0.05,	0.2,	0.2,	400
