time ,	 x ,	 y ,	r_stem,	h_stem,	r_crown,	r_root,	k_geo
2871741600.0,	69.6192187670468,	4.508322882608471,	0.015,	0.05,	0.2,	0.2,	400
2887520400.0,	69.6192187670468,	4.508322882608471,	0.015009197941521836,	0.05368080433772588,	0.21344247637852531,	0.24661113792992517,	400
2903299200.0,	69.6192187670468,	4.508322882608471,	0.015009684873408126,	0.05469352488664528,	0.22685028980112895,	0.24830269272120586,	400
