time ,	 x ,	 y ,	r_stem,	h_stem,	r_crown,	r_root,	k_geo
1514764800.0,	93.24547940879708,	3.0728669517578213,	0.015,	0.05,	0.2,	0.2,	400
