time ,	 x ,	 y ,	r_stem,	h_stem,	r_crown,	r_root,	k_geo
3834248400.0,	85.30425983611872,	14.68728545181866,	0.015,	0.05,	0.2,	0.2,	400
