time ,	 x ,	 y ,	r_stem,	h_stem,	r_crown,	r_root,	k_geo
315576000.0,	48.1197440069302,	13.62970244270564,	0.015,	0.05,	0.2,	0.2,	400
331354800.0,	48.1197440069302,	13.62970244270564,	0.015001754162597775,	0.051386955924029226,	0.21250482435067658,	0.20889012576008256,	400
347133600.0,	48.1197440069302,	13.62970244270564,	0.015004022932447816,	0.05310242417852144,	0.22674430782105895,	0.21982064265784237,	400
