time ,	 x ,	 y ,	r_stem,	h_stem,	r_crown,	r_root,	k_geo
1262304000.0,	22.286479882972408,	5.441229512324606,	0.015,	0.05,	0.2,	0.2,	400
