time ,	 x ,	 y ,	r_stem,	h_stem,	r_crown,	r_root,	k_geo
3171538800.0,	35.58964252255635,	1.4285615803906226,	0.015,	0.05,	0.2,	0.2,	400
