time ,	 x ,	 y ,	r_stem,	h_stem,	r_crown,	r_root,	k_geo
2477271600.0,	44.030817467172945,	8.907372313888041,	0.015,	0.05,	0.2,	0.2,	400
