time ,	 x ,	 y ,	r_stem,	h_stem,	r_crown,	r_root,	k_geo
2429935200.0,	1.8015148696101213,	11.64703472098696,	0.015,	0.05,	0.2,	0.2,	400
