time ,	 x ,	 y ,	r_stem,	h_stem,	r_crown,	r_root,	k_geo
3408220800.0,	83.37091429164275,	13.733662919084491,	0.015,	0.05,	0.2,	0.2,	400
