time ,	 x ,	 y ,	r_stem,	h_stem,	r_crown,	r_root,	k_geo
2224810800.0,	93.911033152917,	10.579701789014534,	0.015,	0.05,	0.2,	0.2,	400
