time ,	 x ,	 y ,	r_stem,	h_stem,	r_crown,	r_root,	k_geo
3408220800.0,	63.933486395017844,	6.339425410469812,	0.015,	0.05,	0.2,	0.2,	400
