time ,	 x ,	 y ,	r_stem,	h_stem,	r_crown,	r_root,	k_geo
1136073600.0,	61.21675381969573,	13.856518154897309,	0.015,	0.05,	0.2,	0.2,	400
