time ,	 x ,	 y ,	r_stem,	h_stem,	r_crown,	r_root,	k_geo
2997972000.0,	0.38358429078194645,	10.474274865563489,	0.015,	0.05,	0.2,	0.2,	400
