time ,	 x ,	 y ,	r_stem,	h_stem,	r_crown,	r_root,	k_geo
3913142400.0,	94.46325911071376,	6.882155786555522,	0.015,	0.05,	0.2,	0.2,	400
