time ,	 x ,	 y ,	r_stem,	h_stem,	r_crown,	r_root,	k_geo
3550230000.0,	86.0590129880919,	9.830632096421839,	0.015,	0.05,	0.2,	0.2,	400
