time ,	 x ,	 y ,	r_stem,	h_stem,	r_crown,	r_root,	k_geo
2729732400.0,	55.05692954238004,	7.080956283658384,	0.015,	0.05,	0.2,	0.2,	400
