time ,	 x ,	 y ,	r_stem,	h_stem,	r_crown,	r_root,	k_geo
1309640400.0,	95.51910724188083,	6.882078204004064,	0.015,	0.05,	0.2,	0.2,	400
