time ,	 x ,	 y ,	r_stem,	h_stem,	r_crown,	r_root,	k_geo
4023594000.0,	77.3968077262692,	0.2875094310138282,	0.015,	0.05,	0.2,	0.2,	400
