time ,	 x ,	 y ,	r_stem,	h_stem,	r_crown,	r_root,	k_geo
615373200.0,	14.736424084430222,	13.539016804970938,	0.015,	0.05,	0.2,	0.2,	400
