time ,	 x ,	 y ,	r_stem,	h_stem,	r_crown,	r_root,	k_geo
3897363600.0,	99.72387471313347,	9.8010312029357,	0.015,	0.05,	0.2,	0.2,	400
