time ,	 x ,	 y ,	r_stem,	h_stem,	r_crown,	r_root,	k_geo
4118266800.0,	6.94185293499684,	4.154721831195478,	0.015,	0.05,	0.2,	0.2,	400
