time ,	 x ,	 y ,	r_stem,	h_stem,	r_crown,	r_root,	k_geo
2003907600.0,	1.449298990945791,	14.446643750797485,	0.015,	0.05,	0.2,	0.2,	400
