time ,	 x ,	 y ,	r_stem,	h_stem,	r_crown,	r_root,	k_geo
3850027200.0,	77.57829688607065,	8.569334445170327,	0.015,	0.05,	0.2,	0.2,	400
