time ,	 x ,	 y ,	r_stem,	h_stem,	r_crown,	r_root,	k_geo
1956571200.0,	19.54658640568332,	14.0877042606074,	0.015,	0.05,	0.2,	0.2,	400
