time ,	 x ,	 y ,	r_stem,	h_stem,	r_crown,	r_root,	k_geo
2319483600.0,	95.47321746229026,	14.96059464388588,	0.015,	0.05,	0.2,	0.2,	400
2335262400.0,	95.47321746229026,	14.96059464388588,	0.015007589975491807,	0.05664015881669193,	0.26345372604553186,	0.2384634167204688,	400
2351041200.0,	95.47321746229026,	14.96059464388588,	0.015008936503051951,	0.06016478680873331,	0.2982998521190424,	0.2437277050063831,	400
