time ,	 x ,	 y ,	r_stem,	h_stem,	r_crown,	r_root,	k_geo
1877677200.0,	90.59642650397466,	3.967698471330736,	0.015,	0.05,	0.2,	0.2,	400
