time ,	 x ,	 y ,	r_stem,	h_stem,	r_crown,	r_root,	k_geo
2145916800.0,	59.3842530485926,	13.113686072394266,	0.015,	0.05,	0.2,	0.2,	400
