time ,	 x ,	 y ,	r_stem,	h_stem,	r_crown,	r_root,	k_geo
3155760000.0,	51.65280156672177,	12.07489481965531,	0.015,	0.05,	0.2,	0.2,	400
