time ,	 x ,	 y ,	r_stem,	h_stem,	r_crown,	r_root,	k_geo
4560073200.0,	42.724429401279885,	14.046995598957734,	0.015,	0.05,	0.2,	0.2,	400
