time ,	 x ,	 y ,	r_stem,	h_stem,	r_crown,	r_root,	k_geo
473364000.0,	41.897506091451994,	1.3284484591419705,	0.015,	0.05,	0.2,	0.2,	400
