time ,	 x ,	 y ,	r_stem,	h_stem,	r_crown,	r_root,	k_geo
3692239200.0,	4.1060686869086815,	13.008986937069874,	0.015,	0.05,	0.2,	0.2,	400
