time ,	 x ,	 y ,	r_stem,	h_stem,	r_crown,	r_root,	k_geo
4418064000.0,	77.54291914440337,	4.643315558874358,	0.015,	0.05,	0.2,	0.2,	400
