time ,	 x ,	 y ,	r_stem,	h_stem,	r_crown,	r_root,	k_geo
1672552800.0,	48.37068913145484,	0.8772660262610182,	0.015,	0.05,	0.2,	0.2,	400
