time ,	 x ,	 y ,	r_stem,	h_stem,	r_crown,	r_root,	k_geo
1293861600.0,	3.9638480088988737,	4.406666532531834,	0.015,	0.05,	0.2,	0.2,	400
