time ,	 x ,	 y ,	r_stem,	h_stem,	r_crown,	r_root,	k_geo
4228718400.0,	96.71813349269894,	2.877906790640807,	0.015,	0.05,	0.2,	0.2,	400
