time ,	 x ,	 y ,	r_stem,	h_stem,	r_crown,	r_root,	k_geo
4212939600.0,	85.69023644723643,	7.980141586635613,	0.015,	0.05,	0.2,	0.2,	400
