time ,	 x ,	 y ,	r_stem,	h_stem,	r_crown,	r_root,	k_geo
741603600.0,	68.7917233581313,	4.440099733890931,	0.015,	0.05,	0.2,	0.2,	400
