time ,	 x ,	 y ,	r_stem,	h_stem,	r_crown,	r_root,	k_geo
3928921200.0,	72.44299199596702,	13.537365374775083,	0.015,	0.05,	0.2,	0.2,	400
