time ,	 x ,	 y ,	r_stem,	h_stem,	r_crown,	r_root,	k_geo
4402285200.0,	28.457820061763407,	10.539486691845365,	0.015,	0.05,	0.2,	0.2,	400
