time ,	 x ,	 y ,	r_stem,	h_stem,	r_crown,	r_root,	k_geo
536479200.0,	11.266305468549731,	3.03660478928061,	0.015,	0.05,	0.2,	0.2,	400
552258000.0,	11.266305468549731,	3.03660478928061,	0.015000842138654259,	0.05037705342814542,	0.20180734022341196,	0.20426801990882407,	400
568036800.0,	11.266305468549731,	3.03660478928061,	0.015001789158834874,	0.050800827815622604,	0.20390924668005467,	0.2089197669312425,	400
583815600.0,	11.266305468549731,	3.03660478928061,	0.01500309280700255,	0.0514030942860381,	0.20718262233248066,	0.21510643163683776,	400
599594400.0,	11.266305468549731,	3.03660478928061,	0.015004569504082419,	0.05208333381819875,	0.21100064871169505,	0.22179889077174275,	400
