time ,	 x ,	 y ,	r_stem,	h_stem,	r_crown,	r_root,	k_geo
362912400.0,	34.048047952558136,	10.547056797728244,	0.015,	0.05,	0.2,	0.2,	400
