time ,	 x ,	 y ,	r_stem,	h_stem,	r_crown,	r_root,	k_geo
4433842800.0,	99.24595366192331,	7.593786110926397,	0.015,	0.05,	0.2,	0.2,	400
