time ,	 x ,	 y ,	r_stem,	h_stem,	r_crown,	r_root,	k_geo
1420092000.0,	4.292954052857889,	11.317430650834748,	0.015,	0.05,	0.2,	0.2,	400
