time ,	 x ,	 y ,	r_stem,	h_stem,	r_crown,	r_root,	k_geo
520700400.0,	46.800281460598384,	4.927445030775691,	0.015,	0.05,	0.2,	0.2,	400
