time ,	 x ,	 y ,	r_stem,	h_stem,	r_crown,	r_root,	k_geo
3408220800.0,	36.28334571328138,	7.330815227742148,	0.015,	0.05,	0.2,	0.2,	400
