time ,	 x ,	 y ,	r_stem,	h_stem,	r_crown,	r_root,	k_geo
3723796800.0,	77.65788806702506,	7.075004392885532,	0.015,	0.05,	0.2,	0.2,	400
