time ,	 x ,	 y ,	r_stem,	h_stem,	r_crown,	r_root,	k_geo
4386506400.0,	59.05683623629052,	2.0313082019137694,	0.015,	0.05,	0.2,	0.2,	400
