time ,	 x ,	 y ,	r_stem,	h_stem,	r_crown,	r_root,	k_geo
489142800.0,	4.867373307934953,	3.3255687696234295,	0.015,	0.05,	0.2,	0.2,	400
