time ,	 x ,	 y ,	r_stem,	h_stem,	r_crown,	r_root,	k_geo
3534451200.0,	61.11478529826228,	7.34941713787502,	0.015,	0.05,	0.2,	0.2,	400
