time ,	 x ,	 y ,	r_stem,	h_stem,	r_crown,	r_root,	k_geo
1893456000.0,	41.701335044473794,	7.973692474373555,	0.015,	0.05,	0.2,	0.2,	400
1909234800.0,	41.701335044473794,	7.973692474373555,	0.01500167493351873,	0.05085447501234833,	0.20511456342997444,	0.20848859955643448,	400
1925013600.0,	41.701335044473794,	7.973692474373555,	0.015003470408589015,	0.05174918791385617,	0.21046264099897471,	0.21705799767555317,	400
1940792400.0,	41.701335044473794,	7.973692474373555,	0.015005481336058252,	0.05273667258350367,	0.2164457600897703,	0.22606922083501962,	400
1956571200.0,	41.701335044473794,	7.973692474373555,	0.015008061050213618,	0.05405286356937357,	0.22507476977824578,	0.2368585058046596,	400
1972350000.0,	41.701335044473794,	7.973692474373555,	0.015010804171564111,	0.05533913083633027,	0.2329272425199357,	0.24738914702861167,	400
1988128800.0,	41.701335044473794,	7.973692474373555,	0.01501413439435253,	0.05687297358549618,	0.2424876413053412,	0.2590758274692489,	400
2003907600.0,	41.701335044473794,	7.973692474373555,	0.015017721411615781,	0.05835325335269089,	0.2509948022415089,	0.27040295961018473,	400
