time ,	 x ,	 y ,	r_stem,	h_stem,	r_crown,	r_root,	k_geo
4228718400.0,	51.7233857531273,	3.85670051730296,	0.015,	0.05,	0.2,	0.2,	400
