time ,	 x ,	 y ,	r_stem,	h_stem,	r_crown,	r_root,	k_geo
3818469600.0,	76.70527210982272,	14.254405317248995,	0.015,	0.05,	0.2,	0.2,	400
