time ,	 x ,	 y ,	r_stem,	h_stem,	r_crown,	r_root,	k_geo
2777068800.0,	70.61308896862971,	7.377225567811821,	0.015,	0.05,	0.2,	0.2,	400
