time ,	 x ,	 y ,	r_stem,	h_stem,	r_crown,	r_root,	k_geo
3928921200.0,	87.13247753006081,	13.887017807834571,	0.015,	0.05,	0.2,	0.2,	400
