time ,	 x ,	 y ,	r_stem,	h_stem,	r_crown,	r_root,	k_geo
3155760000.0,	70.76629414410952,	6.35904714282391,	0.015,	0.05,	0.2,	0.2,	400
