time ,	 x ,	 y ,	r_stem,	h_stem,	r_crown,	r_root,	k_geo
1562101200.0,	61.3683617490622,	11.291331461827113,	0.015,	0.05,	0.2,	0.2,	400
