time ,	 x ,	 y ,	r_stem,	h_stem,	r_crown,	r_root,	k_geo
662709600.0,	90.3574572470998,	2.419778924042894,	0.015,	0.05,	0.2,	0.2,	400
