time ,	 x ,	 y ,	r_stem,	h_stem,	r_crown,	r_root,	k_geo
2256368400.0,	88.28208842785389,	11.888967248821787,	0.015,	0.05,	0.2,	0.2,	400
