time ,	 x ,	 y ,	r_stem,	h_stem,	r_crown,	r_root,	k_geo
994064400.0,	51.5305884284001,	0.6778112794605995,	0.015,	0.05,	0.2,	0.2,	400
