time ,	 x ,	 y ,	r_stem,	h_stem,	r_crown,	r_root,	k_geo
3802690800.0,	65.7153420777589,	3.7817320511477153,	0.015,	0.05,	0.2,	0.2,	400
