time ,	 x ,	 y ,	r_stem,	h_stem,	r_crown,	r_root,	k_geo
2919078000.0,	65.93055614039588,	11.08680146105157,	0.015,	0.05,	0.2,	0.2,	400
