time ,	 x ,	 y ,	r_stem,	h_stem,	r_crown,	r_root,	k_geo
378691200.0,	86.26688491968841,	9.405562467773267,	0.015,	0.05,	0.2,	0.2,	400
