time ,	 x ,	 y ,	r_stem,	h_stem,	r_crown,	r_root,	k_geo
1640995200.0,	79.65219777307188,	14.6400649786545,	0.015,	0.05,	0.2,	0.2,	400
