time ,	 x ,	 y ,	r_stem,	h_stem,	r_crown,	r_root,	k_geo
3218875200.0,	79.88811800150052,	7.22141454720119,	0.015,	0.05,	0.2,	0.2,	400
