time ,	 x ,	 y ,	r_stem,	h_stem,	r_crown,	r_root,	k_geo
4149824400.0,	92.6627835432199,	11.937613894922704,	0.015,	0.05,	0.2,	0.2,	400
