time ,	 x ,	 y ,	r_stem,	h_stem,	r_crown,	r_root,	k_geo
1972350000.0,	77.94050478375094,	14.866244596927459,	0.015,	0.05,	0.2,	0.2,	400
