time ,	 x ,	 y ,	r_stem,	h_stem,	r_crown,	r_root,	k_geo
2398377600.0,	85.96299869157214,	12.716796569429336,	0.015,	0.05,	0.2,	0.2,	400
