time ,	 x ,	 y ,	r_stem,	h_stem,	r_crown,	r_root,	k_geo
441806400.0,	70.82368386029785,	6.674208555045857,	0.015,	0.05,	0.2,	0.2,	400
