time ,	 x ,	 y ,	r_stem,	h_stem,	r_crown,	r_root,	k_geo
1514764800.0,	89.94483517030744,	11.694429228806667,	0.015,	0.05,	0.2,	0.2,	400
