time ,	 x ,	 y ,	r_stem,	h_stem,	r_crown,	r_root,	k_geo
3660681600.0,	75.33725242460913,	6.468409575063159,	0.015,	0.05,	0.2,	0.2,	400
