time ,	 x ,	 y ,	r_stem,	h_stem,	r_crown,	r_root,	k_geo
4575852000.0,	28.48850815000089,	10.241961156965747,	0.015,	0.05,	0.2,	0.2,	400
4591630800.0,	28.48850815000089,	10.241961156965747,	0.015000025344944308,	0.05000795563147087,	0.20000510801654264,	0.20012845128514378,	400
