time ,	 x ,	 y ,	r_stem,	h_stem,	r_crown,	r_root,	k_geo
2903299200.0,	54.389492067273004,	6.303536877949552,	0.015,	0.05,	0.2,	0.2,	400
