time ,	 x ,	 y ,	r_stem,	h_stem,	r_crown,	r_root,	k_geo
3013750800.0,	23.348306778869944,	11.050247479301783,	0.015,	0.05,	0.2,	0.2,	400
