time ,	 x ,	 y ,	r_stem,	h_stem,	r_crown,	r_root,	k_geo
3360884400.0,	42.75889823221678,	8.333214145495853,	0.015,	0.05,	0.2,	0.2,	400
