time ,	 x ,	 y ,	r_stem,	h_stem,	r_crown,	r_root,	k_geo
2145916800.0,	56.931422098811005,	8.378003677357933,	0.015,	0.05,	0.2,	0.2,	400
