time ,	 x ,	 y ,	r_stem,	h_stem,	r_crown,	r_root,	k_geo
4007815200.0,	29.760146505981044,	11.168929902322047,	0.015,	0.05,	0.2,	0.2,	400
