time ,	 x ,	 y ,	r_stem,	h_stem,	r_crown,	r_root,	k_geo
3408220800.0,	50.49283895256759,	14.03586166161082,	0.015,	0.05,	0.2,	0.2,	400
3423999600.0,	50.49283895256759,	14.03586166161082,	0.015004512310956898,	0.05151008186809788,	0.20228307958302114,	0.22286770762303437,	400
3439778400.0,	50.49283895256759,	14.03586166161082,	0.015011720114944612,	0.0537914321348697,	0.20828368463480343,	0.25322903511359535,	400
3455557200.0,	50.49283895256759,	14.03586166161082,	0.015022248835680374,	0.0568703444149095,	0.22091216694946825,	0.28752933342898335,	400
3471336000.0,	50.49283895256759,	14.03586166161082,	0.015037396425680676,	0.06066318894386113,	0.2397651490440359,	0.3234870121041405,	400
3487114800.0,	50.49283895256759,	14.03586166161082,	0.015061308946977502,	0.06538693166418659,	0.2646205709517346,	0.3624300423010468,	400
3502893600.0,	50.49283895256759,	14.03586166161082,	0.015102714058522896,	0.07096793576498442,	0.29153965926048997,	0.40464223221241924,	400
