time ,	 x ,	 y ,	r_stem,	h_stem,	r_crown,	r_root,	k_geo
2209032000.0,	63.382039049833736,	2.450105225703777,	0.015,	0.05,	0.2,	0.2,	400
