time ,	 x ,	 y ,	r_stem,	h_stem,	r_crown,	r_root,	k_geo
2556165600.0,	87.97170491030742,	0.9380248890071086,	0.015,	0.05,	0.2,	0.2,	400
