time ,	 x ,	 y ,	r_stem,	h_stem,	r_crown,	r_root,	k_geo
757382400.0,	15.652499436370537,	12.30324474713298,	0.015,	0.05,	0.2,	0.2,	400
