time ,	 x ,	 y ,	r_stem,	h_stem,	r_crown,	r_root,	k_geo
4402285200.0,	89.24476269362518,	1.4172327541188774,	0.015,	0.05,	0.2,	0.2,	400
