time ,	 x ,	 y ,	r_stem,	h_stem,	r_crown,	r_root,	k_geo
4276054800.0,	68.11066098748806,	1.3321140277992494,	0.015,	0.05,	0.2,	0.2,	400
