time ,	 x ,	 y ,	r_stem,	h_stem,	r_crown,	r_root,	k_geo
2429935200.0,	75.11252183964683,	3.599206992975725,	0.015,	0.05,	0.2,	0.2,	400
