time ,	 x ,	 y ,	r_stem,	h_stem,	r_crown,	r_root,	k_geo
3723796800.0,	42.66353817677426,	7.85245495616162,	0.015,	0.05,	0.2,	0.2,	400
