time ,	 x ,	 y ,	r_stem,	h_stem,	r_crown,	r_root,	k_geo
2729732400.0,	87.37568910692849,	6.396328306814448,	0.015,	0.05,	0.2,	0.2,	400
