time ,	 x ,	 y ,	r_stem,	h_stem,	r_crown,	r_root,	k_geo
4039372800.0,	50.374247458483744,	13.636750637076556,	0.015,	0.05,	0.2,	0.2,	400
