time ,	 x ,	 y ,	r_stem,	h_stem,	r_crown,	r_root,	k_geo
4039372800.0,	95.91663670330739,	3.6635375378092006,	0.015,	0.05,	0.2,	0.2,	400
