time ,	 x ,	 y ,	r_stem,	h_stem,	r_crown,	r_root,	k_geo
1467428400.0,	63.8056577595994,	0.69985930799289,	0.015,	0.05,	0.2,	0.2,	400
