time ,	 x ,	 y ,	r_stem,	h_stem,	r_crown,	r_root,	k_geo
2887520400.0,	92.98245442618386,	1.247997897280494,	0.015,	0.05,	0.2,	0.2,	400
