time ,	 x ,	 y ,	r_stem,	h_stem,	r_crown,	r_root,	k_geo
4323391200.0,	99.33181918138422,	7.637539127018091,	0.015,	0.05,	0.2,	0.2,	400
4339170000.0,	99.33181918138422,	7.637539127018091,	0.01500647561353606,	0.05664114503294901,	0.26831081671156365,	0.23281665015293995,	400
4354948800.0,	99.33181918138422,	7.637539127018091,	0.015007925543169263,	0.06059120112048934,	0.30593741439269956,	0.23882872039302278,	400
4370727600.0,	99.33181918138422,	7.637539127018091,	0.015009150081028993,	0.0640402361650668,	0.3340106509790046,	0.24371800922118617,	400
