time ,	 x ,	 y ,	r_stem,	h_stem,	r_crown,	r_root,	k_geo
2477271600.0,	92.6848162081791,	6.590772856174195,	0.015,	0.05,	0.2,	0.2,	400
