time ,	 x ,	 y ,	r_stem,	h_stem,	r_crown,	r_root,	k_geo
3944700000.0,	49.71505815256278,	2.9982609566793066,	0.015,	0.05,	0.2,	0.2,	400
