time ,	 x ,	 y ,	r_stem,	h_stem,	r_crown,	r_root,	k_geo
3960478800.0,	75.85380755631022,	3.233517315434751,	0.015,	0.05,	0.2,	0.2,	400
