time ,	 x ,	 y ,	r_stem,	h_stem,	r_crown,	r_root,	k_geo
2177474400.0,	97.7267187689485,	13.946522627216575,	0.015,	0.05,	0.2,	0.2,	400
