time ,	 x ,	 y ,	r_stem,	h_stem,	r_crown,	r_root,	k_geo
520700400.0,	94.70616526940275,	10.163304406149704,	0.015,	0.05,	0.2,	0.2,	400
