time ,	 x ,	 y ,	r_stem,	h_stem,	r_crown,	r_root,	k_geo
3266211600.0,	85.3116014354107,	8.573180319296782,	0.015,	0.05,	0.2,	0.2,	400
