time ,	 x ,	 y ,	r_stem,	h_stem,	r_crown,	r_root,	k_geo
1830340800.0,	55.39518242791812,	14.406812213063885,	0.015,	0.05,	0.2,	0.2,	400
