time ,	 x ,	 y ,	r_stem,	h_stem,	r_crown,	r_root,	k_geo
4149824400.0,	45.084016596917664,	3.899160110101439,	0.015,	0.05,	0.2,	0.2,	400
