time ,	 x ,	 y ,	r_stem,	h_stem,	r_crown,	r_root,	k_geo
3155760000.0,	74.58090096910492,	1.6072257211464602,	0.015,	0.05,	0.2,	0.2,	400
