time ,	 x ,	 y ,	r_stem,	h_stem,	r_crown,	r_root,	k_geo
2303704800.0,	72.83594372687698,	3.386143721239266,	0.015,	0.05,	0.2,	0.2,	400
