time ,	 x ,	 y ,	r_stem,	h_stem,	r_crown,	r_root,	k_geo
1341198000.0,	98.94009214210924,	2.5268910554043216,	0.015,	0.05,	0.2,	0.2,	400
