time ,	 x ,	 y ,	r_stem,	h_stem,	r_crown,	r_root,	k_geo
1041400800.0,	26.513913410935764,	11.945002354007745,	0.015,	0.05,	0.2,	0.2,	400
