time ,	 x ,	 y ,	r_stem,	h_stem,	r_crown,	r_root,	k_geo
1151852400.0,	69.75839849188864,	3.342044809106199,	0.015,	0.05,	0.2,	0.2,	400
