time ,	 x ,	 y ,	r_stem,	h_stem,	r_crown,	r_root,	k_geo
2035465200.0,	55.88012317936697,	4.75107082260364,	0.015,	0.05,	0.2,	0.2,	400
