time ,	 x ,	 y ,	r_stem,	h_stem,	r_crown,	r_root,	k_geo
631152000.0,	49.12509790678043,	4.71184744248859,	0.015,	0.05,	0.2,	0.2,	400
