time ,	 x ,	 y ,	r_stem,	h_stem,	r_crown,	r_root,	k_geo
3045308400.0,	99.737205478293,	5.97160424566363,	0.015,	0.05,	0.2,	0.2,	400
