time ,	 x ,	 y ,	r_stem,	h_stem,	r_crown,	r_root,	k_geo
1972350000.0,	45.15544718654496,	9.734489427072406,	0.015,	0.05,	0.2,	0.2,	400
