time ,	 x ,	 y ,	r_stem,	h_stem,	r_crown,	r_root,	k_geo
2303704800.0,	22.48073928306805,	14.506176932303838,	0.015,	0.05,	0.2,	0.2,	400
2319483600.0,	22.48073928306805,	14.506176932303838,	0.01500041925302618,	0.050178716707969175,	0.20076895093545524,	0.2021248156453134,	400
