time ,	 x ,	 y ,	r_stem,	h_stem,	r_crown,	r_root,	k_geo
3076866000.0,	59.92168435872707,	1.7064557212934106,	0.015,	0.05,	0.2,	0.2,	400
