time ,	 x ,	 y ,	r_stem,	h_stem,	r_crown,	r_root,	k_geo
1483207200.0,	86.50356221717782,	12.074260403840633,	0.015,	0.05,	0.2,	0.2,	400
