time ,	 x ,	 y ,	r_stem,	h_stem,	r_crown,	r_root,	k_geo
1814562000.0,	52.417333614751094,	2.533866309274016,	0.015,	0.05,	0.2,	0.2,	400
