time ,	 x ,	 y ,	r_stem,	h_stem,	r_crown,	r_root,	k_geo
915170400.0,	62.880768814978246,	13.605321991326816,	0.015,	0.05,	0.2,	0.2,	400
