time ,	 x ,	 y ,	r_stem,	h_stem,	r_crown,	r_root,	k_geo
552258000.0,	0.39701714047077896,	6.783473327756472,	0.015,	0.05,	0.2,	0.2,	400
