time ,	 x ,	 y ,	r_stem,	h_stem,	r_crown,	r_root,	k_geo
2855962800.0,	71.98063108559573,	10.22366983603984,	0.015,	0.05,	0.2,	0.2,	400
