time ,	 x ,	 y ,	r_stem,	h_stem,	r_crown,	r_root,	k_geo
930949200.0,	49.78662518394976,	7.982283175298618,	0.015,	0.05,	0.2,	0.2,	400
