time ,	 x ,	 y ,	r_stem,	h_stem,	r_crown,	r_root,	k_geo
3566008800.0,	86.73945907814027,	4.511831529049844,	0.015,	0.05,	0.2,	0.2,	400
