time ,	 x ,	 y ,	r_stem,	h_stem,	r_crown,	r_root,	k_geo
2382598800.0,	70.51633595369712,	12.323151477358028,	0.015,	0.05,	0.2,	0.2,	400
