time ,	 x ,	 y ,	r_stem,	h_stem,	r_crown,	r_root,	k_geo
126230400.0,	47.67809669736957,	10.470499591375699,	0.015,	0.05,	0.2,	0.2,	400
