time ,	 x ,	 y ,	r_stem,	h_stem,	r_crown,	r_root,	k_geo
1988128800.0,	84.10647103380244,	11.991114146195606,	0.015,	0.05,	0.2,	0.2,	400
