time ,	 x ,	 y ,	r_stem,	h_stem,	r_crown,	r_root,	k_geo
883612800.0,	61.95778079301579,	9.394947656418132,	0.015,	0.05,	0.2,	0.2,	400
