time ,	 x ,	 y ,	r_stem,	h_stem,	r_crown,	r_root,	k_geo
4560073200.0,	69.24600980179339,	11.180148460203624,	0.015,	0.05,	0.2,	0.2,	400
