time ,	 x ,	 y ,	r_stem,	h_stem,	r_crown,	r_root,	k_geo
378691200.0,	32.68515848879691,	13.619363584883931,	0.015,	0.05,	0.2,	0.2,	400
