time ,	 x ,	 y ,	r_stem,	h_stem,	r_crown,	r_root,	k_geo
3187317600.0,	82.29385858463304,	7.042658881029976,	0.015,	0.05,	0.2,	0.2,	400
