time ,	 x ,	 y ,	r_stem,	h_stem,	r_crown,	r_root,	k_geo
1956571200.0,	75.71714008612824,	1.7526193227864018,	0.015,	0.05,	0.2,	0.2,	400
