time ,	 x ,	 y ,	r_stem,	h_stem,	r_crown,	r_root,	k_geo
2461492800.0,	4.949393226603005,	14.77758816602827,	0.015,	0.05,	0.2,	0.2,	400
