time ,	 x ,	 y ,	r_stem,	h_stem,	r_crown,	r_root,	k_geo
2619280800.0,	14.605353052227043,	14.56681156826627,	0.015,	0.05,	0.2,	0.2,	400
2635059600.0,	14.605353052227043,	14.56681156826627,	0.015000318918663042,	0.05010038644850516,	0.20006839414278918,	0.20161631316275702,	400
