time ,	 x ,	 y ,	r_stem,	h_stem,	r_crown,	r_root,	k_geo
946728000.0,	95.91730892516769,	9.927967738521456,	0.015,	0.05,	0.2,	0.2,	400
