time ,	 x ,	 y ,	r_stem,	h_stem,	r_crown,	r_root,	k_geo
4149824400.0,	78.12972635359358,	8.248891158523422,	0.015,	0.05,	0.2,	0.2,	400
