time ,	 x ,	 y ,	r_stem,	h_stem,	r_crown,	r_root,	k_geo
3944700000.0,	82.21982079734556,	13.35016430856177,	0.015,	0.05,	0.2,	0.2,	400
