time ,	 x ,	 y ,	r_stem,	h_stem,	r_crown,	r_root,	k_geo
3502893600.0,	79.35130818875102,	9.661538571143655,	0.015,	0.05,	0.2,	0.2,	400
