time ,	 x ,	 y ,	r_stem,	h_stem,	r_crown,	r_root,	k_geo
1088737200.0,	70.75087198550008,	7.529594408499095,	0.015,	0.05,	0.2,	0.2,	400
