time ,	 x ,	 y ,	r_stem,	h_stem,	r_crown,	r_root,	k_geo
3045308400.0,	80.7320210430307,	8.54301364868211,	0.015,	0.05,	0.2,	0.2,	400
