time ,	 x ,	 y ,	r_stem,	h_stem,	r_crown,	r_root,	k_geo
1404313200.0,	26.734051319431018,	10.955546286886122,	0.015,	0.05,	0.2,	0.2,	400
