time ,	 x ,	 y ,	r_stem,	h_stem,	r_crown,	r_root,	k_geo
1562101200.0,	58.20806784228788,	13.541461600603116,	0.015,	0.05,	0.2,	0.2,	400
