time ,	 x ,	 y ,	r_stem,	h_stem,	r_crown,	r_root,	k_geo
426027600.0,	89.54078370944258,	10.453155583186975,	0.015,	0.05,	0.2,	0.2,	400
