time ,	 x ,	 y ,	r_stem,	h_stem,	r_crown,	r_root,	k_geo
836276400.0,	46.13264909137405,	5.7464874174560885,	0.015,	0.05,	0.2,	0.2,	400
