time ,	 x ,	 y ,	r_stem,	h_stem,	r_crown,	r_root,	k_geo
457585200.0,	99.9291608179749,	8.881207318693761,	0.015,	0.05,	0.2,	0.2,	400
