time ,	 x ,	 y ,	r_stem,	h_stem,	r_crown,	r_root,	k_geo
1467428400.0,	53.0036750539489,	10.49948209493541,	0.015,	0.05,	0.2,	0.2,	400
