time ,	 x ,	 y ,	r_stem,	h_stem,	r_crown,	r_root,	k_geo
4118266800.0,	91.44577529861712,	9.229328688242324,	0.015,	0.05,	0.2,	0.2,	400
