time ,	 x ,	 y ,	r_stem,	h_stem,	r_crown,	r_root,	k_geo
4528515600.0,	99.01676673234505,	5.311030837851154,	0.015,	0.05,	0.2,	0.2,	400
