time ,	 x ,	 y ,	r_stem,	h_stem,	r_crown,	r_root,	k_geo
1972350000.0,	18.867379587897837,	14.489289630899853,	0.015,	0.05,	0.2,	0.2,	400
1988128800.0,	18.867379587897837,	14.489289630899853,	0.01500015149891997,	0.05004761082923844,	0.20003136077647365,	0.200767813932681,	400
