time ,	 x ,	 y ,	r_stem,	h_stem,	r_crown,	r_root,	k_geo
2761290000.0,	91.6078045355256,	10.267507938206894,	0.015,	0.05,	0.2,	0.2,	400
