time ,	 x ,	 y ,	r_stem,	h_stem,	r_crown,	r_root,	k_geo
3139981200.0,	97.89189536634689,	0.3976140491543467,	0.015,	0.05,	0.2,	0.2,	400
