time ,	 x ,	 y ,	r_stem,	h_stem,	r_crown,	r_root,	k_geo
2508829200.0,	68.65016134171799,	8.710863407858845,	0.015,	0.05,	0.2,	0.2,	400
