time ,	 x ,	 y ,	r_stem,	h_stem,	r_crown,	r_root,	k_geo
2919078000.0,	66.52895733193911,	10.164567093373503,	0.015,	0.05,	0.2,	0.2,	400
