time ,	 x ,	 y ,	r_stem,	h_stem,	r_crown,	r_root,	k_geo
489142800.0,	49.199173367187996,	5.342059749690936,	0.015,	0.05,	0.2,	0.2,	400
504921600.0,	49.199173367187996,	5.342059749690936,	0.015006301762397705,	0.05220687971706852,	0.20461912414374686,	0.23193568679061913,	400
520700400.0,	49.199173367187996,	5.342059749690936,	0.015015854208556691,	0.055346866698925495,	0.21635356017901242,	0.2693086148568321,	400
536479200.0,	49.199173367187996,	5.342059749690936,	0.015030279059602102,	0.05974242678546274,	0.2406110798587028,	0.31005627547419734,	400
