time ,	 x ,	 y ,	r_stem,	h_stem,	r_crown,	r_root,	k_geo
2840184000.0,	63.61900479119691,	8.355760914422406,	0.015,	0.05,	0.2,	0.2,	400
