time ,	 x ,	 y ,	r_stem,	h_stem,	r_crown,	r_root,	k_geo
2824405200.0,	68.13988289321999,	12.814254301742745,	0.015,	0.05,	0.2,	0.2,	400
