time ,	 x ,	 y ,	r_stem,	h_stem,	r_crown,	r_root,	k_geo
2571944400.0,	48.50866985302673,	3.8229969253897838,	0.015,	0.05,	0.2,	0.2,	400
