time ,	 x ,	 y ,	r_stem,	h_stem,	r_crown,	r_root,	k_geo
1230746400.0,	21.575766167281763,	10.099498873616124,	0.015,	0.05,	0.2,	0.2,	400
