time ,	 x ,	 y ,	r_stem,	h_stem,	r_crown,	r_root,	k_geo
599594400.0,	2.8498200009783092,	14.140399023635224,	0.015,	0.05,	0.2,	0.2,	400
