time ,	 x ,	 y ,	r_stem,	h_stem,	r_crown,	r_root,	k_geo
1057179600.0,	94.77658508357396,	6.744635255807935,	0.015,	0.05,	0.2,	0.2,	400
