time ,	 x ,	 y ,	r_stem,	h_stem,	r_crown,	r_root,	k_geo
2193253200.0,	97.24381971687869,	13.67939001410843,	0.015,	0.05,	0.2,	0.2,	400
