time ,	 x ,	 y ,	r_stem,	h_stem,	r_crown,	r_root,	k_geo
2319483600.0,	64.16775654052387,	11.140027813414829,	0.015,	0.05,	0.2,	0.2,	400
2335262400.0,	64.16775654052387,	11.140027813414829,	0.015001316195468975,	0.05138703691025245,	0.21441339560507186,	0.20667053616571163,	400
2351041200.0,	64.16775654052387,	11.140027813414829,	0.01500342258484404,	0.053227798914727925,	0.23057312799731478,	0.21704416359700934,	400
