time ,	 x ,	 y ,	r_stem,	h_stem,	r_crown,	r_root,	k_geo
710046000.0,	93.83242924551625,	14.432042324035104,	0.015,	0.05,	0.2,	0.2,	400
