time ,	 x ,	 y ,	r_stem,	h_stem,	r_crown,	r_root,	k_geo
3802690800.0,	56.61860827746028,	2.0589487967361975,	0.015,	0.05,	0.2,	0.2,	400
