time ,	 x ,	 y ,	r_stem,	h_stem,	r_crown,	r_root,	k_geo
2193253200.0,	73.58650499382738,	4.265398797888822,	0.015,	0.05,	0.2,	0.2,	400
