time ,	 x ,	 y ,	r_stem,	h_stem,	r_crown,	r_root,	k_geo
3913142400.0,	61.095010160385385,	10.342637122005476,	0.015,	0.05,	0.2,	0.2,	400
