time ,	 x ,	 y ,	r_stem,	h_stem,	r_crown,	r_root,	k_geo
1846119600.0,	77.62838313856415,	13.608261765596728,	0.015,	0.05,	0.2,	0.2,	400
