time ,	 x ,	 y ,	r_stem,	h_stem,	r_crown,	r_root,	k_geo
4560073200.0,	23.41190986101884,	1.4983191781179406,	0.015,	0.05,	0.2,	0.2,	400
