time ,	 x ,	 y ,	r_stem,	h_stem,	r_crown,	r_root,	k_geo
552258000.0,	97.74652671241697,	3.6163451229557255,	0.015,	0.05,	0.2,	0.2,	400
