time ,	 x ,	 y ,	r_stem,	h_stem,	r_crown,	r_root,	k_geo
4181382000.0,	72.28661092056653,	8.367282805112096,	0.015,	0.05,	0.2,	0.2,	400
