time ,	 x ,	 y ,	r_stem,	h_stem,	r_crown,	r_root,	k_geo
3029529600.0,	57.45593934146053,	9.409380529828978,	0.015,	0.05,	0.2,	0.2,	400
