time ,	 x ,	 y ,	r_stem,	h_stem,	r_crown,	r_root,	k_geo
1940792400.0,	57.60961758311838,	8.583968658097916,	0.015,	0.05,	0.2,	0.2,	400
