time ,	 x ,	 y ,	r_stem,	h_stem,	r_crown,	r_root,	k_geo
2840184000.0,	89.94245997486168,	9.717669794214242,	0.015,	0.05,	0.2,	0.2,	400
