time ,	 x ,	 y ,	r_stem,	h_stem,	r_crown,	r_root,	k_geo
4276054800.0,	60.332206489273545,	11.370886648615006,	0.015,	0.05,	0.2,	0.2,	400
