time ,	 x ,	 y ,	r_stem,	h_stem,	r_crown,	r_root,	k_geo
1230746400.0,	46.338405234149015,	9.565065847028704,	0.015,	0.05,	0.2,	0.2,	400
