time ,	 x ,	 y ,	r_stem,	h_stem,	r_crown,	r_root,	k_geo
2650838400.0,	1.636162108782191,	1.5747098602071152,	0.015,	0.05,	0.2,	0.2,	400
