time ,	 x ,	 y ,	r_stem,	h_stem,	r_crown,	r_root,	k_geo
3802690800.0,	84.13844420279949,	10.33208740317299,	0.015,	0.05,	0.2,	0.2,	400
3818469600.0,	84.13844420279949,	10.33208740317299,	0.01500045278133622,	0.05138719658833077,	0.21817612127473138,	0.2022947394962759,	400
3834248400.0,	84.13844420279949,	10.33208740317299,	0.015001369221671331,	0.05348258769259239,	0.2417325955140391,	0.20700870975520405,	400
3850027200.0,	84.13844420279949,	10.33208740317299,	0.015001453226006394,	0.053854515576873305,	0.24571461404520886,	0.2074392900971557,	400
