time ,	 x ,	 y ,	r_stem,	h_stem,	r_crown,	r_root,	k_geo
536479200.0,	80.27855739069423,	11.207583234810759,	0.015,	0.05,	0.2,	0.2,	400
