time ,	 x ,	 y ,	r_stem,	h_stem,	r_crown,	r_root,	k_geo
4370727600.0,	71.03567390921155,	8.5565056285045,	0.015,	0.05,	0.2,	0.2,	400
