time ,	 x ,	 y ,	r_stem,	h_stem,	r_crown,	r_root,	k_geo
1057179600.0,	47.179317409937326,	13.664207680052705,	0.015,	0.05,	0.2,	0.2,	400
