time ,	 x ,	 y ,	r_stem,	h_stem,	r_crown,	r_root,	k_geo
2887520400.0,	48.98022862474226,	4.993215463519688,	0.015,	0.05,	0.2,	0.2,	400
