time ,	 x ,	 y ,	r_stem,	h_stem,	r_crown,	r_root,	k_geo
946728000.0,	86.77500940913544,	2.666116371892202,	0.015,	0.05,	0.2,	0.2,	400
