time ,	 x ,	 y ,	r_stem,	h_stem,	r_crown,	r_root,	k_geo
1167631200.0,	55.33223240717612,	8.57377875351851,	0.015,	0.05,	0.2,	0.2,	400
