time ,	 x ,	 y ,	r_stem,	h_stem,	r_crown,	r_root,	k_geo
1151852400.0,	78.60361093378059,	7.795731532833327,	0.015,	0.05,	0.2,	0.2,	400
