time ,	 x ,	 y ,	r_stem,	h_stem,	r_crown,	r_root,	k_geo
520700400.0,	48.519481983607314,	11.021661829131563,	0.015,	0.05,	0.2,	0.2,	400
