time ,	 x ,	 y ,	r_stem,	h_stem,	r_crown,	r_root,	k_geo
3203096400.0,	18.281569519907404,	14.1395705366742,	0.015,	0.05,	0.2,	0.2,	400
3218875200.0,	18.281569519907404,	14.1395705366742,	0.015000250468579163,	0.05007878800229989,	0.20005294426304368,	0.20126940202142451,	400
3234654000.0,	18.281569519907404,	14.1395705366742,	0.01500037958889317,	0.0501190756467834,	0.20007974584940555,	0.20191715773803645,	400
3250432800.0,	18.281569519907404,	14.1395705366742,	0.015000423945326602,	0.05013285524183261,	0.20008882517278936,	0.20213852328508572,	400
3266211600.0,	18.281569519907404,	14.1395705366742,	0.015000450405853056,	0.0501410639448302,	0.2000942282302742,	0.20227034223205914,	400
