time ,	 x ,	 y ,	r_stem,	h_stem,	r_crown,	r_root,	k_geo
4591630800.0,	33.852247617662314,	10.983570742946656,	0.015,	0.05,	0.2,	0.2,	400
