time ,	 x ,	 y ,	r_stem,	h_stem,	r_crown,	r_root,	k_geo
1104516000.0,	68.73463392625078,	9.149222061338492,	0.015,	0.05,	0.2,	0.2,	400
