time ,	 x ,	 y ,	r_stem,	h_stem,	r_crown,	r_root,	k_geo
1088737200.0,	65.86789185641551,	13.355386456858197,	0.015,	0.05,	0.2,	0.2,	400
1104516000.0,	65.86789185641551,	13.355386456858197,	0.01500123104994477,	0.05138705265566955,	0.2147844480818502,	0.20623902133401772,	400
