time ,	 x ,	 y ,	r_stem,	h_stem,	r_crown,	r_root,	k_geo
2445714000.0,	25.735739854499496,	14.993204798315041,	0.015,	0.05,	0.2,	0.2,	400
