time ,	 x ,	 y ,	r_stem,	h_stem,	r_crown,	r_root,	k_geo
2414156400.0,	26.643385583372282,	10.544756761407138,	0.015,	0.05,	0.2,	0.2,	400
