time ,	 x ,	 y ,	r_stem,	h_stem,	r_crown,	r_root,	k_geo
1688331600.0,	99.03915587271214,	1.1816756781009548,	0.015,	0.05,	0.2,	0.2,	400
