time ,	 x ,	 y ,	r_stem,	h_stem,	r_crown,	r_root,	k_geo
2303704800.0,	57.35798137031708,	4.758978238781585,	0.015,	0.05,	0.2,	0.2,	400
