time ,	 x ,	 y ,	r_stem,	h_stem,	r_crown,	r_root,	k_geo
4007815200.0,	18.4341377143877,	3.9002240902251764,	0.015,	0.05,	0.2,	0.2,	400
