time ,	 x ,	 y ,	r_stem,	h_stem,	r_crown,	r_root,	k_geo
2619280800.0,	61.43443184305792,	13.70396513866529,	0.015,	0.05,	0.2,	0.2,	400
