time ,	 x ,	 y ,	r_stem,	h_stem,	r_crown,	r_root,	k_geo
2272147200.0,	32.370100598047124,	3.288495198496521,	0.015,	0.05,	0.2,	0.2,	400
