time ,	 x ,	 y ,	r_stem,	h_stem,	r_crown,	r_root,	k_geo
4449621600.0,	74.83195389624318,	11.04543785747322,	0.015,	0.05,	0.2,	0.2,	400
