time ,	 x ,	 y ,	r_stem,	h_stem,	r_crown,	r_root,	k_geo
899391600.0,	68.55817563903742,	6.941857736133502,	0.015,	0.05,	0.2,	0.2,	400
