time ,	 x ,	 y ,	r_stem,	h_stem,	r_crown,	r_root,	k_geo
1956571200.0,	90.28513566923026,	6.300211152227966,	0.015,	0.05,	0.2,	0.2,	400
