time ,	 x ,	 y ,	r_stem,	h_stem,	r_crown,	r_root,	k_geo
836276400.0,	81.25093819355776,	2.4749266297512724,	0.015,	0.05,	0.2,	0.2,	400
