time ,	 x ,	 y ,	r_stem,	h_stem,	r_crown,	r_root,	k_geo
1609437600.0,	5.17503882039263,	2.1347954356446746,	0.015,	0.05,	0.2,	0.2,	400
