time ,	 x ,	 y ,	r_stem,	h_stem,	r_crown,	r_root,	k_geo
4197160800.0,	56.69648208713447,	0.19056697385937238,	0.015,	0.05,	0.2,	0.2,	400
