time ,	 x ,	 y ,	r_stem,	h_stem,	r_crown,	r_root,	k_geo
2461492800.0,	80.70911040469973,	12.693958380964656,	0.015,	0.05,	0.2,	0.2,	400
