time ,	 x ,	 y ,	r_stem,	h_stem,	r_crown,	r_root,	k_geo
3155760000.0,	89.57562946362609,	5.952812070620325,	0.015,	0.05,	0.2,	0.2,	400
