time ,	 x ,	 y ,	r_stem,	h_stem,	r_crown,	r_root,	k_geo
4149824400.0,	94.1606641781489,	0.17057482409413516,	0.015,	0.05,	0.2,	0.2,	400
