time ,	 x ,	 y ,	r_stem,	h_stem,	r_crown,	r_root,	k_geo
1704110400.0,	19.715375635660294,	10.537609673666159,	0.015,	0.05,	0.2,	0.2,	400
1719889200.0,	19.715375635660294,	10.537609673666159,	0.015000140286338979,	0.05004408243034697,	0.20002897087675237,	0.20071098738009976,	400
