time ,	 x ,	 y ,	r_stem,	h_stem,	r_crown,	r_root,	k_geo
3266211600.0,	83.19499380054246,	9.337534183803783,	0.015,	0.05,	0.2,	0.2,	400
