time ,	 x ,	 y ,	r_stem,	h_stem,	r_crown,	r_root,	k_geo
1009843200.0,	73.23892764344538,	10.622488961310783,	0.015,	0.05,	0.2,	0.2,	400
