time ,	 x ,	 y ,	r_stem,	h_stem,	r_crown,	r_root,	k_geo
867834000.0,	88.78522622027945,	5.714490833390426,	0.015,	0.05,	0.2,	0.2,	400
