time ,	 x ,	 y ,	r_stem,	h_stem,	r_crown,	r_root,	k_geo
1435870800.0,	29.305313231638653,	8.726252133052602,	0.015,	0.05,	0.2,	0.2,	400
1451649600.0,	29.305313231638653,	8.726252133052602,	0.015000329525219049,	0.05010373583509334,	0.20007082699338208,	0.2016700680850849,	400
1467428400.0,	29.305313231638653,	8.726252133052602,	0.015000490714771237,	0.050153934279958755,	0.20010458986325677,	0.20247610417996284,	400
1483207200.0,	29.305313231638653,	8.726252133052602,	0.015000657155260128,	0.050205540556482776,	0.20013965525702068,	0.2033030139253722,	400
1498986000.0,	29.305313231638653,	8.726252133052602,	0.015000874361590952,	0.05027261266789183,	0.20018612351682027,	0.2043749696907754,	400
1514764800.0,	29.305313231638653,	8.726252133052602,	0.015001075109167991,	0.05033422508158544,	0.20022918819164917,	0.20535716568919,	400
