time ,	 x ,	 y ,	r_stem,	h_stem,	r_crown,	r_root,	k_geo
694267200.0,	89.41603122041153,	9.502290051380548,	0.015,	0.05,	0.2,	0.2,	400
