time ,	 x ,	 y ,	r_stem,	h_stem,	r_crown,	r_root,	k_geo
3992036400.0,	83.10901006438382,	7.35993701689191,	0.015,	0.05,	0.2,	0.2,	400
