time ,	 x ,	 y ,	r_stem,	h_stem,	r_crown,	r_root,	k_geo
1546322400.0,	74.28504598550157,	5.406979668417553,	0.015,	0.05,	0.2,	0.2,	400
