time ,	 x ,	 y ,	r_stem,	h_stem,	r_crown,	r_root,	k_geo
3881584800.0,	79.63130544947568,	2.8356545844195127,	0.015,	0.05,	0.2,	0.2,	400
