time ,	 x ,	 y ,	r_stem,	h_stem,	r_crown,	r_root,	k_geo
3850027200.0,	95.36050271521047,	7.781576386623617,	0.015,	0.05,	0.2,	0.2,	400
