time ,	 x ,	 y ,	r_stem,	h_stem,	r_crown,	r_root,	k_geo
2619280800.0,	5.66934134086029,	10.905849222463232,	0.015,	0.05,	0.2,	0.2,	400
