time ,	 x ,	 y ,	r_stem,	h_stem,	r_crown,	r_root,	k_geo
631152000.0,	64.39221801255712,	9.080947619660154,	0.015,	0.05,	0.2,	0.2,	400
