time ,	 x ,	 y ,	r_stem,	h_stem,	r_crown,	r_root,	k_geo
1593658800.0,	47.588192626542295,	10.445836354508446,	0.015,	0.05,	0.2,	0.2,	400
