time ,	 x ,	 y ,	r_stem,	h_stem,	r_crown,	r_root,	k_geo
1814562000.0,	95.24197338795467,	10.990387547038901,	0.015,	0.05,	0.2,	0.2,	400
