time ,	 x ,	 y ,	r_stem,	h_stem,	r_crown,	r_root,	k_geo
410248800.0,	88.37912981729687,	12.26600249583307,	0.015,	0.05,	0.2,	0.2,	400
