time ,	 x ,	 y ,	r_stem,	h_stem,	r_crown,	r_root,	k_geo
1798783200.0,	55.721228668192246,	14.762075012860631,	0.015,	0.05,	0.2,	0.2,	400
