time ,	 x ,	 y ,	r_stem,	h_stem,	r_crown,	r_root,	k_geo
1751446800.0,	46.18696722927488,	2.407102220758744,	0.015,	0.05,	0.2,	0.2,	400
