time ,	 x ,	 y ,	r_stem,	h_stem,	r_crown,	r_root,	k_geo
2682396000.0,	55.60504398308825,	8.081933380318299,	0.015,	0.05,	0.2,	0.2,	400
