time ,	 x ,	 y ,	r_stem,	h_stem,	r_crown,	r_root,	k_geo
2256368400.0,	26.87260197068737,	14.7344360956626,	0.015,	0.05,	0.2,	0.2,	400
