time ,	 x ,	 y ,	r_stem,	h_stem,	r_crown,	r_root,	k_geo
3566008800.0,	96.91348491544724,	13.30815992662607,	0.015,	0.05,	0.2,	0.2,	400
