time ,	 x ,	 y ,	r_stem,	h_stem,	r_crown,	r_root,	k_geo
3818469600.0,	72.13677250189762,	14.355689060037946,	0.015,	0.05,	0.2,	0.2,	400
