time ,	 x ,	 y ,	r_stem,	h_stem,	r_crown,	r_root,	k_geo
3297769200.0,	3.408633930405658,	4.622719526628922,	0.015,	0.05,	0.2,	0.2,	400
