time ,	 x ,	 y ,	r_stem,	h_stem,	r_crown,	r_root,	k_geo
2603502000.0,	91.11310634167926,	8.87997915581279,	0.015,	0.05,	0.2,	0.2,	400
2619280800.0,	91.11310634167926,	8.87997915581279,	0.015000339964163889,	0.051387217454549196,	0.21866778823053584,	0.20172297352642748,	400
