time ,	 x ,	 y ,	r_stem,	h_stem,	r_crown,	r_root,	k_geo
2777068800.0,	84.11755888129773,	12.37203758618387,	0.015,	0.05,	0.2,	0.2,	400
