time ,	 x ,	 y ,	r_stem,	h_stem,	r_crown,	r_root,	k_geo
2067022800.0,	87.90616840864736,	12.059808825331952,	0.015,	0.05,	0.2,	0.2,	400
