time ,	 x ,	 y ,	r_stem,	h_stem,	r_crown,	r_root,	k_geo
1435870800.0,	98.2350687713626,	3.0136304803174987,	0.015,	0.05,	0.2,	0.2,	400
