time ,	 x ,	 y ,	r_stem,	h_stem,	r_crown,	r_root,	k_geo
3581787600.0,	87.3779943708504,	12.531958920215416,	0.015,	0.05,	0.2,	0.2,	400
