time ,	 x ,	 y ,	r_stem,	h_stem,	r_crown,	r_root,	k_geo
3550230000.0,	42.463109453597426,	8.474511603922686,	0.015,	0.05,	0.2,	0.2,	400
