time ,	 x ,	 y ,	r_stem,	h_stem,	r_crown,	r_root,	k_geo
710046000.0,	32.580455850607635,	10.193000568634837,	0.015,	0.05,	0.2,	0.2,	400
725824800.0,	32.580455850607635,	10.193000568634837,	0.015001456934446007,	0.050464287218907805,	0.20039604798561123,	0.207383794920146,	400
741603600.0,	32.580455850607635,	10.193000568634837,	0.015003246846480649,	0.05101439881154391,	0.20093195125613442,	0.21593161895305996,	400
757382400.0,	32.580455850607635,	10.193000568634837,	0.015006057880865935,	0.051850023257303146,	0.20198200704325744,	0.22845358437332483,	400
773161200.0,	32.580455850607635,	10.193000568634837,	0.01501000742754587,	0.05296367441049408,	0.20382076241065444,	0.2443169869503917,	400
