time ,	 x ,	 y ,	r_stem,	h_stem,	r_crown,	r_root,	k_geo
1009843200.0,	62.791446523967146,	2.94234401604873,	0.015,	0.05,	0.2,	0.2,	400
