time ,	 x ,	 y ,	r_stem,	h_stem,	r_crown,	r_root,	k_geo
1530543600.0,	23.56863795487817,	1.7243728426568898,	0.015,	0.05,	0.2,	0.2,	400
