time ,	 x ,	 y ,	r_stem,	h_stem,	r_crown,	r_root,	k_geo
3171538800.0,	5.883326846130343,	1.0883312506549458,	0.015,	0.05,	0.2,	0.2,	400
