time ,	 x ,	 y ,	r_stem,	h_stem,	r_crown,	r_root,	k_geo
4386506400.0,	26.011105666273536,	12.210662244541604,	0.015,	0.05,	0.2,	0.2,	400
