time ,	 x ,	 y ,	r_stem,	h_stem,	r_crown,	r_root,	k_geo
1688331600.0,	22.506260486503294,	11.34082788215643,	0.015,	0.05,	0.2,	0.2,	400
1704110400.0,	22.506260486503294,	11.34082788215643,	0.015000217529681142,	0.05006840500531171,	0.20004566272045424,	0.2011024645389498,	400
1719889200.0,	22.506260486503294,	11.34082788215643,	0.015000308987995623,	0.0500969575295251,	0.2000644783894451,	0.20156189821927054,	400
