time ,	 x ,	 y ,	r_stem,	h_stem,	r_crown,	r_root,	k_geo
1325419200.0,	92.80180653340445,	5.868992142322208,	0.015,	0.05,	0.2,	0.2,	400
