time ,	 x ,	 y ,	r_stem,	h_stem,	r_crown,	r_root,	k_geo
3234654000.0,	57.832657302052205,	10.634542391062814,	0.015,	0.05,	0.2,	0.2,	400
