time ,	 x ,	 y ,	r_stem,	h_stem,	r_crown,	r_root,	k_geo
2019686400.0,	87.08093168256622,	8.205552342343273,	0.015,	0.05,	0.2,	0.2,	400
