time ,	 x ,	 y ,	r_stem,	h_stem,	r_crown,	r_root,	k_geo
3992036400.0,	62.47342648973583,	10.554154483493928,	0.015,	0.05,	0.2,	0.2,	400
