time ,	 x ,	 y ,	r_stem,	h_stem,	r_crown,	r_root,	k_geo
3218875200.0,	93.1002436131949,	9.959543366615263,	0.015,	0.05,	0.2,	0.2,	400
