time ,	 x ,	 y ,	r_stem,	h_stem,	r_crown,	r_root,	k_geo
741603600.0,	48.65386213079452,	14.971624676393754,	0.015,	0.05,	0.2,	0.2,	400
