time ,	 x ,	 y ,	r_stem,	h_stem,	r_crown,	r_root,	k_geo
315576000.0,	89.79289103902917,	4.429758411047741,	0.015,	0.05,	0.2,	0.2,	400
