time ,	 x ,	 y ,	r_stem,	h_stem,	r_crown,	r_root,	k_geo
520700400.0,	87.13921778391878,	6.034192835598523,	0.015,	0.05,	0.2,	0.2,	400
