time ,	 x ,	 y ,	r_stem,	h_stem,	r_crown,	r_root,	k_geo
4591630800.0,	41.0762008423496,	13.968890460801193,	0.015,	0.05,	0.2,	0.2,	400
