time ,	 x ,	 y ,	r_stem,	h_stem,	r_crown,	r_root,	k_geo
3187317600.0,	25.812551838023634,	11.139026198105643,	0.015,	0.05,	0.2,	0.2,	400
3203096400.0,	25.812551838023634,	11.139026198105643,	0.015000347735703199,	0.050109488091710466,	0.2000750285045027,	0.20176236032586,	400
