time ,	 x ,	 y ,	r_stem,	h_stem,	r_crown,	r_root,	k_geo
2019686400.0,	94.87016533124329,	13.098852149752423,	0.015,	0.05,	0.2,	0.2,	400
