time ,	 x ,	 y ,	r_stem,	h_stem,	r_crown,	r_root,	k_geo
2335262400.0,	58.15956696827921,	3.397345225544615,	0.015,	0.05,	0.2,	0.2,	400
