time ,	 x ,	 y ,	r_stem,	h_stem,	r_crown,	r_root,	k_geo
2745511200.0,	20.598558180315997,	7.931390046053076,	0.015,	0.05,	0.2,	0.2,	400
2761290000.0,	20.598558180315997,	7.931390046053076,	0.015000296298633909,	0.05009324576854509,	0.20006324069809203,	0.20150167289730658,	400
2777068800.0,	20.598558180315997,	7.931390046053076,	0.015000450571460957,	0.05014133149110051,	0.2000954764823849,	0.2022741668035861,	400
2792847600.0,	20.598558180315997,	7.931390046053076,	0.015000524316366741,	0.05016420204753377,	0.20011069676357593,	0.20264114268549308,	400
