time ,	 x ,	 y ,	r_stem,	h_stem,	r_crown,	r_root,	k_geo
867834000.0,	40.41368016653889,	3.6896647093313955,	0.015,	0.05,	0.2,	0.2,	400
