time ,	 x ,	 y ,	r_stem,	h_stem,	r_crown,	r_root,	k_geo
536479200.0,	78.0551682958005,	10.777880506538493,	0.015,	0.05,	0.2,	0.2,	400
