time ,	 x ,	 y ,	r_stem,	h_stem,	r_crown,	r_root,	k_geo
3660681600.0,	50.44711985464397,	10.32453349562523,	0.015,	0.05,	0.2,	0.2,	400
