time ,	 x ,	 y ,	r_stem,	h_stem,	r_crown,	r_root,	k_geo
2635059600.0,	95.29316140269094,	4.704239943041319,	0.015,	0.05,	0.2,	0.2,	400
