time ,	 x ,	 y ,	r_stem,	h_stem,	r_crown,	r_root,	k_geo
3455557200.0,	93.04870312056246,	10.27338709507675,	0.015,	0.05,	0.2,	0.2,	400
