time ,	 x ,	 y ,	r_stem,	h_stem,	r_crown,	r_root,	k_geo
4165603200.0,	36.50917716871055,	12.006303252584825,	0.015,	0.05,	0.2,	0.2,	400
