time ,	 x ,	 y ,	r_stem,	h_stem,	r_crown,	r_root,	k_geo
1183410000.0,	29.140415711940506,	0.8017765927813636,	0.015,	0.05,	0.2,	0.2,	400
1199188800.0,	29.140415711940506,	0.8017765927813636,	0.015000785569697741,	0.05034924404777443,	0.20164985367144408,	0.20398132704166885,	400
1214967600.0,	29.140415711940506,	0.8017765927813636,	0.015001510801832351,	0.05066531200886268,	0.20313363449564129,	0.20755097112434198,	400
1230746400.0,	29.140415711940506,	0.8017765927813636,	0.015002290601558388,	0.05100334104528041,	0.204754356505934,	0.21128854489891571,	400
