time ,	 x ,	 y ,	r_stem,	h_stem,	r_crown,	r_root,	k_geo
2556165600.0,	26.839119963374724,	14.225603567874522,	0.015,	0.05,	0.2,	0.2,	400
