time ,	 x ,	 y ,	r_stem,	h_stem,	r_crown,	r_root,	k_geo
1293861600.0,	91.00710800206684,	12.592946474325101,	0.015,	0.05,	0.2,	0.2,	400
