time ,	 x ,	 y ,	r_stem,	h_stem,	r_crown,	r_root,	k_geo
3313548000.0,	65.9364881051249,	0.8427716492445342,	0.015,	0.05,	0.2,	0.2,	400
