time ,	 x ,	 y ,	r_stem,	h_stem,	r_crown,	r_root,	k_geo
3802690800.0,	59.25526307460007,	4.989031213199009,	0.015,	0.05,	0.2,	0.2,	400
