time ,	 x ,	 y ,	r_stem,	h_stem,	r_crown,	r_root,	k_geo
1609437600.0,	34.41607720464739,	9.485425793641998,	0.015,	0.05,	0.2,	0.2,	400
