time ,	 x ,	 y ,	r_stem,	h_stem,	r_crown,	r_root,	k_geo
694267200.0,	93.0597630123682,	4.922785947219898,	0.015,	0.05,	0.2,	0.2,	400
