time ,	 x ,	 y ,	r_stem,	h_stem,	r_crown,	r_root,	k_geo
2224810800.0,	46.27852026325806,	3.5344042491725918,	0.015,	0.05,	0.2,	0.2,	400
