time ,	 x ,	 y ,	r_stem,	h_stem,	r_crown,	r_root,	k_geo
536479200.0,	4.022083128778576,	2.9866433893089672,	0.015,	0.05,	0.2,	0.2,	400
