time ,	 x ,	 y ,	r_stem,	h_stem,	r_crown,	r_root,	k_geo
962506800.0,	22.39604022671128,	5.9580118219532965,	0.015,	0.05,	0.2,	0.2,	400
978285600.0,	22.39604022671128,	5.9580118219532965,	0.015000102128007098,	0.05003208033909652,	0.20002092089683218,	0.20051759678200423,	400
