time ,	 x ,	 y ,	r_stem,	h_stem,	r_crown,	r_root,	k_geo
1956571200.0,	91.50885591611897,	8.384635290134954,	0.015,	0.05,	0.2,	0.2,	400
