time ,	 x ,	 y ,	r_stem,	h_stem,	r_crown,	r_root,	k_geo
3076866000.0,	25.62720004570902,	3.1713521380410152,	0.015,	0.05,	0.2,	0.2,	400
