time ,	 x ,	 y ,	r_stem,	h_stem,	r_crown,	r_root,	k_geo
3850027200.0,	81.51403371276503,	5.578580094172608,	0.015,	0.05,	0.2,	0.2,	400
