time ,	 x ,	 y ,	r_stem,	h_stem,	r_crown,	r_root,	k_geo
2824405200.0,	81.53493802263966,	14.997818643284578,	0.015,	0.05,	0.2,	0.2,	400
