time ,	 x ,	 y ,	r_stem,	h_stem,	r_crown,	r_root,	k_geo
899391600.0,	69.65101386751115,	4.794424939163205,	0.015,	0.05,	0.2,	0.2,	400
915170400.0,	69.65101386751115,	4.794424939163205,	0.015009941441326082,	0.05424093940298143,	0.21835259262124668,	0.2503784172748071,	400
930949200.0,	69.65101386751115,	4.794424939163205,	0.015025146302286409,	0.06084603283774612,	0.264164174252537,	0.30164338421089,	400
