time ,	 x ,	 y ,	r_stem,	h_stem,	r_crown,	r_root,	k_geo
2934856800.0,	56.12460649102441,	2.564628624930902,	0.015,	0.05,	0.2,	0.2,	400
