time ,	 x ,	 y ,	r_stem,	h_stem,	r_crown,	r_root,	k_geo
2098580400.0,	98.02673286705989,	14.65602556921862,	0.015,	0.05,	0.2,	0.2,	400
