time ,	 x ,	 y ,	r_stem,	h_stem,	r_crown,	r_root,	k_geo
1356976800.0,	43.268492999735905,	2.8705452276049312,	0.015,	0.05,	0.2,	0.2,	400
