time ,	 x ,	 y ,	r_stem,	h_stem,	r_crown,	r_root,	k_geo
3345105600.0,	71.67371739577756,	8.785901903551537,	0.015,	0.05,	0.2,	0.2,	400
