time ,	 x ,	 y ,	r_stem,	h_stem,	r_crown,	r_root,	k_geo
852055200.0,	74.47163524410445,	2.240907880915934,	0.015,	0.05,	0.2,	0.2,	400
