time ,	 x ,	 y ,	r_stem,	h_stem,	r_crown,	r_root,	k_geo
2587723200.0,	66.35198048863724,	6.253137809727614,	0.015,	0.05,	0.2,	0.2,	400
