time ,	 x ,	 y ,	r_stem,	h_stem,	r_crown,	r_root,	k_geo
3203096400.0,	88.9445236438979,	11.299413578610183,	0.015,	0.05,	0.2,	0.2,	400
