time ,	 x ,	 y ,	r_stem,	h_stem,	r_crown,	r_root,	k_geo
4465400400.0,	42.36934292472905,	1.3164333334079348,	0.015,	0.05,	0.2,	0.2,	400
4481179200.0,	42.36934292472905,	1.3164333334079348,	0.015003141751792539,	0.05102507180203506,	0.20120417981179,	0.21592218483850908,	400
