time ,	 x ,	 y ,	r_stem,	h_stem,	r_crown,	r_root,	k_geo
1498986000.0,	8.788787749857363,	8.341851018056547,	0.015,	0.05,	0.2,	0.2,	400
