time ,	 x ,	 y ,	r_stem,	h_stem,	r_crown,	r_root,	k_geo
2303704800.0,	73.21108760587812,	13.63260444780973,	0.015,	0.05,	0.2,	0.2,	400
