time ,	 x ,	 y ,	r_stem,	h_stem,	r_crown,	r_root,	k_geo
4149824400.0,	63.83782744185492,	12.567655841751359,	0.015,	0.05,	0.2,	0.2,	400
