time ,	 x ,	 y ,	r_stem,	h_stem,	r_crown,	r_root,	k_geo
2445714000.0,	62.088850040070064,	3.7731171246023445,	0.015,	0.05,	0.2,	0.2,	400
