time ,	 x ,	 y ,	r_stem,	h_stem,	r_crown,	r_root,	k_geo
4276054800.0,	1.2928767355069093,	11.578220746440117,	0.015,	0.05,	0.2,	0.2,	400
