time ,	 x ,	 y ,	r_stem,	h_stem,	r_crown,	r_root,	k_geo
568036800.0,	16.918980237655013,	8.562205522233056,	0.015,	0.05,	0.2,	0.2,	400
