time ,	 x ,	 y ,	r_stem,	h_stem,	r_crown,	r_root,	k_geo
3187317600.0,	27.474637486362152,	4.552902296138614,	0.015,	0.05,	0.2,	0.2,	400
