time ,	 x ,	 y ,	r_stem,	h_stem,	r_crown,	r_root,	k_geo
3171538800.0,	65.50385279904467,	2.9672683400077804,	0.015,	0.05,	0.2,	0.2,	400
