time ,	 x ,	 y ,	r_stem,	h_stem,	r_crown,	r_root,	k_geo
3013750800.0,	61.3185160381693,	12.42602277484352,	0.015,	0.05,	0.2,	0.2,	400
