time ,	 x ,	 y ,	r_stem,	h_stem,	r_crown,	r_root,	k_geo
1356976800.0,	87.150486215649,	2.196647319394063,	0.015,	0.05,	0.2,	0.2,	400
