time ,	 x ,	 y ,	r_stem,	h_stem,	r_crown,	r_root,	k_geo
2098580400.0,	65.30048745504358,	10.89456266324554,	0.015,	0.05,	0.2,	0.2,	400
2114359200.0,	65.30048745504358,	10.89456266324554,	0.015001216975865353,	0.05138705525832485,	0.21484578116118566,	0.20616769425798115,	400
2130138000.0,	65.30048745504358,	10.89456266324554,	0.015003174028633133,	0.05325657923257677,	0.23190511157667154,	0.21585404731813118,	400
