time ,	 x ,	 y ,	r_stem,	h_stem,	r_crown,	r_root,	k_geo
1009843200.0,	61.1223252445849,	0.27193096133696526,	0.015,	0.05,	0.2,	0.2,	400
1025622000.0,	61.1223252445849,	0.27193096133696526,	0.015001454508025678,	0.05138701133356763,	0.21381065245934092,	0.2073714979524478,	400
1041400800.0,	61.1223252445849,	0.27193096133696526,	0.01500369303922842,	0.053187914167937514,	0.22903118624991153,	0.21831959502333098,	400
1057179600.0,	61.1223252445849,	0.27193096133696526,	0.01500679822533325,	0.055432291412820474,	0.24581117735503943,	0.23245868502488548,	400
1072958400.0,	61.1223252445849,	0.27193096133696526,	0.015011012365792926,	0.058165190034185583,	0.2641991303582174,	0.24965810744737937,	400
1088737200.0,	61.1223252445849,	0.27193096133696526,	0.015016870895079148,	0.06143944321893494,	0.28393202068200996,	0.2701802229031084,	400
