time ,	 x ,	 y ,	r_stem,	h_stem,	r_crown,	r_root,	k_geo
2745511200.0,	18.820443920553643,	11.682062918481499,	0.015,	0.05,	0.2,	0.2,	400
