time ,	 x ,	 y ,	r_stem,	h_stem,	r_crown,	r_root,	k_geo
710046000.0,	75.98641657879779,	3.3783202285752427,	0.015,	0.05,	0.2,	0.2,	400
