time ,	 x ,	 y ,	r_stem,	h_stem,	r_crown,	r_root,	k_geo
1640995200.0,	89.7735125008037,	3.7222574664647263,	0.015,	0.05,	0.2,	0.2,	400
