time ,	 x ,	 y ,	r_stem,	h_stem,	r_crown,	r_root,	k_geo
4102488000.0,	86.8101972212868,	12.490006938060315,	0.015,	0.05,	0.2,	0.2,	400
4118266800.0,	86.8101972212868,	12.490006938060315,	0.015000352455340314,	0.05138721514420738,	0.21861335044777863,	0.20178627983074748,	400
4134045600.0,	86.8101972212868,	12.490006938060315,	0.015001131451785134,	0.053512835121358265,	0.243029122086763,	0.20581363315208143,	400
