time ,	 x ,	 y ,	r_stem,	h_stem,	r_crown,	r_root,	k_geo
1025622000.0,	10.757248006424092,	9.546238039004958,	0.015,	0.05,	0.2,	0.2,	400
