time ,	 x ,	 y ,	r_stem,	h_stem,	r_crown,	r_root,	k_geo
930949200.0,	64.90475514949773,	12.142287090901982,	0.015,	0.05,	0.2,	0.2,	400
