time ,	 x ,	 y ,	r_stem,	h_stem,	r_crown,	r_root,	k_geo
2524608000.0,	97.68367794012161,	8.925797053649951,	0.015,	0.05,	0.2,	0.2,	400
