time ,	 x ,	 y ,	r_stem,	h_stem,	r_crown,	r_root,	k_geo
2571944400.0,	36.54339052614121,	6.599918045948979,	0.015,	0.05,	0.2,	0.2,	400
