time ,	 x ,	 y ,	r_stem,	h_stem,	r_crown,	r_root,	k_geo
1735668000.0,	72.78373780919955,	4.576022637451004,	0.015,	0.05,	0.2,	0.2,	400
