time ,	 x ,	 y ,	r_stem,	h_stem,	r_crown,	r_root,	k_geo
2193253200.0,	10.603493013326581,	8.260978135742938,	0.015,	0.05,	0.2,	0.2,	400
