time ,	 x ,	 y ,	r_stem,	h_stem,	r_crown,	r_root,	k_geo
4023594000.0,	45.963280581748236,	0.4884059453488987,	0.015,	0.05,	0.2,	0.2,	400
