time ,	 x ,	 y ,	r_stem,	h_stem,	r_crown,	r_root,	k_geo
694267200.0,	22.096987964169724,	9.881811522497742,	0.015,	0.05,	0.2,	0.2,	400
