time ,	 x ,	 y ,	r_stem,	h_stem,	r_crown,	r_root,	k_geo
1483207200.0,	42.27824227833168,	1.2438228862160723,	0.015,	0.05,	0.2,	0.2,	400
