time ,	 x ,	 y ,	r_stem,	h_stem,	r_crown,	r_root,	k_geo
583815600.0,	3.940540968356321,	1.3357149290096775,	0.015,	0.05,	0.2,	0.2,	400
