time ,	 x ,	 y ,	r_stem,	h_stem,	r_crown,	r_root,	k_geo
1483207200.0,	22.183496584854023,	6.715386612966857,	0.015,	0.05,	0.2,	0.2,	400
