time ,	 x ,	 y ,	r_stem,	h_stem,	r_crown,	r_root,	k_geo
1151852400.0,	71.07110734914602,	4.159353280209205,	0.015,	0.05,	0.2,	0.2,	400
