time ,	 x ,	 y ,	r_stem,	h_stem,	r_crown,	r_root,	k_geo
1767225600.0,	59.6378160251426,	14.811452242965034,	0.015,	0.05,	0.2,	0.2,	400
