time ,	 x ,	 y ,	r_stem,	h_stem,	r_crown,	r_root,	k_geo
3013750800.0,	91.35813964432548,	9.116249446766307,	0.015,	0.05,	0.2,	0.2,	400
