time ,	 x ,	 y ,	r_stem,	h_stem,	r_crown,	r_root,	k_geo
1246525200.0,	38.887711411824895,	10.802447062067497,	0.015,	0.05,	0.2,	0.2,	400
