time ,	 x ,	 y ,	r_stem,	h_stem,	r_crown,	r_root,	k_geo
4276054800.0,	27.981669736349236,	8.164406234749181,	0.015,	0.05,	0.2,	0.2,	400
