time ,	 x ,	 y ,	r_stem,	h_stem,	r_crown,	r_root,	k_geo
4307612400.0,	99.14159189528672,	4.692773877985635,	0.015,	0.05,	0.2,	0.2,	400
