time ,	 x ,	 y ,	r_stem,	h_stem,	r_crown,	r_root,	k_geo
394470000.0,	25.35224381787208,	7.81363640577606,	0.015,	0.05,	0.2,	0.2,	400
