time ,	 x ,	 y ,	r_stem,	h_stem,	r_crown,	r_root,	k_geo
2635059600.0,	49.523204787120314,	9.771939842137497,	0.015,	0.05,	0.2,	0.2,	400
