time ,	 x ,	 y ,	r_stem,	h_stem,	r_crown,	r_root,	k_geo
1214967600.0,	2.0998132929823554,	13.313924570851645,	0.015,	0.05,	0.2,	0.2,	400
