time ,	 x ,	 y ,	r_stem,	h_stem,	r_crown,	r_root,	k_geo
4591630800.0,	60.71798746062262,	5.568468888107059,	0.015,	0.05,	0.2,	0.2,	400
