time ,	 x ,	 y ,	r_stem,	h_stem,	r_crown,	r_root,	k_geo
4070930400.0,	9.61729705126505,	4.765444731021925,	0.015,	0.05,	0.2,	0.2,	400
