time ,	 x ,	 y ,	r_stem,	h_stem,	r_crown,	r_root,	k_geo
678488400.0,	41.20601812204189,	11.180171367517794,	0.015,	0.05,	0.2,	0.2,	400
