time ,	 x ,	 y ,	r_stem,	h_stem,	r_crown,	r_root,	k_geo
883612800.0,	73.1605723136718,	7.941917106911351,	0.015,	0.05,	0.2,	0.2,	400
