time ,	 x ,	 y ,	r_stem,	h_stem,	r_crown,	r_root,	k_geo
2177474400.0,	69.63096716943524,	3.992125246201214,	0.015,	0.05,	0.2,	0.2,	400
