time ,	 x ,	 y ,	r_stem,	h_stem,	r_crown,	r_root,	k_geo
3408220800.0,	55.738255526350045,	14.352412356420183,	0.015,	0.05,	0.2,	0.2,	400
