time ,	 x ,	 y ,	r_stem,	h_stem,	r_crown,	r_root,	k_geo
2950635600.0,	48.72950096971073,	10.849954772615304,	0.015,	0.05,	0.2,	0.2,	400
