time ,	 x ,	 y ,	r_stem,	h_stem,	r_crown,	r_root,	k_geo
1246525200.0,	70.01036377957972,	11.611509875551029,	0.015,	0.05,	0.2,	0.2,	400
