time ,	 x ,	 y ,	r_stem,	h_stem,	r_crown,	r_root,	k_geo
1214967600.0,	30.40334669560171,	5.892733245778177,	0.015,	0.05,	0.2,	0.2,	400
