time ,	 x ,	 y ,	r_stem,	h_stem,	r_crown,	r_root,	k_geo
4465400400.0,	67.14177176321292,	1.6584350282601956,	0.015,	0.05,	0.2,	0.2,	400
