time ,	 x ,	 y ,	r_stem,	h_stem,	r_crown,	r_root,	k_geo
4149824400.0,	66.21469936206121,	1.587079021315576,	0.015,	0.05,	0.2,	0.2,	400
