time ,	 x ,	 y ,	r_stem,	h_stem,	r_crown,	r_root,	k_geo
3423999600.0,	71.02723073875943,	2.2008994900381307,	0.015,	0.05,	0.2,	0.2,	400
