time ,	 x ,	 y ,	r_stem,	h_stem,	r_crown,	r_root,	k_geo
2035465200.0,	19.975987620425883,	8.884350922657324,	0.015,	0.05,	0.2,	0.2,	400
2051244000.0,	19.975987620425883,	8.884350922657324,	0.015000837162931083,	0.05037458964585583,	0.2017932304679009,	0.20424280283671198,	400
2067022800.0,	19.975987620425883,	8.884350922657324,	0.015001810301978195,	0.05081157918765307,	0.2039749617502553,	0.20902370361329276,	400
2082801600.0,	19.975987620425883,	8.884350922657324,	0.015002885514070328,	0.05129244510836686,	0.20644599395438543,	0.21412250867003507,	400
