time ,	 x ,	 y ,	r_stem,	h_stem,	r_crown,	r_root,	k_geo
1420092000.0,	57.9093575410626,	10.437692521147092,	0.015,	0.05,	0.2,	0.2,	400
