time ,	 x ,	 y ,	r_stem,	h_stem,	r_crown,	r_root,	k_geo
1719889200.0,	34.06238080166906,	9.545205771362266,	0.015,	0.05,	0.2,	0.2,	400
