time ,	 x ,	 y ,	r_stem,	h_stem,	r_crown,	r_root,	k_geo
852055200.0,	75.65041946817928,	9.469972109797318,	0.015,	0.05,	0.2,	0.2,	400
