time ,	 x ,	 y ,	r_stem,	h_stem,	r_crown,	r_root,	k_geo
1861898400.0,	99.0982963936188,	2.994694978309633,	0.015,	0.05,	0.2,	0.2,	400
