time ,	 x ,	 y ,	r_stem,	h_stem,	r_crown,	r_root,	k_geo
347133600.0,	67.13492855311225,	14.862035158372151,	0.015,	0.05,	0.2,	0.2,	400
362912400.0,	67.13492855311225,	14.862035158372151,	0.015009976993948166,	0.054272159734517975,	0.21865191394244946,	0.2505585590834645,	400
378691200.0,	67.13492855311225,	14.862035158372151,	0.015025254810666659,	0.06096567697262852,	0.2654642489124166,	0.30199757049436604,	400
394470000.0,	67.13492855311225,	14.862035158372151,	0.015026730584629817,	0.06300288453988086,	0.2877328325571964,	0.30498866689457055,	400
