time ,	 x ,	 y ,	r_stem,	h_stem,	r_crown,	r_root,	k_geo
4496958000.0,	80.59406466047278,	2.54782232766037,	0.015,	0.05,	0.2,	0.2,	400
