time ,	 x ,	 y ,	r_stem,	h_stem,	r_crown,	r_root,	k_geo
2982193200.0,	50.445484018861734,	7.037524805482934,	0.015,	0.05,	0.2,	0.2,	400
