time ,	 x ,	 y ,	r_stem,	h_stem,	r_crown,	r_root,	k_geo
2351041200.0,	6.814989981889985,	1.1930224481730556,	0.015,	0.05,	0.2,	0.2,	400
