time ,	 x ,	 y ,	r_stem,	h_stem,	r_crown,	r_root,	k_geo
457585200.0,	54.87317900651838,	9.913217128243861,	0.015,	0.05,	0.2,	0.2,	400
