time ,	 x ,	 y ,	r_stem,	h_stem,	r_crown,	r_root,	k_geo
4023594000.0,	81.85760331167296,	0.032902469646621246,	0.015,	0.05,	0.2,	0.2,	400
4039372800.0,	81.85760331167296,	0.032902469646621246,	0.015011082232471037,	0.0565748398274771,	0.2473294327401037,	0.25615862212704066,	400
4055151600.0,	81.85760331167296,	0.032902469646621246,	0.015031899408358293,	0.06669235676004916,	0.3122683838727149,	0.323914895549246,	400
4070930400.0,	81.85760331167296,	0.032902469646621246,	0.015035057614546663,	0.07072191212737561,	0.3493852383788082,	0.32871818172034445,	400
4086709200.0,	81.85760331167296,	0.032902469646621246,	0.015069927562015924,	0.08256277966464415,	0.41414162247571235,	0.37666686753371204,	400
4102488000.0,	81.85760331167296,	0.032902469646621246,	0.015216481236970923,	0.10121756596211728,	0.47718785649951423,	0.47181162034269597,	400
