time ,	 x ,	 y ,	r_stem,	h_stem,	r_crown,	r_root,	k_geo
347133600.0,	94.24099729183649,	1.449243686793391,	0.015,	0.05,	0.2,	0.2,	400
