time ,	 x ,	 y ,	r_stem,	h_stem,	r_crown,	r_root,	k_geo
3518672400.0,	73.59709830849296,	10.97129071192441,	0.015,	0.05,	0.2,	0.2,	400
3534451200.0,	73.59709830849296,	10.97129071192441,	0.015010051482691326,	0.054339403733156,	0.21930569303453712,	0.25093598607220274,	400
3550230000.0,	73.59709830849296,	10.97129071192441,	0.015025469990370062,	0.06111021214439523,	0.2666662585231066,	0.3026974996406718,	400
3566008800.0,	73.59709830849296,	10.97129071192441,	0.015058240767813997,	0.07047000748538694,	0.3165743623285985,	0.36855812799588,	400
3581787600.0,	73.59709830849296,	10.97129071192441,	0.015058723359164295,	0.07102346873432505,	0.3221545369038247,	0.3689771174817629,	400
