time ,	 x ,	 y ,	r_stem,	h_stem,	r_crown,	r_root,	k_geo
3597566400.0,	52.50662776921381,	7.737638950235408,	0.015,	0.05,	0.2,	0.2,	400
