time ,	 x ,	 y ,	r_stem,	h_stem,	r_crown,	r_root,	k_geo
4228718400.0,	89.66926259779751,	3.438763511940569,	0.015,	0.05,	0.2,	0.2,	400
