time ,	 x ,	 y ,	r_stem,	h_stem,	r_crown,	r_root,	k_geo
236682000.0,	89.98667701320228,	14.621196152794258,	0.015,	0.05,	0.2,	0.2,	400
252460800.0,	89.98667701320228,	14.621196152794258,	0.015000284994313388,	0.051387227621726136,	0.2189073527507842,	0.2014443815990491,	400
268239600.0,	89.98667701320228,	14.621196152794258,	0.015000923389937556,	0.0535332632384041,	0.2441028166724424,	0.2047561167063568,	400
284018400.0,	89.98667701320228,	14.621196152794258,	0.015002495075590642,	0.056842540532199406,	0.27561611361307603,	0.21300416974934952,	400
