time ,	 x ,	 y ,	r_stem,	h_stem,	r_crown,	r_root,	k_geo
3723796800.0,	55.42348047405504,	10.788868322133837,	0.015,	0.05,	0.2,	0.2,	400
