time ,	 x ,	 y ,	r_stem,	h_stem,	r_crown,	r_root,	k_geo
2950635600.0,	82.8820395753375,	2.0233028566619478,	0.015,	0.05,	0.2,	0.2,	400
