time ,	 x ,	 y ,	r_stem,	h_stem,	r_crown,	r_root,	k_geo
4276054800.0,	19.79719971892273,	9.382605379536265,	0.015,	0.05,	0.2,	0.2,	400
