time ,	 x ,	 y ,	r_stem,	h_stem,	r_crown,	r_root,	k_geo
3439778400.0,	46.721205662643165,	1.9071156248249577,	0.015,	0.05,	0.2,	0.2,	400
3455557200.0,	46.721205662643165,	1.9071156248249577,	0.015002296807853735,	0.051386855591200126,	0.2101401550748226,	0.21164018492934672,	400
