time ,	 x ,	 y ,	r_stem,	h_stem,	r_crown,	r_root,	k_geo
2698174800.0,	57.180987038093555,	9.886392616767722,	0.015,	0.05,	0.2,	0.2,	400
