time ,	 x ,	 y ,	r_stem,	h_stem,	r_crown,	r_root,	k_geo
1293861600.0,	20.439437076637702,	5.235075511932525,	0.015,	0.05,	0.2,	0.2,	400
1309640400.0,	20.439437076637702,	5.235075511932525,	0.01500005314039953,	0.05002184080696974,	0.20008566204529168,	0.20026932196976913,	400
