time ,	 x ,	 y ,	r_stem,	h_stem,	r_crown,	r_root,	k_geo
1893456000.0,	63.407517300230964,	10.410192365141075,	0.015,	0.05,	0.2,	0.2,	400
