time ,	 x ,	 y ,	r_stem,	h_stem,	r_crown,	r_root,	k_geo
3218875200.0,	59.93254877504066,	0.4946828953412541,	0.015,	0.05,	0.2,	0.2,	400
