time ,	 x ,	 y ,	r_stem,	h_stem,	r_crown,	r_root,	k_geo
4055151600.0,	10.970841628779315,	1.3276999622670715,	0.015,	0.05,	0.2,	0.2,	400
