time ,	 x ,	 y ,	r_stem,	h_stem,	r_crown,	r_root,	k_geo
4307612400.0,	71.07090694151941,	13.455040898766352,	0.015,	0.05,	0.2,	0.2,	400
