time ,	 x ,	 y ,	r_stem,	h_stem,	r_crown,	r_root,	k_geo
4354948800.0,	79.46507777109541,	3.994640069297061,	0.015,	0.05,	0.2,	0.2,	400
