time ,	 x ,	 y ,	r_stem,	h_stem,	r_crown,	r_root,	k_geo
3266211600.0,	83.79095088945587,	5.978749088552753,	0.015,	0.05,	0.2,	0.2,	400
