time ,	 x ,	 y ,	r_stem,	h_stem,	r_crown,	r_root,	k_geo
694267200.0,	99.26234558786395,	14.483352458782077,	0.015,	0.05,	0.2,	0.2,	400
