time ,	 x ,	 y ,	r_stem,	h_stem,	r_crown,	r_root,	k_geo
3092644800.0,	86.38663158678223,	6.275489911479973,	0.015,	0.05,	0.2,	0.2,	400
