time ,	 x ,	 y ,	r_stem,	h_stem,	r_crown,	r_root,	k_geo
4039372800.0,	70.89416899112936,	4.61161661552328,	0.015,	0.05,	0.2,	0.2,	400
