time ,	 x ,	 y ,	r_stem,	h_stem,	r_crown,	r_root,	k_geo
4118266800.0,	46.85846112755314,	10.204612001414963,	0.015,	0.05,	0.2,	0.2,	400
