time ,	 x ,	 y ,	r_stem,	h_stem,	r_crown,	r_root,	k_geo
2713953600.0,	91.10848570101126,	5.898297569252301,	0.015,	0.05,	0.2,	0.2,	400
