time ,	 x ,	 y ,	r_stem,	h_stem,	r_crown,	r_root,	k_geo
820497600.0,	57.83435750296021,	11.892108884417109,	0.015,	0.05,	0.2,	0.2,	400
