time ,	 x ,	 y ,	r_stem,	h_stem,	r_crown,	r_root,	k_geo
2540386800.0,	6.894895996544658,	10.977407304501577,	0.015,	0.05,	0.2,	0.2,	400
