time ,	 x ,	 y ,	r_stem,	h_stem,	r_crown,	r_root,	k_geo
1372755600.0,	28.75864378271182,	4.470646367481284,	0.015,	0.05,	0.2,	0.2,	400
