time ,	 x ,	 y ,	r_stem,	h_stem,	r_crown,	r_root,	k_geo
788940000.0,	55.42138748474636,	4.255287810043153,	0.015,	0.05,	0.2,	0.2,	400
