time ,	 x ,	 y ,	r_stem,	h_stem,	r_crown,	r_root,	k_geo
1514764800.0,	95.88361727299366,	0.4790654577716136,	0.015,	0.05,	0.2,	0.2,	400
