time ,	 x ,	 y ,	r_stem,	h_stem,	r_crown,	r_root,	k_geo
568036800.0,	43.99003784736736,	14.795721512446141,	0.015,	0.05,	0.2,	0.2,	400
