time ,	 x ,	 y ,	r_stem,	h_stem,	r_crown,	r_root,	k_geo
4591630800.0,	89.01061114919533,	2.5242089057347243,	0.015,	0.05,	0.2,	0.2,	400
