time ,	 x ,	 y ,	r_stem,	h_stem,	r_crown,	r_root,	k_geo
1767225600.0,	95.45080925210728,	12.46309209707851,	0.015,	0.05,	0.2,	0.2,	400
