time ,	 x ,	 y ,	r_stem,	h_stem,	r_crown,	r_root,	k_geo
2019686400.0,	71.31634614523958,	8.736411039452824,	0.015,	0.05,	0.2,	0.2,	400
