time ,	 x ,	 y ,	r_stem,	h_stem,	r_crown,	r_root,	k_geo
1593658800.0,	98.04129891448105,	4.7411768258653675,	0.015,	0.05,	0.2,	0.2,	400
1609437600.0,	98.04129891448105,	4.7411768258653675,	0.015000264188917875,	0.0513872314699036,	0.21899802510302385,	0.20133893796986832,	400
