time ,	 x ,	 y ,	r_stem,	h_stem,	r_crown,	r_root,	k_geo
2777068800.0,	20.826131227560285,	10.67029040805083,	0.015,	0.05,	0.2,	0.2,	400
