time ,	 x ,	 y ,	r_stem,	h_stem,	r_crown,	r_root,	k_geo
2067022800.0,	91.38567718616966,	5.309514452465399,	0.015,	0.05,	0.2,	0.2,	400
