time ,	 x ,	 y ,	r_stem,	h_stem,	r_crown,	r_root,	k_geo
3076866000.0,	22.322738299929824,	6.260505237416522,	0.015,	0.05,	0.2,	0.2,	400
