time ,	 x ,	 y ,	r_stem,	h_stem,	r_crown,	r_root,	k_geo
3487114800.0,	41.290754532105545,	2.811113148110281,	0.015,	0.05,	0.2,	0.2,	400
