time ,	 x ,	 y ,	r_stem,	h_stem,	r_crown,	r_root,	k_geo
3723796800.0,	16.48927435341826,	11.376686662118749,	0.015,	0.05,	0.2,	0.2,	400
3739575600.0,	16.48927435341826,	11.376686662118749,	0.015000158287800543,	0.050049747537377405,	0.20003281321820723,	0.20080222069374723,	400
