time ,	 x ,	 y ,	r_stem,	h_stem,	r_crown,	r_root,	k_geo
3834248400.0,	1.9478970174655608,	9.969196407061446,	0.015,	0.05,	0.2,	0.2,	400
3850027200.0,	1.9478970174655608,	9.969196407061446,	0.015002107894026133,	0.05118833993608278,	0.20807891203332557,	0.21068279705658563,	400
3865806000.0,	1.9478970174655608,	9.969196407061446,	0.015004573800906936,	0.05257356659161973,	0.2175632693498333,	0.22229813597097708,	400
