time ,	 x ,	 y ,	r_stem,	h_stem,	r_crown,	r_root,	k_geo
552258000.0,	55.98154831988688,	5.4184833479005015,	0.015,	0.05,	0.2,	0.2,	400
