time ,	 x ,	 y ,	r_stem,	h_stem,	r_crown,	r_root,	k_geo
4496958000.0,	93.8915850306094,	2.938061632863151,	0.015,	0.05,	0.2,	0.2,	400
