time ,	 x ,	 y ,	r_stem,	h_stem,	r_crown,	r_root,	k_geo
1372755600.0,	68.89496818542393,	6.771802751395649,	0.015,	0.05,	0.2,	0.2,	400
