time ,	 x ,	 y ,	r_stem,	h_stem,	r_crown,	r_root,	k_geo
3092644800.0,	28.037163167832844,	11.332066560313086,	0.015,	0.05,	0.2,	0.2,	400
