time ,	 x ,	 y ,	r_stem,	h_stem,	r_crown,	r_root,	k_geo
3029529600.0,	63.825215426765816,	8.183973052405932,	0.015,	0.05,	0.2,	0.2,	400
