time ,	 x ,	 y ,	r_stem,	h_stem,	r_crown,	r_root,	k_geo
489142800.0,	75.41124679445927,	5.466196714059687,	0.015,	0.05,	0.2,	0.2,	400
