time ,	 x ,	 y ,	r_stem,	h_stem,	r_crown,	r_root,	k_geo
1183410000.0,	49.22090524364376,	6.377112751503731,	0.015,	0.05,	0.2,	0.2,	400
