time ,	 x ,	 y ,	r_stem,	h_stem,	r_crown,	r_root,	k_geo
2429935200.0,	24.39436979887686,	6.976010801828758,	0.015,	0.05,	0.2,	0.2,	400
