time ,	 x ,	 y ,	r_stem,	h_stem,	r_crown,	r_root,	k_geo
788940000.0,	87.45207401055947,	3.3738598157673163,	0.015,	0.05,	0.2,	0.2,	400
