time ,	 x ,	 y ,	r_stem,	h_stem,	r_crown,	r_root,	k_geo
3329326800.0,	61.94627084981247,	6.645483644433468,	0.015,	0.05,	0.2,	0.2,	400
