time ,	 x ,	 y ,	r_stem,	h_stem,	r_crown,	r_root,	k_geo
3392442000.0,	59.56509512464174,	3.6670818667031293,	0.015,	0.05,	0.2,	0.2,	400
3408220800.0,	59.56509512464174,	3.6670818667031293,	0.015007024039803796,	0.05251957400017084,	0.2060203805954447,	0.23559568998416167,	400
3423999600.0,	59.56509512464174,	3.6670818667031293,	0.01501853130338269,	0.05673121378038065,	0.2275712465994996,	0.27929337940731885,	400
3439778400.0,	59.56509512464174,	3.6670818667031293,	0.015019143085885044,	0.057631609705903294,	0.23908535895152494,	0.28086971171412967,	400
3455557200.0,	59.56509512464174,	3.6670818667031293,	0.015020322976149995,	0.05896092329559574,	0.2542854286763066,	0.2838683641354916,	400
3471336000.0,	59.56509512464174,	3.6670818667031293,	0.01502260977843206,	0.060897636397915525,	0.2733816845116811,	0.2895077460558649,	400
