time ,	 x ,	 y ,	r_stem,	h_stem,	r_crown,	r_root,	k_geo
1925013600.0,	53.34607324738907,	5.552498754358162,	0.015,	0.05,	0.2,	0.2,	400
