time ,	 x ,	 y ,	r_stem,	h_stem,	r_crown,	r_root,	k_geo
189345600.0,	99.51740947424364,	6.277974175451085,	0.015,	0.05,	0.2,	0.2,	400
