time ,	 x ,	 y ,	r_stem,	h_stem,	r_crown,	r_root,	k_geo
1072958400.0,	55.65349284667881,	6.249679793773527,	0.015,	0.05,	0.2,	0.2,	400
