time ,	 x ,	 y ,	r_stem,	h_stem,	r_crown,	r_root,	k_geo
3076866000.0,	85.91016240508377,	5.756039932620663,	0.015,	0.05,	0.2,	0.2,	400
