time ,	 x ,	 y ,	r_stem,	h_stem,	r_crown,	r_root,	k_geo
1925013600.0,	70.73901552561604,	5.830803195081432,	0.015,	0.05,	0.2,	0.2,	400
1940792400.0,	70.73901552561604,	5.830803195081432,	0.015010112927811422,	0.054396904612238145,	0.2198745451836035,	0.2512473218206313,	400
1956571200.0,	70.73901552561604,	5.830803195081432,	0.015024988175955855,	0.06147653438055284,	0.2733877224305984,	0.3010660002168999,	400
1972350000.0,	70.73901552561604,	5.830803195081432,	0.015059267794278628,	0.07082483191899602,	0.3166957912701638,	0.3709947006000411,	400
1988128800.0,	70.73901552561604,	5.830803195081432,	0.015150235821888292,	0.0838149828416203,	0.3790300238616731,	0.44746801090509747,	400
2003907600.0,	70.73901552561604,	5.830803195081432,	0.015172538427698772,	0.08817383463268387,	0.4139974725678898,	0.4533262322776772,	400
