time ,	 x ,	 y ,	r_stem,	h_stem,	r_crown,	r_root,	k_geo
4449621600.0,	86.75630744595071,	12.492013547897042,	0.015,	0.05,	0.2,	0.2,	400
