time ,	 x ,	 y ,	r_stem,	h_stem,	r_crown,	r_root,	k_geo
3392442000.0,	82.24041463805092,	0.5852436260782601,	0.015,	0.05,	0.2,	0.2,	400
