time ,	 x ,	 y ,	r_stem,	h_stem,	r_crown,	r_root,	k_geo
4496958000.0,	93.52914104096376,	1.776966822056187,	0.015,	0.05,	0.2,	0.2,	400
