time ,	 x ,	 y ,	r_stem,	h_stem,	r_crown,	r_root,	k_geo
3502893600.0,	75.21582489924981,	5.908937958647262,	0.015,	0.05,	0.2,	0.2,	400
