time ,	 x ,	 y ,	r_stem,	h_stem,	r_crown,	r_root,	k_geo
2477271600.0,	77.40635900296304,	14.94262914605524,	0.015,	0.05,	0.2,	0.2,	400
