time ,	 x ,	 y ,	r_stem,	h_stem,	r_crown,	r_root,	k_geo
3045308400.0,	20.757833593820894,	6.052585126236817,	0.015,	0.05,	0.2,	0.2,	400
