time ,	 x ,	 y ,	r_stem,	h_stem,	r_crown,	r_root,	k_geo
2982193200.0,	88.95013653109963,	2.939025377101646,	0.015,	0.05,	0.2,	0.2,	400
