time ,	 x ,	 y ,	r_stem,	h_stem,	r_crown,	r_root,	k_geo
1041400800.0,	93.09425426929573,	5.549337361096752,	0.015,	0.05,	0.2,	0.2,	400
