time ,	 x ,	 y ,	r_stem,	h_stem,	r_crown,	r_root,	k_geo
1293861600.0,	82.74922415495223,	13.86024436010963,	0.015,	0.05,	0.2,	0.2,	400
