time ,	 x ,	 y ,	r_stem,	h_stem,	r_crown,	r_root,	k_geo
1735668000.0,	37.4183977835004,	11.752392799056588,	0.015,	0.05,	0.2,	0.2,	400
1751446800.0,	37.4183977835004,	11.752392799056588,	0.015002094251480035,	0.05067280009183752,	0.2006487951429951,	0.21061365844315025,	400
1767225600.0,	37.4183977835004,	11.752392799056588,	0.015005241937621892,	0.051642189081718005,	0.20188588500517812,	0.22525839442039164,	400
1783004400.0,	37.4183977835004,	11.752392799056588,	0.01500945786025666,	0.052860047752814124,	0.20393225939244206,	0.2426533718237321,	400
1798783200.0,	37.4183977835004,	11.752392799056588,	0.015015149331133236,	0.05438711722115366,	0.20739056476414416,	0.26293139775629537,	400
1814562000.0,	37.4183977835004,	11.752392799056588,	0.015023258141970669,	0.05640800341598166,	0.21382611423324485,	0.2871100800475729,	400
1830340800.0,	37.4183977835004,	11.752392799056588,	0.015034590224709632,	0.05896101808009319,	0.224416254749409,	0.3140998662901564,	400
