time ,	 x ,	 y ,	r_stem,	h_stem,	r_crown,	r_root,	k_geo
3029529600.0,	95.14602965471681,	10.672860795075362,	0.015,	0.05,	0.2,	0.2,	400
