time ,	 x ,	 y ,	r_stem,	h_stem,	r_crown,	r_root,	k_geo
1940792400.0,	72.83512019111559,	2.9231646916301663,	0.015,	0.05,	0.2,	0.2,	400
1956571200.0,	72.83512019111559,	2.9231646916301663,	0.015000636529165851,	0.051387162604066075,	0.21737533935393608,	0.203225984076337,	400
