time ,	 x ,	 y ,	r_stem,	h_stem,	r_crown,	r_root,	k_geo
3266211600.0,	18.566067959843835,	4.351207864399142,	0.015,	0.05,	0.2,	0.2,	400
