time ,	 x ,	 y ,	r_stem,	h_stem,	r_crown,	r_root,	k_geo
4165603200.0,	90.57395718301395,	1.9806424606829587,	0.015,	0.05,	0.2,	0.2,	400
