time ,	 x ,	 y ,	r_stem,	h_stem,	r_crown,	r_root,	k_geo
3566008800.0,	77.52502511635286,	0.8997409982692051,	0.015,	0.05,	0.2,	0.2,	400
