time ,	 x ,	 y ,	r_stem,	h_stem,	r_crown,	r_root,	k_geo
1656774000.0,	12.355263506453317,	10.94652802729073,	0.015,	0.05,	0.2,	0.2,	400
