time ,	 x ,	 y ,	r_stem,	h_stem,	r_crown,	r_root,	k_geo
3534451200.0,	76.62382229448117,	1.0876776088215767,	0.015,	0.05,	0.2,	0.2,	400
