time ,	 x ,	 y ,	r_stem,	h_stem,	r_crown,	r_root,	k_geo
1814562000.0,	78.23548217631433,	13.955084076425784,	0.015,	0.05,	0.2,	0.2,	400
