time ,	 x ,	 y ,	r_stem,	h_stem,	r_crown,	r_root,	k_geo
583815600.0,	75.56523449581458,	10.732863272241348,	0.015,	0.05,	0.2,	0.2,	400
