time ,	 x ,	 y ,	r_stem,	h_stem,	r_crown,	r_root,	k_geo
3739575600.0,	89.36608310935931,	11.568408845129888,	0.015,	0.05,	0.2,	0.2,	400
