time ,	 x ,	 y ,	r_stem,	h_stem,	r_crown,	r_root,	k_geo
2745511200.0,	89.38926182703295,	8.138817796569672,	0.015,	0.05,	0.2,	0.2,	400
