time ,	 x ,	 y ,	r_stem,	h_stem,	r_crown,	r_root,	k_geo
2650838400.0,	60.415830535891835,	11.726354780967444,	0.015,	0.05,	0.2,	0.2,	400
