time ,	 x ,	 y ,	r_stem,	h_stem,	r_crown,	r_root,	k_geo
426027600.0,	71.41530595772137,	0.5362751777518326,	0.015,	0.05,	0.2,	0.2,	400
