time ,	 x ,	 y ,	r_stem,	h_stem,	r_crown,	r_root,	k_geo
3218875200.0,	81.48410612227093,	2.383212761179663,	0.015,	0.05,	0.2,	0.2,	400
