time ,	 x ,	 y ,	r_stem,	h_stem,	r_crown,	r_root,	k_geo
2777068800.0,	94.5840538242959,	5.720037269803021,	0.015,	0.05,	0.2,	0.2,	400
