time ,	 x ,	 y ,	r_stem,	h_stem,	r_crown,	r_root,	k_geo
3455557200.0,	21.265216878539917,	5.699790286483751,	0.015,	0.05,	0.2,	0.2,	400
