time ,	 x ,	 y ,	r_stem,	h_stem,	r_crown,	r_root,	k_geo
3013750800.0,	44.444232537130766,	4.841469762429877,	0.015,	0.05,	0.2,	0.2,	400
3029529600.0,	44.444232537130766,	4.841469762429877,	0.015002039465714686,	0.051129047754686435,	0.20751557041005525,	0.21033601122459852,	400
