time ,	 x ,	 y ,	r_stem,	h_stem,	r_crown,	r_root,	k_geo
4560073200.0,	69.12770643692684,	0.2219758805708083,	0.015,	0.05,	0.2,	0.2,	400
