time ,	 x ,	 y ,	r_stem,	h_stem,	r_crown,	r_root,	k_geo
2082801600.0,	91.11656461605797,	2.6634976213173305,	0.015,	0.05,	0.2,	0.2,	400
