time ,	 x ,	 y ,	r_stem,	h_stem,	r_crown,	r_root,	k_geo
694267200.0,	51.98078584772684,	12.153418494893685,	0.015,	0.05,	0.2,	0.2,	400
