time ,	 x ,	 y ,	r_stem,	h_stem,	r_crown,	r_root,	k_geo
3045308400.0,	19.228530573390955,	6.70428244712263,	0.015,	0.05,	0.2,	0.2,	400
