time ,	 x ,	 y ,	r_stem,	h_stem,	r_crown,	r_root,	k_geo
3029529600.0,	91.08487050791221,	3.4515183539764465,	0.015,	0.05,	0.2,	0.2,	400
