time ,	 x ,	 y ,	r_stem,	h_stem,	r_crown,	r_root,	k_geo
2982193200.0,	88.43722298223268,	10.043393939780438,	0.015,	0.05,	0.2,	0.2,	400
