time ,	 x ,	 y ,	r_stem,	h_stem,	r_crown,	r_root,	k_geo
3676460400.0,	69.36973256622602,	8.53716917082119,	0.015,	0.05,	0.2,	0.2,	400
3692239200.0,	69.36973256622602,	8.53716917082119,	0.01500970984226044,	0.0540494416915531,	0.2165755448781141,	0.2492049227012303,	400
3708018000.0,	69.36973256622602,	8.53716917082119,	0.015024516675496074,	0.060397834284547175,	0.260176428372926,	0.299587943973763,	400
