time ,	 x ,	 y ,	r_stem,	h_stem,	r_crown,	r_root,	k_geo
3581787600.0,	30.42015558181772,	5.995003501019702,	0.015,	0.05,	0.2,	0.2,	400
