time ,	 x ,	 y ,	r_stem,	h_stem,	r_crown,	r_root,	k_geo
2224810800.0,	36.72254666951452,	14.74369255499226,	0.015,	0.05,	0.2,	0.2,	400
