time ,	 x ,	 y ,	r_stem,	h_stem,	r_crown,	r_root,	k_geo
1136073600.0,	41.29394793823251,	8.167430304626937,	0.015,	0.05,	0.2,	0.2,	400
