time ,	 x ,	 y ,	r_stem,	h_stem,	r_crown,	r_root,	k_geo
4591630800.0,	38.78969305770244,	3.608567257369603,	0.015,	0.05,	0.2,	0.2,	400
