time ,	 x ,	 y ,	r_stem,	h_stem,	r_crown,	r_root,	k_geo
4418064000.0,	52.07365009120702,	4.988330519732544,	0.015,	0.05,	0.2,	0.2,	400
4433842800.0,	52.07365009120702,	4.988330519732544,	0.015001928852665573,	0.05138692362338094,	0.21174357438081265,	0.20977543738771007,	400
4449621600.0,	52.07365009120702,	4.988330519732544,	0.015004474173211753,	0.05305306870053931,	0.22434655233410686,	0.22193149940878554,	400
4465400400.0,	52.07365009120702,	4.988330519732544,	0.015007620585189342,	0.0550077191640541,	0.2382433890717433,	0.23572121804334786,	400
