time ,	 x ,	 y ,	r_stem,	h_stem,	r_crown,	r_root,	k_geo
4102488000.0,	19.765967107946725,	13.088878730331366,	0.015,	0.05,	0.2,	0.2,	400
