time ,	 x ,	 y ,	r_stem,	h_stem,	r_crown,	r_root,	k_geo
2635059600.0,	67.18656505502598,	1.2318790307121525,	0.015,	0.05,	0.2,	0.2,	400
