time ,	 x ,	 y ,	r_stem,	h_stem,	r_crown,	r_root,	k_geo
3534451200.0,	30.028445374964306,	0.28887858097658425,	0.015,	0.05,	0.2,	0.2,	400
