time ,	 x ,	 y ,	r_stem,	h_stem,	r_crown,	r_root,	k_geo
899391600.0,	35.33918714515439,	2.720561915810642,	0.015,	0.05,	0.2,	0.2,	400
