time ,	 x ,	 y ,	r_stem,	h_stem,	r_crown,	r_root,	k_geo
1988128800.0,	70.05311886688787,	14.808735233845772,	0.015,	0.05,	0.2,	0.2,	400
2003907600.0,	70.05311886688787,	14.808735233845772,	0.015000883085690439,	0.051387117005259914,	0.21630084763647028,	0.2044755402542706,	400
2019686400.0,	70.05311886688787,	14.808735233845772,	0.01500244353636973,	0.053354358585956274,	0.2359531371329139,	0.21232979823484963,	400
2035465200.0,	70.05311886688787,	14.808735233845772,	0.01500529228627868,	0.056064768210269185,	0.25775582105905137,	0.22614066190222548,	400
2051244000.0,	70.05311886688787,	14.808735233845772,	0.015005497684329355,	0.05648695828012955,	0.2617470203352688,	0.22704077514020865,	400
2067022800.0,	70.05311886688787,	14.808735233845772,	0.015005722437518264,	0.056996431244324484,	0.26655266341024225,	0.2280210413840815,	400
