time ,	 x ,	 y ,	r_stem,	h_stem,	r_crown,	r_root,	k_geo
3897363600.0,	62.912357821904905,	0.8087334731620094,	0.015,	0.05,	0.2,	0.2,	400
