time ,	 x ,	 y ,	r_stem,	h_stem,	r_crown,	r_root,	k_geo
1372755600.0,	76.29293349608022,	10.248555422078683,	0.015,	0.05,	0.2,	0.2,	400
1388534400.0,	76.29293349608022,	10.248555422078683,	0.015000680186632627,	0.05138715452977658,	0.21718507927025338,	0.2034472420247938,	400
1404313200.0,	76.29293349608022,	10.248555422078683,	0.015002108402119945,	0.053414468715415574,	0.23796288239821425,	0.2107098087345038,	400
1420092000.0,	76.29293349608022,	10.248555422078683,	0.015004405466991928,	0.05626300239092274,	0.2630374896390077,	0.22203995563261314,	400
