time ,	 x ,	 y ,	r_stem,	h_stem,	r_crown,	r_root,	k_geo
568036800.0,	73.54094513056845,	7.6732454632331955,	0.015,	0.05,	0.2,	0.2,	400
