time ,	 x ,	 y ,	r_stem,	h_stem,	r_crown,	r_root,	k_geo
520700400.0,	78.14097329491571,	4.485060194835037,	0.015,	0.05,	0.2,	0.2,	400
