time ,	 x ,	 y ,	r_stem,	h_stem,	r_crown,	r_root,	k_geo
3471336000.0,	82.97677384935102,	3.123207342493905,	0.015,	0.05,	0.2,	0.2,	400
