time ,	 x ,	 y ,	r_stem,	h_stem,	r_crown,	r_root,	k_geo
299797200.0,	74.27340164669467,	9.34267527623167,	0.015,	0.05,	0.2,	0.2,	400
