time ,	 x ,	 y ,	r_stem,	h_stem,	r_crown,	r_root,	k_geo
426027600.0,	76.80304807953594,	10.676495368984085,	0.015,	0.05,	0.2,	0.2,	400
