time ,	 x ,	 y ,	r_stem,	h_stem,	r_crown,	r_root,	k_geo
978285600.0,	22.931095062045912,	3.7061337029436148,	0.015,	0.05,	0.2,	0.2,	400
