time ,	 x ,	 y ,	r_stem,	h_stem,	r_crown,	r_root,	k_geo
3345105600.0,	86.61321056595895,	4.580273510968179,	0.015,	0.05,	0.2,	0.2,	400
