time ,	 x ,	 y ,	r_stem,	h_stem,	r_crown,	r_root,	k_geo
2493050400.0,	99.31489591835435,	10.802466835811474,	0.015,	0.05,	0.2,	0.2,	400
