time ,	 x ,	 y ,	r_stem,	h_stem,	r_crown,	r_root,	k_geo
4465400400.0,	88.95802611867717,	13.783441398629808,	0.015,	0.05,	0.2,	0.2,	400
