time ,	 x ,	 y ,	r_stem,	h_stem,	r_crown,	r_root,	k_geo
2461492800.0,	66.58282783090783,	0.5949231807652228,	0.015,	0.05,	0.2,	0.2,	400
2477271600.0,	66.58282783090783,	0.5949231807652228,	0.015001152424595855,	0.05138706719559045,	0.21512708817429782,	0.20584054975802665,	400
