time ,	 x ,	 y ,	r_stem,	h_stem,	r_crown,	r_root,	k_geo
1625216400.0,	58.597171733127496,	4.6014582211722255,	0.015,	0.05,	0.2,	0.2,	400
