time ,	 x ,	 y ,	r_stem,	h_stem,	r_crown,	r_root,	k_geo
3676460400.0,	10.949127608058017,	12.411549851256385,	0.015,	0.05,	0.2,	0.2,	400
