time ,	 x ,	 y ,	r_stem,	h_stem,	r_crown,	r_root,	k_geo
2051244000.0,	38.622996857753336,	10.269127844496888,	0.015,	0.05,	0.2,	0.2,	400
