time ,	 x ,	 y ,	r_stem,	h_stem,	r_crown,	r_root,	k_geo
3897363600.0,	3.1763181088535153,	7.984014552253159,	0.015,	0.05,	0.2,	0.2,	400
