time ,	 x ,	 y ,	r_stem,	h_stem,	r_crown,	r_root,	k_geo
1704110400.0,	31.25129499973369,	2.836594517239321,	0.015,	0.05,	0.2,	0.2,	400
