time ,	 x ,	 y ,	r_stem,	h_stem,	r_crown,	r_root,	k_geo
4370727600.0,	24.734041735724553,	12.161510660208691,	0.015,	0.05,	0.2,	0.2,	400
4386506400.0,	24.734041735724553,	12.161510660208691,	0.015000173617957455,	0.05007218072137041,	0.20029184657189153,	0.20087991552128648,	400
