time ,	 x ,	 y ,	r_stem,	h_stem,	r_crown,	r_root,	k_geo
2019686400.0,	4.452193782776925,	2.3587220722757385,	0.015,	0.05,	0.2,	0.2,	400
