time ,	 x ,	 y ,	r_stem,	h_stem,	r_crown,	r_root,	k_geo
3865806000.0,	86.95364658421823,	9.107445531942606,	0.015,	0.05,	0.2,	0.2,	400
