time ,	 x ,	 y ,	r_stem,	h_stem,	r_crown,	r_root,	k_geo
3629124000.0,	59.21155355458239,	4.83196678584658,	0.015,	0.05,	0.2,	0.2,	400
