time ,	 x ,	 y ,	r_stem,	h_stem,	r_crown,	r_root,	k_geo
3297769200.0,	84.07363612716749,	7.5988142640244325,	0.015,	0.05,	0.2,	0.2,	400
