time ,	 x ,	 y ,	r_stem,	h_stem,	r_crown,	r_root,	k_geo
4591630800.0,	62.85579297534196,	5.238200177466249,	0.015,	0.05,	0.2,	0.2,	400
