time ,	 x ,	 y ,	r_stem,	h_stem,	r_crown,	r_root,	k_geo
2761290000.0,	64.9365745735486,	3.233063440336836,	0.015,	0.05,	0.2,	0.2,	400
