time ,	 x ,	 y ,	r_stem,	h_stem,	r_crown,	r_root,	k_geo
2571944400.0,	61.4194951526292,	9.905852527468525,	0.015,	0.05,	0.2,	0.2,	400
