time ,	 x ,	 y ,	r_stem,	h_stem,	r_crown,	r_root,	k_geo
2698174800.0,	69.12198937446755,	10.21086867420141,	0.015,	0.05,	0.2,	0.2,	400
