time ,	 x ,	 y ,	r_stem,	h_stem,	r_crown,	r_root,	k_geo
3045308400.0,	42.58006459055436,	12.63693803351078,	0.015,	0.05,	0.2,	0.2,	400
