time ,	 x ,	 y ,	r_stem,	h_stem,	r_crown,	r_root,	k_geo
1009843200.0,	66.04547565359637,	3.610030329462672,	0.015,	0.05,	0.2,	0.2,	400
