time ,	 x ,	 y ,	r_stem,	h_stem,	r_crown,	r_root,	k_geo
1072958400.0,	98.76213987977988,	12.325810635099025,	0.015,	0.05,	0.2,	0.2,	400
