time ,	 x ,	 y ,	r_stem,	h_stem,	r_crown,	r_root,	k_geo
3786912000.0,	90.09694274010032,	14.718652932940348,	0.015,	0.05,	0.2,	0.2,	400
