time ,	 x ,	 y ,	r_stem,	h_stem,	r_crown,	r_root,	k_geo
2650838400.0,	81.37511264530579,	12.32400678494807,	0.015,	0.05,	0.2,	0.2,	400
