time ,	 x ,	 y ,	r_stem,	h_stem,	r_crown,	r_root,	k_geo
236682000.0,	84.16010963263226,	5.184213950312708,	0.015,	0.05,	0.2,	0.2,	400
