time ,	 x ,	 y ,	r_stem,	h_stem,	r_crown,	r_root,	k_geo
4276054800.0,	47.59911795114561,	10.734266976548085,	0.015,	0.05,	0.2,	0.2,	400
