time ,	 x ,	 y ,	r_stem,	h_stem,	r_crown,	r_root,	k_geo
3455557200.0,	14.78582789222871,	5.233409256747686,	0.015,	0.05,	0.2,	0.2,	400
3471336000.0,	14.78582789222871,	5.233409256747686,	0.015000264712915833,	0.05011104913620872,	0.2004594620158269,	0.2013415936396407,	400
3487114800.0,	14.78582789222871,	5.233409256747686,	0.015000437365069307,	0.05018255114136885,	0.20075039512165058,	0.20220791598648308,	400
3502893600.0,	14.78582789222871,	5.233409256747686,	0.015000893514459351,	0.05037652914360383,	0.20160101088864454,	0.20448194855974586,	400
3518672400.0,	14.78582789222871,	5.233409256747686,	0.015001560144099665,	0.050664756827401965,	0.20294304928625556,	0.20774943753244396,	400
