time ,	 x ,	 y ,	r_stem,	h_stem,	r_crown,	r_root,	k_geo
2161695600.0,	54.280172424121375,	8.890506335334212,	0.015,	0.05,	0.2,	0.2,	400
2177474400.0,	54.280172424121375,	8.890506335334212,	0.015001963845398623,	0.05138691715326916,	0.2115910868705677,	0.20995277657759343,	400
2193253200.0,	54.280172424121375,	8.890506335334212,	0.01500450178462653,	0.053043244157306414,	0.22412392401789752,	0.22205238415700762,	400
2209032000.0,	54.280172424121375,	8.890506335334212,	0.01500773513598673,	0.054985488078124665,	0.2375691877008029,	0.23620382397024575,	400
2224810800.0,	54.280172424121375,	8.890506335334212,	0.015011375463617182,	0.05723080237672741,	0.25352580110099254,	0.2504391988125592,	400
2240589600.0,	54.280172424121375,	8.890506335334212,	0.015016312519925136,	0.059923451888010834,	0.27080600210638267,	0.2675012889432891,	400
2256368400.0,	54.280172424121375,	8.890506335334212,	0.015023145553309001,	0.06309867260034803,	0.28917813400826303,	0.2875020030169416,	400
