time ,	 x ,	 y ,	r_stem,	h_stem,	r_crown,	r_root,	k_geo
1183410000.0,	91.04683949645714,	10.904340400876292,	0.015,	0.05,	0.2,	0.2,	400
