time ,	 x ,	 y ,	r_stem,	h_stem,	r_crown,	r_root,	k_geo
2524608000.0,	68.87274736817626,	8.061386181787473,	0.015,	0.05,	0.2,	0.2,	400
