time ,	 x ,	 y ,	r_stem,	h_stem,	r_crown,	r_root,	k_geo
1088737200.0,	81.18612889162542,	8.90071607405155,	0.015,	0.05,	0.2,	0.2,	400
