time ,	 x ,	 y ,	r_stem,	h_stem,	r_crown,	r_root,	k_geo
1609437600.0,	97.96090688315783,	0.04658518853379534,	0.015,	0.05,	0.2,	0.2,	400
