time ,	 x ,	 y ,	r_stem,	h_stem,	r_crown,	r_root,	k_geo
568036800.0,	6.855816712009954,	3.0329342693988752,	0.015,	0.05,	0.2,	0.2,	400
