time ,	 x ,	 y ,	r_stem,	h_stem,	r_crown,	r_root,	k_geo
852055200.0,	58.82373619376939,	9.030622261230514,	0.015,	0.05,	0.2,	0.2,	400
