time ,	 x ,	 y ,	r_stem,	h_stem,	r_crown,	r_root,	k_geo
4386506400.0,	33.76848806196768,	11.185102061523684,	0.015,	0.05,	0.2,	0.2,	400
