time ,	 x ,	 y ,	r_stem,	h_stem,	r_crown,	r_root,	k_geo
4165603200.0,	99.087828896206,	3.8808298353521065,	0.015,	0.05,	0.2,	0.2,	400
