time ,	 x ,	 y ,	r_stem,	h_stem,	r_crown,	r_root,	k_geo
1719889200.0,	75.61884916023229,	1.6071853373640672,	0.015,	0.05,	0.2,	0.2,	400
