time ,	 x ,	 y ,	r_stem,	h_stem,	r_crown,	r_root,	k_geo
4276054800.0,	97.51422329409128,	13.41574792914623,	0.015,	0.05,	0.2,	0.2,	400
