time ,	 x ,	 y ,	r_stem,	h_stem,	r_crown,	r_root,	k_geo
2193253200.0,	65.44682879005778,	0.21539123930609028,	0.015,	0.05,	0.2,	0.2,	400
