time ,	 x ,	 y ,	r_stem,	h_stem,	r_crown,	r_root,	k_geo
2571944400.0,	77.58247090780498,	0.4898054473528801,	0.015,	0.05,	0.2,	0.2,	400
