time ,	 x ,	 y ,	r_stem,	h_stem,	r_crown,	r_root,	k_geo
1672552800.0,	75.88563228049277,	6.168634887914735,	0.015,	0.05,	0.2,	0.2,	400
