time ,	 x ,	 y ,	r_stem,	h_stem,	r_crown,	r_root,	k_geo
915170400.0,	56.44206013194607,	4.298229649637536,	0.015,	0.05,	0.2,	0.2,	400
