time ,	 x ,	 y ,	r_stem,	h_stem,	r_crown,	r_root,	k_geo
3692239200.0,	86.87245259844524,	3.955790159101458,	0.015,	0.05,	0.2,	0.2,	400
