time ,	 x ,	 y ,	r_stem,	h_stem,	r_crown,	r_root,	k_geo
1009843200.0,	58.3469162031622,	12.484981694095147,	0.015,	0.05,	0.2,	0.2,	400
