time ,	 x ,	 y ,	r_stem,	h_stem,	r_crown,	r_root,	k_geo
378691200.0,	64.79470104207739,	3.018696739212998,	0.015,	0.05,	0.2,	0.2,	400
