time ,	 x ,	 y ,	r_stem,	h_stem,	r_crown,	r_root,	k_geo
2477271600.0,	32.311988861300065,	11.459372646089811,	0.015,	0.05,	0.2,	0.2,	400
