time ,	 x ,	 y ,	r_stem,	h_stem,	r_crown,	r_root,	k_geo
2366820000.0,	14.011123780289104,	12.875653073243802,	0.015,	0.05,	0.2,	0.2,	400
