time ,	 x ,	 y ,	r_stem,	h_stem,	r_crown,	r_root,	k_geo
3092644800.0,	45.06068541759205,	7.470904868797167,	0.015,	0.05,	0.2,	0.2,	400
