time ,	 x ,	 y ,	r_stem,	h_stem,	r_crown,	r_root,	k_geo
820497600.0,	65.85906907473235,	7.309106908412845,	0.015,	0.05,	0.2,	0.2,	400
