time ,	 x ,	 y ,	r_stem,	h_stem,	r_crown,	r_root,	k_geo
3597566400.0,	72.83841406108836,	3.144300650268538,	0.015,	0.05,	0.2,	0.2,	400
