time ,	 x ,	 y ,	r_stem,	h_stem,	r_crown,	r_root,	k_geo
4496958000.0,	29.64667107598974,	8.334924916070902,	0.015,	0.05,	0.2,	0.2,	400
4512736800.0,	29.64667107598974,	8.334924916070902,	0.01500058298380276,	0.0501839915215097,	0.20013216136624074,	0.20295461351936558,	400
4528515600.0,	29.64667107598974,	8.334924916070902,	0.015000624043879973,	0.05019667415427115,	0.2001406110142665,	0.20315782619558412,	400
