time ,	 x ,	 y ,	r_stem,	h_stem,	r_crown,	r_root,	k_geo
3392442000.0,	92.96879813287373,	13.879545468738632,	0.015,	0.05,	0.2,	0.2,	400
