time ,	 x ,	 y ,	r_stem,	h_stem,	r_crown,	r_root,	k_geo
4418064000.0,	85.63706574609543,	3.545436071696923,	0.015,	0.05,	0.2,	0.2,	400
