time ,	 x ,	 y ,	r_stem,	h_stem,	r_crown,	r_root,	k_geo
615373200.0,	51.852229820345464,	10.097293630585574,	0.015,	0.05,	0.2,	0.2,	400
