time ,	 x ,	 y ,	r_stem,	h_stem,	r_crown,	r_root,	k_geo
3092644800.0,	78.63172535167425,	7.017020014718752,	0.015,	0.05,	0.2,	0.2,	400
