time ,	 x ,	 y ,	r_stem,	h_stem,	r_crown,	r_root,	k_geo
1246525200.0,	83.42357488025127,	4.840120296024971,	0.015,	0.05,	0.2,	0.2,	400
