time ,	 x ,	 y ,	r_stem,	h_stem,	r_crown,	r_root,	k_geo
3865806000.0,	25.186535852880475,	14.67828676843861,	0.015,	0.05,	0.2,	0.2,	400
3881584800.0,	25.186535852880475,	14.67828676843861,	0.015000031829101998,	0.05000999157102282,	0.2000064236708892,	0.2001613137786846,	400
