time ,	 x ,	 y ,	r_stem,	h_stem,	r_crown,	r_root,	k_geo
3218875200.0,	3.197036754809801,	6.260325602987086,	0.015,	0.05,	0.2,	0.2,	400
3234654000.0,	3.197036754809801,	6.260325602987086,	0.015002541683858318,	0.05082166650671856,	0.2008625503037583,	0.212881174503558,	400
3250432800.0,	3.197036754809801,	6.260325602987086,	0.01500620372858723,	0.051945316829160995,	0.20245433437196128,	0.22960927926621966,	400
3266211600.0,	3.197036754809801,	6.260325602987086,	0.01501153323013307,	0.05348198145545033,	0.20558318325191144,	0.2508193212757074,	400
3281990400.0,	3.197036754809801,	6.260325602987086,	0.015019081232932979,	0.055497939531065923,	0.21149225991964962,	0.27588548365169085,	400
