time ,	 x ,	 y ,	r_stem,	h_stem,	r_crown,	r_root,	k_geo
4118266800.0,	25.710550826521526,	13.281369733534678,	0.015,	0.05,	0.2,	0.2,	400
