time ,	 x ,	 y ,	r_stem,	h_stem,	r_crown,	r_root,	k_geo
2713953600.0,	23.114865330237265,	4.360728708842386,	0.015,	0.05,	0.2,	0.2,	400
