time ,	 x ,	 y ,	r_stem,	h_stem,	r_crown,	r_root,	k_geo
4197160800.0,	77.00861982858696,	3.4919871185319877,	0.015,	0.05,	0.2,	0.2,	400
