time ,	 x ,	 y ,	r_stem,	h_stem,	r_crown,	r_root,	k_geo
3124202400.0,	23.885310129164495,	10.762170289081809,	0.015,	0.05,	0.2,	0.2,	400
