time ,	 x ,	 y ,	r_stem,	h_stem,	r_crown,	r_root,	k_geo
1451649600.0,	95.43373175919561,	1.2546999098470513,	0.015,	0.05,	0.2,	0.2,	400
