time ,	 x ,	 y ,	r_stem,	h_stem,	r_crown,	r_root,	k_geo
1830340800.0,	74.955337398286,	9.153907794878814,	0.015,	0.05,	0.2,	0.2,	400
