time ,	 x ,	 y ,	r_stem,	h_stem,	r_crown,	r_root,	k_geo
4575852000.0,	24.762483699000526,	4.669900962951447,	0.015,	0.05,	0.2,	0.2,	400
