time ,	 x ,	 y ,	r_stem,	h_stem,	r_crown,	r_root,	k_geo
3329326800.0,	5.617835683427774,	13.999954843923382,	0.015,	0.05,	0.2,	0.2,	400
