time ,	 x ,	 y ,	r_stem,	h_stem,	r_crown,	r_root,	k_geo
473364000.0,	28.60378850331433,	2.1048695605112626,	0.015,	0.05,	0.2,	0.2,	400
