time ,	 x ,	 y ,	r_stem,	h_stem,	r_crown,	r_root,	k_geo
4149824400.0,	87.6352204642157,	1.7834952394742531,	0.015,	0.05,	0.2,	0.2,	400
