time ,	 x ,	 y ,	r_stem,	h_stem,	r_crown,	r_root,	k_geo
3534451200.0,	48.937414224695786,	9.940385026098113,	0.015,	0.05,	0.2,	0.2,	400
