time ,	 x ,	 y ,	r_stem,	h_stem,	r_crown,	r_root,	k_geo
2729732400.0,	62.93615827901401,	2.569924295155252,	0.015,	0.05,	0.2,	0.2,	400
