time ,	 x ,	 y ,	r_stem,	h_stem,	r_crown,	r_root,	k_geo
678488400.0,	73.0187934518595,	14.641380779649605,	0.015,	0.05,	0.2,	0.2,	400
