time ,	 x ,	 y ,	r_stem,	h_stem,	r_crown,	r_root,	k_geo
4212939600.0,	41.10263725727329,	4.958425595675717,	0.015,	0.05,	0.2,	0.2,	400
4228718400.0,	41.10263725727329,	4.958425595675717,	0.015001529293981916,	0.050759147674141164,	0.2043641624841634,	0.20775050882482624,	400
4244497200.0,	41.10263725727329,	4.958425595675717,	0.015003509439940856,	0.051789737454638274,	0.2108992380260993,	0.2172465476044013,	400
4260276000.0,	41.10263725727329,	4.958425595675717,	0.015005777130581918,	0.05295597104206029,	0.21837256613374262,	0.22739890676460617,	400
4276054800.0,	41.10263725727329,	4.958425595675717,	0.015008303417948152,	0.05420311085168472,	0.2261930232394576,	0.23786868273801065,	400
