time ,	 x ,	 y ,	r_stem,	h_stem,	r_crown,	r_root,	k_geo
1719889200.0,	44.42880182411737,	11.533179819853732,	0.015,	0.05,	0.2,	0.2,	400
