time ,	 x ,	 y ,	r_stem,	h_stem,	r_crown,	r_root,	k_geo
2177474400.0,	98.51208826428632,	11.184021052090394,	0.015,	0.05,	0.2,	0.2,	400
