time ,	 x ,	 y ,	r_stem,	h_stem,	r_crown,	r_root,	k_geo
3392442000.0,	78.01587770742906,	1.2252803534300627,	0.015,	0.05,	0.2,	0.2,	400
