time ,	 x ,	 y ,	r_stem,	h_stem,	r_crown,	r_root,	k_geo
4386506400.0,	36.824672089284505,	0.665534943986979,	0.015,	0.05,	0.2,	0.2,	400
