time ,	 x ,	 y ,	r_stem,	h_stem,	r_crown,	r_root,	k_geo
3155760000.0,	48.4575468228429,	8.037801594252088,	0.015,	0.05,	0.2,	0.2,	400
