time ,	 x ,	 y ,	r_stem,	h_stem,	r_crown,	r_root,	k_geo
2145916800.0,	90.53596852359767,	1.3324787639096654,	0.015,	0.05,	0.2,	0.2,	400
