time ,	 x ,	 y ,	r_stem,	h_stem,	r_crown,	r_root,	k_geo
1909234800.0,	60.48658355640395,	0.8773281203049516,	0.015,	0.05,	0.2,	0.2,	400
