time ,	 x ,	 y ,	r_stem,	h_stem,	r_crown,	r_root,	k_geo
173566800.0,	95.09332466065086,	6.648694135883433,	0.015,	0.05,	0.2,	0.2,	400
