time ,	 x ,	 y ,	r_stem,	h_stem,	r_crown,	r_root,	k_geo
3897363600.0,	50.73165426834999,	5.74966057661411,	0.015,	0.05,	0.2,	0.2,	400
