time ,	 x ,	 y ,	r_stem,	h_stem,	r_crown,	r_root,	k_geo
4181382000.0,	95.95457634649077,	7.095350988546012,	0.015,	0.05,	0.2,	0.2,	400
