time ,	 x ,	 y ,	r_stem,	h_stem,	r_crown,	r_root,	k_geo
3013750800.0,	45.07882062340847,	8.705673345131292,	0.015,	0.05,	0.2,	0.2,	400
