time ,	 x ,	 y ,	r_stem,	h_stem,	r_crown,	r_root,	k_geo
4591630800.0,	84.00446388463891,	14.907275104803793,	0.015,	0.05,	0.2,	0.2,	400
