time ,	 x ,	 y ,	r_stem,	h_stem,	r_crown,	r_root,	k_geo
3345105600.0,	5.409347289746358,	1.3183278053204943,	0.015,	0.05,	0.2,	0.2,	400
