time ,	 x ,	 y ,	r_stem,	h_stem,	r_crown,	r_root,	k_geo
4512736800.0,	73.41513356077093,	14.402318120006472,	0.015,	0.05,	0.2,	0.2,	400
4528515600.0,	73.41513356077093,	14.402318120006472,	0.01501002467501903,	0.05431490605122483,	0.21906608049244128,	0.25080015436424435,	400
4544294400.0,	73.41513356077093,	14.402318120006472,	0.01502473767287813,	0.06132291071485412,	0.27224634086290905,	0.30024530064637583,	400
