time ,	 x ,	 y ,	r_stem,	h_stem,	r_crown,	r_root,	k_geo
3865806000.0,	41.06129101939591,	9.426430862028768,	0.015,	0.05,	0.2,	0.2,	400
