time ,	 x ,	 y ,	r_stem,	h_stem,	r_crown,	r_root,	k_geo
4560073200.0,	11.474884540384567,	8.97371115789669,	0.015,	0.05,	0.2,	0.2,	400
4575852000.0,	11.474884540384567,	8.97371115789669,	0.015000456689227396,	0.05014394849046646,	0.2001008221741572,	0.2023145449567074,	400
4591630800.0,	11.474884540384567,	8.97371115789669,	0.015001083951733179,	0.050339509498222294,	0.20024611383490715,	0.2054349692321781,	400
