time ,	 x ,	 y ,	r_stem,	h_stem,	r_crown,	r_root,	k_geo
3739575600.0,	68.12405785647947,	6.082090913490489,	0.015,	0.05,	0.2,	0.2,	400
