time ,	 x ,	 y ,	r_stem,	h_stem,	r_crown,	r_root,	k_geo
1278082800.0,	18.15470711407311,	14.320352629557217,	0.015,	0.05,	0.2,	0.2,	400
1293861600.0,	18.15470711407311,	14.320352629557217,	0.015000020654887751,	0.05000648316853388,	0.2000041586391266,	0.20010468150941838,	400
