time ,	 x ,	 y ,	r_stem,	h_stem,	r_crown,	r_root,	k_geo
4023594000.0,	75.988272473797,	4.182249913742223,	0.015,	0.05,	0.2,	0.2,	400
