time ,	 x ,	 y ,	r_stem,	h_stem,	r_crown,	r_root,	k_geo
3155760000.0,	4.332157551020577,	2.777114730502539,	0.015,	0.05,	0.2,	0.2,	400
