time ,	 x ,	 y ,	r_stem,	h_stem,	r_crown,	r_root,	k_geo
2934856800.0,	17.5309452919714,	10.651342321595877,	0.015,	0.05,	0.2,	0.2,	400
