time ,	 x ,	 y ,	r_stem,	h_stem,	r_crown,	r_root,	k_geo
1972350000.0,	86.05464330454872,	0.9189444714908546,	0.015,	0.05,	0.2,	0.2,	400
