time ,	 x ,	 y ,	r_stem,	h_stem,	r_crown,	r_root,	k_geo
3771133200.0,	88.01764296437752,	13.556728255588478,	0.015,	0.05,	0.2,	0.2,	400
3786912000.0,	88.01764296437752,	13.556728255588478,	0.015000392762852838,	0.0513872076890537,	0.21843768659153298,	0.2019905614726564,	400
