time ,	 x ,	 y ,	r_stem,	h_stem,	r_crown,	r_root,	k_geo
2398377600.0,	19.798921877163256,	3.8398605387686886,	0.015,	0.05,	0.2,	0.2,	400
2414156400.0,	19.798921877163256,	3.8398605387686886,	0.01500001392677002,	0.05000437107111445,	0.20000280000100218,	0.20007058258765692,	400
2429935200.0,	19.798921877163256,	3.8398605387686886,	0.01500002669440426,	0.050008376739053714,	0.20000536742257732,	0.20013525385665334,	400
