time ,	 x ,	 y ,	r_stem,	h_stem,	r_crown,	r_root,	k_geo
725824800.0,	31.850410665884166,	6.027334052568586,	0.015,	0.05,	0.2,	0.2,	400
