time ,	 x ,	 y ,	r_stem,	h_stem,	r_crown,	r_root,	k_geo
2682396000.0,	83.62256130408015,	11.724367952200952,	0.015,	0.05,	0.2,	0.2,	400
