time ,	 x ,	 y ,	r_stem,	h_stem,	r_crown,	r_root,	k_geo
1246525200.0,	33.62155535410679,	13.616188782464262,	0.015,	0.05,	0.2,	0.2,	400
1262304000.0,	33.62155535410679,	13.616188782464262,	0.015000435748001984,	0.05018607600706991,	0.20080397290348603,	0.2022084133686261,	400
