time ,	 x ,	 y ,	r_stem,	h_stem,	r_crown,	r_root,	k_geo
252460800.0,	92.15869780981457,	12.646657012313486,	0.015,	0.05,	0.2,	0.2,	400
