time ,	 x ,	 y ,	r_stem,	h_stem,	r_crown,	r_root,	k_geo
1625216400.0,	89.14272378643247,	3.368208796538263,	0.015,	0.05,	0.2,	0.2,	400
