time ,	 x ,	 y ,	r_stem,	h_stem,	r_crown,	r_root,	k_geo
3376663200.0,	68.71093598468644,	1.5107320639673993,	0.015,	0.05,	0.2,	0.2,	400
