time ,	 x ,	 y ,	r_stem,	h_stem,	r_crown,	r_root,	k_geo
4433842800.0,	46.434711752545276,	7.851067358845501,	0.015,	0.05,	0.2,	0.2,	400
4449621600.0,	46.434711752545276,	7.851067358845501,	0.015002227470215,	0.05138686841083166,	0.21044230147869714,	0.2112887923417786,	400
