time ,	 x ,	 y ,	r_stem,	h_stem,	r_crown,	r_root,	k_geo
4528515600.0,	43.97799488040803,	1.6562185563834853,	0.015,	0.05,	0.2,	0.2,	400
