time ,	 x ,	 y ,	r_stem,	h_stem,	r_crown,	r_root,	k_geo
2114359200.0,	91.50004358405114,	4.265349843666776,	0.015,	0.05,	0.2,	0.2,	400
