time ,	 x ,	 y ,	r_stem,	h_stem,	r_crown,	r_root,	k_geo
3392442000.0,	86.48582605938044,	11.259927299992073,	0.015,	0.05,	0.2,	0.2,	400
