time ,	 x ,	 y ,	r_stem,	h_stem,	r_crown,	r_root,	k_geo
1325419200.0,	63.47701213163377,	0.9679541602831576,	0.015,	0.05,	0.2,	0.2,	400
