time ,	 x ,	 y ,	r_stem,	h_stem,	r_crown,	r_root,	k_geo
3313548000.0,	87.02015255916436,	13.204499388061562,	0.015,	0.05,	0.2,	0.2,	400
