time ,	 x ,	 y ,	r_stem,	h_stem,	r_crown,	r_root,	k_geo
2824405200.0,	87.15826669221028,	6.714711360679192,	0.015,	0.05,	0.2,	0.2,	400
