time ,	 x ,	 y ,	r_stem,	h_stem,	r_crown,	r_root,	k_geo
1704110400.0,	89.13899775569188,	6.095573804379664,	0.015,	0.05,	0.2,	0.2,	400
1719889200.0,	89.13899775569188,	6.095573804379664,	0.015000411059473317,	0.05138720430498682,	0.2183579483691436,	0.20208329011794965,	400
