time ,	 x ,	 y ,	r_stem,	h_stem,	r_crown,	r_root,	k_geo
2477271600.0,	42.00192173205829,	10.009582108181865,	0.015,	0.05,	0.2,	0.2,	400
