time ,	 x ,	 y ,	r_stem,	h_stem,	r_crown,	r_root,	k_geo
4449621600.0,	54.77176029951377,	12.88010931629286,	0.015,	0.05,	0.2,	0.2,	400
