time ,	 x ,	 y ,	r_stem,	h_stem,	r_crown,	r_root,	k_geo
3881584800.0,	77.95197435528551,	2.5163207632863447,	0.015,	0.05,	0.2,	0.2,	400
3897363600.0,	77.95197435528551,	2.5163207632863447,	0.015010730380745917,	0.055146844650645455,	0.2280942645682722,	0.254375863126287,	400
3913142400.0,	77.95197435528551,	2.5163207632863447,	0.015027025941767962,	0.06302358918591118,	0.2859161500187606,	0.3077147997974961,	400
3928921200.0,	77.95197435528551,	2.5163207632863447,	0.015036986172738454,	0.06940279322198732,	0.3402474145717023,	0.32644692305808776,	400
3944700000.0,	77.95197435528551,	2.5163207632863447,	0.015039707707326313,	0.072125374741368,	0.36196762149326683,	0.33034425042780413,	400
3960478800.0,	77.95197435528551,	2.5163207632863447,	0.015056910495690252,	0.07941800903239514,	0.4051473164616331,	0.3531825881759405,	400
3976257600.0,	77.95197435528551,	2.5163207632863447,	0.015075796774251398,	0.08620422663978276,	0.442622263778105,	0.3705265630967471,	400
3992036400.0,	77.95197435528551,	2.5163207632863447,	0.015096278892402556,	0.0921501515627558,	0.47284520819500137,	0.38431209731043336,	400
4007815200.0,	77.95197435528551,	2.5163207632863447,	0.015185065454499297,	0.10386833198923551,	0.5131992598900416,	0.43039059768488397,	400
