time ,	 x ,	 y ,	r_stem,	h_stem,	r_crown,	r_root,	k_geo
978285600.0,	99.18544554695316,	9.23975811845765,	0.015,	0.05,	0.2,	0.2,	400
