time ,	 x ,	 y ,	r_stem,	h_stem,	r_crown,	r_root,	k_geo
631152000.0,	20.748759299894502,	13.457145690371606,	0.015,	0.05,	0.2,	0.2,	400
