time ,	 x ,	 y ,	r_stem,	h_stem,	r_crown,	r_root,	k_geo
2808626400.0,	84.01177663040053,	8.876567328530784,	0.015,	0.05,	0.2,	0.2,	400
