time ,	 x ,	 y ,	r_stem,	h_stem,	r_crown,	r_root,	k_geo
1025622000.0,	67.02676090980638,	13.697322634055427,	0.015,	0.05,	0.2,	0.2,	400
