time ,	 x ,	 y ,	r_stem,	h_stem,	r_crown,	r_root,	k_geo
1877677200.0,	69.88363398482691,	8.792778866629822,	0.015,	0.05,	0.2,	0.2,	400
