time ,	 x ,	 y ,	r_stem,	h_stem,	r_crown,	r_root,	k_geo
1230746400.0,	37.046159554727176,	9.397915404580553,	0.015,	0.05,	0.2,	0.2,	400
