time ,	 x ,	 y ,	r_stem,	h_stem,	r_crown,	r_root,	k_geo
4575852000.0,	58.39520152433345,	0.9139295647169665,	0.015,	0.05,	0.2,	0.2,	400
