time ,	 x ,	 y ,	r_stem,	h_stem,	r_crown,	r_root,	k_geo
4291833600.0,	71.98735241196783,	13.589797863199552,	0.015,	0.05,	0.2,	0.2,	400
4307612400.0,	71.98735241196783,	13.589797863199552,	0.015010282736226824,	0.054567088526113625,	0.2216106215241498,	0.25210772021277206,	400
4323391200.0,	71.98735241196783,	13.589797863199552,	0.015026200873826258,	0.0617272883767364,	0.27247775900038346,	0.3050710735782148,	400
4339170000.0,	71.98735241196783,	13.589797863199552,	0.01506166140212114,	0.07182803103005368,	0.32584682617522726,	0.37429663038444727,	400
4354948800.0,	71.98735241196783,	13.589797863199552,	0.015163797385721791,	0.08530057631482969,	0.3851902260804388,	0.4552551089078086,	400
4370727600.0,	71.98735241196783,	13.589797863199552,	0.015551728385167503,	0.10196105989667407,	0.4484499836652125,	0.5450987107591109,	400
4386506400.0,	71.98735241196783,	13.589797863199552,	0.01607825468505037,	0.11403602071271002,	0.5184867739037333,	0.5775899993631817,	400
4402285200.0,	71.98735241196783,	13.589797863199552,	0.016224932490464177,	0.11841541249842315,	0.5453804184573209,	0.5834666761697128,	400
