time ,	 x ,	 y ,	r_stem,	h_stem,	r_crown,	r_root,	k_geo
3171538800.0,	91.08396208192036,	1.8294848001056319,	0.015,	0.05,	0.2,	0.2,	400
