time ,	 x ,	 y ,	r_stem,	h_stem,	r_crown,	r_root,	k_geo
1467428400.0,	88.02638387566006,	5.371471507872741,	0.015,	0.05,	0.2,	0.2,	400
