time ,	 x ,	 y ,	r_stem,	h_stem,	r_crown,	r_root,	k_geo
4291833600.0,	98.6849558366352,	6.616914738773334,	0.015,	0.05,	0.2,	0.2,	400
