time ,	 x ,	 y ,	r_stem,	h_stem,	r_crown,	r_root,	k_geo
4039372800.0,	68.72869907064796,	13.018464898683694,	0.015,	0.05,	0.2,	0.2,	400
