time ,	 x ,	 y ,	r_stem,	h_stem,	r_crown,	r_root,	k_geo
3139981200.0,	89.25556802844558,	11.213100167016524,	0.015,	0.05,	0.2,	0.2,	400
