time ,	 x ,	 y ,	r_stem,	h_stem,	r_crown,	r_root,	k_geo
2603502000.0,	83.49092086553009,	9.391144897720686,	0.015,	0.05,	0.2,	0.2,	400
