time ,	 x ,	 y ,	r_stem,	h_stem,	r_crown,	r_root,	k_geo
2193253200.0,	47.91577457221483,	11.288371165865708,	0.015,	0.05,	0.2,	0.2,	400
