time ,	 x ,	 y ,	r_stem,	h_stem,	r_crown,	r_root,	k_geo
3913142400.0,	54.088283519848254,	6.202257734099447,	0.015,	0.05,	0.2,	0.2,	400
