time ,	 x ,	 y ,	r_stem,	h_stem,	r_crown,	r_root,	k_geo
1609437600.0,	6.24094323068668,	14.945503201858982,	0.015,	0.05,	0.2,	0.2,	400
