time ,	 x ,	 y ,	r_stem,	h_stem,	r_crown,	r_root,	k_geo
3329326800.0,	72.31556933071485,	12.811534729690017,	0.015,	0.05,	0.2,	0.2,	400
3345105600.0,	72.31556933071485,	12.811534729690017,	0.015000905947956505,	0.05138711277716676,	0.21620121481644103,	0.20459140655726119,	400
3360884400.0,	72.31556933071485,	12.811534729690017,	0.015002594888852569,	0.05334758989224988,	0.23525512281746674,	0.21308260321835154,	400
3376663200.0,	72.31556933071485,	12.811534729690017,	0.01500528462414873,	0.05600636067344888,	0.25724516378221923,	0.2260229133934889,	400
