time ,	 x ,	 y ,	r_stem,	h_stem,	r_crown,	r_root,	k_geo
2619280800.0,	47.96894793360569,	11.267468098211442,	0.015,	0.05,	0.2,	0.2,	400
