time ,	 x ,	 y ,	r_stem,	h_stem,	r_crown,	r_root,	k_geo
1751446800.0,	87.66193376444168,	13.278183231609592,	0.015,	0.05,	0.2,	0.2,	400
