time ,	 x ,	 y ,	r_stem,	h_stem,	r_crown,	r_root,	k_geo
4386506400.0,	27.408777334806246,	7.384432654567835,	0.015,	0.05,	0.2,	0.2,	400
4402285200.0,	27.408777334806246,	7.384432654567835,	0.015000045344730116,	0.05001423608822962,	0.20000917765578136,	0.20022981259624725,	400
