time ,	 x ,	 y ,	r_stem,	h_stem,	r_crown,	r_root,	k_geo
3660681600.0,	88.11812273379861,	7.174910410414032,	0.015,	0.05,	0.2,	0.2,	400
