time ,	 x ,	 y ,	r_stem,	h_stem,	r_crown,	r_root,	k_geo
3818469600.0,	53.53172090308512,	5.52607826950288,	0.015,	0.05,	0.2,	0.2,	400
