time ,	 x ,	 y ,	r_stem,	h_stem,	r_crown,	r_root,	k_geo
4339170000.0,	87.07657332829046,	13.452960376005613,	0.015,	0.05,	0.2,	0.2,	400
