time ,	 x ,	 y ,	r_stem,	h_stem,	r_crown,	r_root,	k_geo
2508829200.0,	23.14753196414976,	2.3574055246680077,	0.015,	0.05,	0.2,	0.2,	400
2524608000.0,	23.14753196414976,	2.3574055246680077,	0.015000925763472981,	0.05029323288868821,	0.20022544392197483,	0.20469183183652384,	400
2540386800.0,	23.14753196414976,	2.3574055246680077,	0.015002079471168354,	0.050650311673054706,	0.20052646067281013,	0.21032233492400912,	400
