time ,	 x ,	 y ,	r_stem,	h_stem,	r_crown,	r_root,	k_geo
915170400.0,	45.854592366935755,	9.884309033047757,	0.015,	0.05,	0.2,	0.2,	400
