time ,	 x ,	 y ,	r_stem,	h_stem,	r_crown,	r_root,	k_geo
2003907600.0,	65.1298167556393,	3.4192648987271768,	0.015,	0.05,	0.2,	0.2,	400
2019686400.0,	65.1298167556393,	3.4192648987271768,	0.015009224010420022,	0.053698166369541875,	0.2135814999044932,	0.24674322898292703,	400
2035465200.0,	65.1298167556393,	3.4192648987271768,	0.015023282596057409,	0.05948044674647115,	0.25146718552678554,	0.29552332172614837,	400
2051244000.0,	65.1298167556393,	3.4192648987271768,	0.01502442298187907,	0.061019740737703054,	0.26921684946782376,	0.2980129046499337,	400
2067022800.0,	65.1298167556393,	3.4192648987271768,	0.015026677438659774,	0.06334000188223118,	0.29258668895439705,	0.30277871762957115,	400
2082801600.0,	65.1298167556393,	3.4192648987271768,	0.01503171195884832,	0.06679584637061556,	0.32096494324219377,	0.3127581499866143,	400
2098580400.0,	65.1298167556393,	3.4192648987271768,	0.015041468094631812,	0.0717159220836971,	0.3541618092150627,	0.3296153795938076,	400
2114359200.0,	65.1298167556393,	3.4192648987271768,	0.015042703374106247,	0.07278066436462387,	0.3620915186113597,	0.3312876118360131,	400
2130138000.0,	65.1298167556393,	3.4192648987271768,	0.01504442028845733,	0.07409331353546697,	0.37142119711439087,	0.3335399798576444,	400
