time ,	 x ,	 y ,	r_stem,	h_stem,	r_crown,	r_root,	k_geo
441806400.0,	17.30433796888159,	5.42828341748609,	0.015,	0.05,	0.2,	0.2,	400
457585200.0,	17.30433796888159,	5.42828341748609,	0.015001264966133705,	0.05040220231277481,	0.20033050315585357,	0.2064109076162192,	400
