time ,	 x ,	 y ,	r_stem,	h_stem,	r_crown,	r_root,	k_geo
1498986000.0,	4.493579108004808,	3.5938434898516975,	0.015,	0.05,	0.2,	0.2,	400
