time ,	 x ,	 y ,	r_stem,	h_stem,	r_crown,	r_root,	k_geo
2351041200.0,	93.88764757839499,	1.5326818625568317,	0.015,	0.05,	0.2,	0.2,	400
