time ,	 x ,	 y ,	r_stem,	h_stem,	r_crown,	r_root,	k_geo
2571944400.0,	59.086567799245046,	3.8855765819456383,	0.015,	0.05,	0.2,	0.2,	400
