time ,	 x ,	 y ,	r_stem,	h_stem,	r_crown,	r_root,	k_geo
4575852000.0,	90.73583128859667,	5.491480909179166,	0.015,	0.05,	0.2,	0.2,	400
