time ,	 x ,	 y ,	r_stem,	h_stem,	r_crown,	r_root,	k_geo
4433842800.0,	99.08698728620188,	4.545562499574788,	0.015,	0.05,	0.2,	0.2,	400
