time ,	 x ,	 y ,	r_stem,	h_stem,	r_crown,	r_root,	k_geo
1136073600.0,	5.474454144449181,	2.672327867401056,	0.015,	0.05,	0.2,	0.2,	400
