time ,	 x ,	 y ,	r_stem,	h_stem,	r_crown,	r_root,	k_geo
1719889200.0,	84.7377707430092,	4.81803110688924,	0.015,	0.05,	0.2,	0.2,	400
