time ,	 x ,	 y ,	r_stem,	h_stem,	r_crown,	r_root,	k_geo
725824800.0,	79.86222112232409,	2.606128788533347,	0.015,	0.05,	0.2,	0.2,	400
