time ,	 x ,	 y ,	r_stem,	h_stem,	r_crown,	r_root,	k_geo
536479200.0,	9.73330856011454,	0.26099947984536354,	0.015,	0.05,	0.2,	0.2,	400
552258000.0,	9.73330856011454,	0.26099947984536354,	0.015000842138654259,	0.05037705342814542,	0.20180734022341196,	0.20426801990882407,	400
