time ,	 x ,	 y ,	r_stem,	h_stem,	r_crown,	r_root,	k_geo
4039372800.0,	99.6741855068071,	9.10457125891629,	0.015,	0.05,	0.2,	0.2,	400
