time ,	 x ,	 y ,	r_stem,	h_stem,	r_crown,	r_root,	k_geo
504921600.0,	98.38480997756878,	9.45259010295482,	0.015,	0.05,	0.2,	0.2,	400
