time ,	 x ,	 y ,	r_stem,	h_stem,	r_crown,	r_root,	k_geo
4134045600.0,	87.84545793983683,	11.833979656574453,	0.015,	0.05,	0.2,	0.2,	400
