time ,	 x ,	 y ,	r_stem,	h_stem,	r_crown,	r_root,	k_geo
1293861600.0,	60.023643451137524,	0.7019685067924042,	0.015,	0.05,	0.2,	0.2,	400
