time ,	 x ,	 y ,	r_stem,	h_stem,	r_crown,	r_root,	k_geo
299797200.0,	40.921569270559154,	9.08774614868033,	0.015,	0.05,	0.2,	0.2,	400
315576000.0,	40.921569270559154,	9.08774614868033,	0.015004667526968099,	0.05156721290144678,	0.20243744318056014,	0.22365427454229275,	400
331354800.0,	40.921569270559154,	9.08774614868033,	0.015011804867061412,	0.05381014134646734,	0.20827048373191437,	0.25352710113646637,	400
