time ,	 x ,	 y ,	r_stem,	h_stem,	r_crown,	r_root,	k_geo
1278082800.0,	62.254486832685416,	14.335736233225344,	0.015,	0.05,	0.2,	0.2,	400
