time ,	 x ,	 y ,	r_stem,	h_stem,	r_crown,	r_root,	k_geo
1940792400.0,	58.45105181530411,	10.796851769877128,	0.015,	0.05,	0.2,	0.2,	400
