time ,	 x ,	 y ,	r_stem,	h_stem,	r_crown,	r_root,	k_geo
3913142400.0,	96.26823890161333,	10.437595586554462,	0.015,	0.05,	0.2,	0.2,	400
