time ,	 x ,	 y ,	r_stem,	h_stem,	r_crown,	r_root,	k_geo
410248800.0,	72.49463808774233,	7.2982587257720155,	0.015,	0.05,	0.2,	0.2,	400
