time ,	 x ,	 y ,	r_stem,	h_stem,	r_crown,	r_root,	k_geo
2477271600.0,	97.05300316859619,	0.048260952328557094,	0.015,	0.05,	0.2,	0.2,	400
