time ,	 x ,	 y ,	r_stem,	h_stem,	r_crown,	r_root,	k_geo
3266211600.0,	3.8552030462910336,	1.5495145697087604,	0.015,	0.05,	0.2,	0.2,	400
3281990400.0,	3.8552030462910336,	1.5495145697087604,	0.015001938494724294,	0.05104670558436423,	0.2067591267257985,	0.2098243022592423,	400
3297769200.0,	3.8552030462910336,	1.5495145697087604,	0.015004241546848441,	0.05230637825554209,	0.21518503681879983,	0.22072602754374177,	400
