time ,	 x ,	 y ,	r_stem,	h_stem,	r_crown,	r_root,	k_geo
3550230000.0,	90.58094642136805,	5.546026692938014,	0.015,	0.05,	0.2,	0.2,	400
