time ,	 x ,	 y ,	r_stem,	h_stem,	r_crown,	r_root,	k_geo
4575852000.0,	2.4421772715489287,	7.587922078018595,	0.015,	0.05,	0.2,	0.2,	400
4591630800.0,	2.4421772715489287,	7.587922078018595,	0.015002551967023565,	0.050825114416528906,	0.2008678519474045,	0.21293328766020603,	400
