time ,	 x ,	 y ,	r_stem,	h_stem,	r_crown,	r_root,	k_geo
2240589600.0,	56.20299701212791,	14.829563747286599,	0.015,	0.05,	0.2,	0.2,	400
