time ,	 x ,	 y ,	r_stem,	h_stem,	r_crown,	r_root,	k_geo
2003907600.0,	8.424302834585461,	12.645211845206465,	0.015,	0.05,	0.2,	0.2,	400
