time ,	 x ,	 y ,	r_stem,	h_stem,	r_crown,	r_root,	k_geo
3613345200.0,	2.0386075297357698,	12.781976309910704,	0.015,	0.05,	0.2,	0.2,	400
