time ,	 x ,	 y ,	r_stem,	h_stem,	r_crown,	r_root,	k_geo
4023594000.0,	97.07171382921953,	1.6388450411934947,	0.015,	0.05,	0.2,	0.2,	400
