time ,	 x ,	 y ,	r_stem,	h_stem,	r_crown,	r_root,	k_geo
3865806000.0,	79.88742209487756,	0.5347205896353391,	0.015,	0.05,	0.2,	0.2,	400
