time ,	 x ,	 y ,	r_stem,	h_stem,	r_crown,	r_root,	k_geo
1783004400.0,	81.69939803087078,	11.577806467678833,	0.015,	0.05,	0.2,	0.2,	400
