time ,	 x ,	 y ,	r_stem,	h_stem,	r_crown,	r_root,	k_geo
2982193200.0,	32.05948502772606,	3.8309265844076554,	0.015,	0.05,	0.2,	0.2,	400
2997972000.0,	32.05948502772606,	3.8309265844076554,	0.01500116723229293,	0.050546335396706214,	0.2028499976108819,	0.2059155949058467,	400
3013750800.0,	32.05948502772606,	3.8309265844076554,	0.015002482540566481,	0.051161608102197775,	0.20618087188765846,	0.2123019753480438,	400
3029529600.0,	32.05948502772606,	3.8309265844076554,	0.015003789160341376,	0.05175528803492487,	0.20936378305063616,	0.2183544829532404,	400
3045308400.0,	32.05948502772606,	3.8309265844076554,	0.015005280964455464,	0.05243140518107142,	0.2131150644116389,	0.22495506834696752,	400
3061087200.0,	32.05948502772606,	3.8309265844076554,	0.015007234051946488,	0.05334578619861524,	0.2186327699628526,	0.23316609137062017,	400
3076866000.0,	32.05948502772606,	3.8309265844076554,	0.015009444586715956,	0.05435924184534235,	0.22479221737557345,	0.24187539337694156,	400
