time ,	 x ,	 y ,	r_stem,	h_stem,	r_crown,	r_root,	k_geo
4575852000.0,	37.588077914056505,	10.445667507385034,	0.015,	0.05,	0.2,	0.2,	400
