time ,	 x ,	 y ,	r_stem,	h_stem,	r_crown,	r_root,	k_geo
1846119600.0,	41.06063056419503,	13.8366801678288,	0.015,	0.05,	0.2,	0.2,	400
