time ,	 x ,	 y ,	r_stem,	h_stem,	r_crown,	r_root,	k_geo
646930800.0,	0.7831215749485199,	0.8786016719431627,	0.015,	0.05,	0.2,	0.2,	400
