time ,	 x ,	 y ,	r_stem,	h_stem,	r_crown,	r_root,	k_geo
2635059600.0,	32.11930340798694,	3.140370875411151,	0.015,	0.05,	0.2,	0.2,	400
