time ,	 x ,	 y ,	r_stem,	h_stem,	r_crown,	r_root,	k_geo
1719889200.0,	82.49032426252255,	12.641975221381864,	0.015,	0.05,	0.2,	0.2,	400
