time ,	 x ,	 y ,	r_stem,	h_stem,	r_crown,	r_root,	k_geo
2729732400.0,	18.80781939490632,	2.0591977324735677,	0.015,	0.05,	0.2,	0.2,	400
