time ,	 x ,	 y ,	r_stem,	h_stem,	r_crown,	r_root,	k_geo
2840184000.0,	71.15146893007781,	11.676906101989678,	0.015,	0.05,	0.2,	0.2,	400
