time ,	 x ,	 y ,	r_stem,	h_stem,	r_crown,	r_root,	k_geo
1435870800.0,	75.3758864938068,	11.87749775299158,	0.015,	0.05,	0.2,	0.2,	400
