time ,	 x ,	 y ,	r_stem,	h_stem,	r_crown,	r_root,	k_geo
2808626400.0,	72.61679503671363,	1.5956768710696578,	0.015,	0.05,	0.2,	0.2,	400
