time ,	 x ,	 y ,	r_stem,	h_stem,	r_crown,	r_root,	k_geo
741603600.0,	37.14902782801735,	5.354678105331738,	0.015,	0.05,	0.2,	0.2,	400
