time ,	 x ,	 y ,	r_stem,	h_stem,	r_crown,	r_root,	k_geo
1293861600.0,	22.522468585882372,	7.743111212013726,	0.015,	0.05,	0.2,	0.2,	400
