time ,	 x ,	 y ,	r_stem,	h_stem,	r_crown,	r_root,	k_geo
646930800.0,	55.42707824892952,	9.266497286371017,	0.015,	0.05,	0.2,	0.2,	400
