time ,	 x ,	 y ,	r_stem,	h_stem,	r_crown,	r_root,	k_geo
4291833600.0,	32.26704663488328,	4.811451438258948,	0.015,	0.05,	0.2,	0.2,	400
