time ,	 x ,	 y ,	r_stem,	h_stem,	r_crown,	r_root,	k_geo
3439778400.0,	99.93895776364064,	13.464536228086818,	0.015,	0.05,	0.2,	0.2,	400
