time ,	 x ,	 y ,	r_stem,	h_stem,	r_crown,	r_root,	k_geo
3865806000.0,	36.185381664204286,	0.508717511698355,	0.015,	0.05,	0.2,	0.2,	400
