time ,	 x ,	 y ,	r_stem,	h_stem,	r_crown,	r_root,	k_geo
1625216400.0,	14.05211409670095,	1.1421883394644934,	0.015,	0.05,	0.2,	0.2,	400
