time ,	 x ,	 y ,	r_stem,	h_stem,	r_crown,	r_root,	k_geo
4039372800.0,	65.52157560933364,	14.914251667934938,	0.015,	0.05,	0.2,	0.2,	400
