time ,	 x ,	 y ,	r_stem,	h_stem,	r_crown,	r_root,	k_geo
2429935200.0,	69.59235183448976,	11.344145441320281,	0.015,	0.05,	0.2,	0.2,	400
