time ,	 x ,	 y ,	r_stem,	h_stem,	r_crown,	r_root,	k_geo
457585200.0,	84.97510775586917,	11.07441137931288,	0.015,	0.05,	0.2,	0.2,	400
