time ,	 x ,	 y ,	r_stem,	h_stem,	r_crown,	r_root,	k_geo
362912400.0,	84.65912944970518,	4.5856284892898325,	0.015,	0.05,	0.2,	0.2,	400
