time ,	 x ,	 y ,	r_stem,	h_stem,	r_crown,	r_root,	k_geo
3865806000.0,	84.36777262147514,	14.648311481986894,	0.015,	0.05,	0.2,	0.2,	400
