time ,	 x ,	 y ,	r_stem,	h_stem,	r_crown,	r_root,	k_geo
1356976800.0,	67.67336029582185,	0.011124179673074885,	0.015,	0.05,	0.2,	0.2,	400
