time ,	 x ,	 y ,	r_stem,	h_stem,	r_crown,	r_root,	k_geo
3676460400.0,	44.71020888874826,	4.20952909243369,	0.015,	0.05,	0.2,	0.2,	400
3692239200.0,	44.71020888874826,	4.20952909243369,	0.015001734732229674,	0.05089564448018362,	0.20545215731785113,	0.2087916543856034,	400
3708018000.0,	44.71020888874826,	4.20952909243369,	0.015003664942916706,	0.05187991617698744,	0.2115194254162913,	0.2179864329524806,	400
3723796800.0,	44.71020888874826,	4.20952909243369,	0.015006297410040321,	0.053345611799863676,	0.22178359945465576,	0.22970895213417444,	400
