time ,	 x ,	 y ,	r_stem,	h_stem,	r_crown,	r_root,	k_geo
1546322400.0,	22.40766774235623,	5.567710101506581,	0.015,	0.05,	0.2,	0.2,	400
