time ,	 x ,	 y ,	r_stem,	h_stem,	r_crown,	r_root,	k_geo
3834248400.0,	82.87739011740942,	5.308913206655202,	0.015,	0.05,	0.2,	0.2,	400
