time ,	 x ,	 y ,	r_stem,	h_stem,	r_crown,	r_root,	k_geo
1372755600.0,	7.88206265025485,	4.55152041494411,	0.015,	0.05,	0.2,	0.2,	400
