time ,	 x ,	 y ,	r_stem,	h_stem,	r_crown,	r_root,	k_geo
4118266800.0,	50.50288659620056,	6.565982995755888,	0.015,	0.05,	0.2,	0.2,	400
