time ,	 x ,	 y ,	r_stem,	h_stem,	r_crown,	r_root,	k_geo
1278082800.0,	78.98894577355684,	5.097320462374632,	0.015,	0.05,	0.2,	0.2,	400
