time ,	 x ,	 y ,	r_stem,	h_stem,	r_crown,	r_root,	k_geo
3566008800.0,	55.065613551085505,	8.350360779792801,	0.015,	0.05,	0.2,	0.2,	400
3581787600.0,	55.065613551085505,	8.350360779792801,	0.015002059794024504,	0.05138689941272268,	0.21117297403039906,	0.21043903252928398,	400
3597566400.0,	55.065613551085505,	8.350360779792801,	0.01500457644633182,	0.053016387400200114,	0.22351718930071113,	0.22237971773763837,	400
3613345200.0,	55.065613551085505,	8.350360779792801,	0.015007742190710209,	0.05492506848944882,	0.23688451404255234,	0.23618420195448903,	400
3629124000.0,	55.065613551085505,	8.350360779792801,	0.015011358597091554,	0.05713873731002385,	0.25260555783437777,	0.2503193357438167,	400
