time ,	 x ,	 y ,	r_stem,	h_stem,	r_crown,	r_root,	k_geo
3566008800.0,	10.723301548319341,	3.8156831879103086,	0.015,	0.05,	0.2,	0.2,	400
