time ,	 x ,	 y ,	r_stem,	h_stem,	r_crown,	r_root,	k_geo
3203096400.0,	48.56003476609877,	4.711486596235779,	0.015,	0.05,	0.2,	0.2,	400
