time ,	 x ,	 y ,	r_stem,	h_stem,	r_crown,	r_root,	k_geo
3802690800.0,	80.81174627741953,	1.8123044561229562,	0.015,	0.05,	0.2,	0.2,	400
