time ,	 x ,	 y ,	r_stem,	h_stem,	r_crown,	r_root,	k_geo
1988128800.0,	78.53569091672608,	13.36172986987282,	0.015,	0.05,	0.2,	0.2,	400
