time ,	 x ,	 y ,	r_stem,	h_stem,	r_crown,	r_root,	k_geo
2903299200.0,	68.18233348677062,	10.876817102321038,	0.015,	0.05,	0.2,	0.2,	400
