time ,	 x ,	 y ,	r_stem,	h_stem,	r_crown,	r_root,	k_geo
1656774000.0,	86.90487108582703,	14.194975703716542,	0.015,	0.05,	0.2,	0.2,	400
