time ,	 x ,	 y ,	r_stem,	h_stem,	r_crown,	r_root,	k_geo
773161200.0,	84.59420304423831,	14.745354204697588,	0.015,	0.05,	0.2,	0.2,	400
