time ,	 x ,	 y ,	r_stem,	h_stem,	r_crown,	r_root,	k_geo
4386506400.0,	39.24283995569445,	1.5111595794719883,	0.015,	0.05,	0.2,	0.2,	400
