time ,	 x ,	 y ,	r_stem,	h_stem,	r_crown,	r_root,	k_geo
3913142400.0,	82.96959488415577,	10.297822509659312,	0.015,	0.05,	0.2,	0.2,	400
