time ,	 x ,	 y ,	r_stem,	h_stem,	r_crown,	r_root,	k_geo
3708018000.0,	40.98695085838777,	9.660968633638399,	0.015,	0.05,	0.2,	0.2,	400
