time ,	 x ,	 y ,	r_stem,	h_stem,	r_crown,	r_root,	k_geo
1672552800.0,	1.5122076213608393,	6.868842406144231,	0.015,	0.05,	0.2,	0.2,	400
