time ,	 x ,	 y ,	r_stem,	h_stem,	r_crown,	r_root,	k_geo
1451649600.0,	81.98864876288049,	5.083650380440959,	0.015,	0.05,	0.2,	0.2,	400
1467428400.0,	81.98864876288049,	5.083650380440959,	0.015000517780348253,	0.051387184566584095,	0.217892851454931,	0.2026241587034028,	400
