time ,	 x ,	 y ,	r_stem,	h_stem,	r_crown,	r_root,	k_geo
568036800.0,	43.420704374277655,	11.45935316530363,	0.015,	0.05,	0.2,	0.2,	400
