time ,	 x ,	 y ,	r_stem,	h_stem,	r_crown,	r_root,	k_geo
3124202400.0,	15.47269889917101,	14.766791870774412,	0.015,	0.05,	0.2,	0.2,	400
3139981200.0,	15.47269889917101,	14.766791870774412,	0.01500001498061454,	0.05000470187766541,	0.20000301255252448,	0.2000759236006585,	400
