time ,	 x ,	 y ,	r_stem,	h_stem,	r_crown,	r_root,	k_geo
2493050400.0,	84.16065146661529,	8.067910496405776,	0.015,	0.05,	0.2,	0.2,	400
