time ,	 x ,	 y ,	r_stem,	h_stem,	r_crown,	r_root,	k_geo
852055200.0,	13.895308029357311,	11.33857028066454,	0.015,	0.05,	0.2,	0.2,	400
