time ,	 x ,	 y ,	r_stem,	h_stem,	r_crown,	r_root,	k_geo
4181382000.0,	94.44760021851633,	12.971873572073523,	0.015,	0.05,	0.2,	0.2,	400
