time ,	 x ,	 y ,	r_stem,	h_stem,	r_crown,	r_root,	k_geo
331354800.0,	52.887795779256265,	2.8649802305016143,	0.015,	0.05,	0.2,	0.2,	400
