time ,	 x ,	 y ,	r_stem,	h_stem,	r_crown,	r_root,	k_geo
2130138000.0,	96.88064086532833,	12.969493856725938,	0.015,	0.05,	0.2,	0.2,	400
