time ,	 x ,	 y ,	r_stem,	h_stem,	r_crown,	r_root,	k_geo
3723796800.0,	48.51743837146317,	6.057619315215928,	0.015,	0.05,	0.2,	0.2,	400
