time ,	 x ,	 y ,	r_stem,	h_stem,	r_crown,	r_root,	k_geo
2209032000.0,	41.196681312672446,	3.4459695137472264,	0.015,	0.05,	0.2,	0.2,	400
