time ,	 x ,	 y ,	r_stem,	h_stem,	r_crown,	r_root,	k_geo
3597566400.0,	94.96023458769677,	4.366631306660485,	0.015,	0.05,	0.2,	0.2,	400
