time ,	 x ,	 y ,	r_stem,	h_stem,	r_crown,	r_root,	k_geo
2603502000.0,	65.08861903600996,	0.786028130974753,	0.015,	0.05,	0.2,	0.2,	400
