time ,	 x ,	 y ,	r_stem,	h_stem,	r_crown,	r_root,	k_geo
157788000.0,	92.04045158686375,	2.5409995946136723,	0.015,	0.05,	0.2,	0.2,	400
