time ,	 x ,	 y ,	r_stem,	h_stem,	r_crown,	r_root,	k_geo
3771133200.0,	78.5961479862142,	2.0110675393314708,	0.015,	0.05,	0.2,	0.2,	400
