time ,	 x ,	 y ,	r_stem,	h_stem,	r_crown,	r_root,	k_geo
2366820000.0,	24.852356685125987,	13.022571105412808,	0.015,	0.05,	0.2,	0.2,	400
2382598800.0,	24.852356685125987,	13.022571105412808,	0.015000242360401648,	0.05007623152062583,	0.2000511426880075,	0.2012283090153506,	400
2398377600.0,	24.852356685125987,	13.022571105412808,	0.015000431650158007,	0.0501547956255266,	0.200374296135208,	0.20217822880607186,	400
2414156400.0,	24.852356685125987,	13.022571105412808,	0.01500063900563652,	0.0502407798528659,	0.20073120912360015,	0.20321145303702504,	400
