time ,	 x ,	 y ,	r_stem,	h_stem,	r_crown,	r_root,	k_geo
3865806000.0,	57.497670638681,	10.794206629137078,	0.015,	0.05,	0.2,	0.2,	400
