time ,	 x ,	 y ,	r_stem,	h_stem,	r_crown,	r_root,	k_geo
1278082800.0,	90.76139120540023,	13.079478890660468,	0.015,	0.05,	0.2,	0.2,	400
