time ,	 x ,	 y ,	r_stem,	h_stem,	r_crown,	r_root,	k_geo
4118266800.0,	88.21056044922,	8.862707604176297,	0.015,	0.05,	0.2,	0.2,	400
4134045600.0,	88.21056044922,	8.862707604176297,	0.015000351843368023,	0.05138721525739636,	0.218616017482645,	0.2017831783055413,	400
