time ,	 x ,	 y ,	r_stem,	h_stem,	r_crown,	r_root,	k_geo
3313548000.0,	83.83797100914252,	2.0791387211034866,	0.015,	0.05,	0.2,	0.2,	400
