time ,	 x ,	 y ,	r_stem,	h_stem,	r_crown,	r_root,	k_geo
4086709200.0,	23.539235905312673,	7.918913458401756,	0.015,	0.05,	0.2,	0.2,	400
