time ,	 x ,	 y ,	r_stem,	h_stem,	r_crown,	r_root,	k_geo
1956571200.0,	98.73967828098239,	6.557374642766437,	0.015,	0.05,	0.2,	0.2,	400
