time ,	 x ,	 y ,	r_stem,	h_stem,	r_crown,	r_root,	k_geo
962506800.0,	84.05587203250447,	11.981994226693345,	0.015,	0.05,	0.2,	0.2,	400
978285600.0,	84.05587203250447,	11.981994226693345,	0.015000557970135643,	0.051387177133450174,	0.21771770234988516,	0.20282784289317754,	400
994064400.0,	84.05587203250447,	11.981994226693345,	0.015001737108422461,	0.05345098543714785,	0.23987961795571508,	0.20886093460010705,	400
1009843200.0,	84.05587203250447,	11.981994226693345,	0.01500417146284054,	0.056440379612268804,	0.26554792789126086,	0.22110111285621165,	400
1025622000.0,	84.05587203250447,	11.981994226693345,	0.01500808326769085,	0.06053709182992245,	0.2953785004538471,	0.239224624436702,	400
1041400800.0,	84.05587203250447,	11.981994226693345,	0.015008660707992456,	0.06178330152355509,	0.3056329568281788,	0.24150967808243515,	400
1057179600.0,	84.05587203250447,	11.981994226693345,	0.015009509287034031,	0.06331825213752262,	0.3173862779587953,	0.24480382140062326,	400
