time ,	 x ,	 y ,	r_stem,	h_stem,	r_crown,	r_root,	k_geo
2224810800.0,	56.46651428813749,	8.906885368530634,	0.015,	0.05,	0.2,	0.2,	400
