time ,	 x ,	 y ,	r_stem,	h_stem,	r_crown,	r_root,	k_geo
1688331600.0,	56.44917687493856,	11.860737182279205,	0.015,	0.05,	0.2,	0.2,	400
