time ,	 x ,	 y ,	r_stem,	h_stem,	r_crown,	r_root,	k_geo
1672552800.0,	50.66022826441381,	13.153739027080222,	0.015,	0.05,	0.2,	0.2,	400
