time ,	 x ,	 y ,	r_stem,	h_stem,	r_crown,	r_root,	k_geo
1925013600.0,	83.5878907467649,	9.023481090875594,	0.015,	0.05,	0.2,	0.2,	400
