time ,	 x ,	 y ,	r_stem,	h_stem,	r_crown,	r_root,	k_geo
2177474400.0,	99.96962770164875,	1.0086966775016952,	0.015,	0.05,	0.2,	0.2,	400
