time ,	 x ,	 y ,	r_stem,	h_stem,	r_crown,	r_root,	k_geo
1546322400.0,	4.214208172778566,	6.975401199402841,	0.015,	0.05,	0.2,	0.2,	400
