time ,	 x ,	 y ,	r_stem,	h_stem,	r_crown,	r_root,	k_geo
2035465200.0,	8.4817579173613,	12.991446766655194,	0.015,	0.05,	0.2,	0.2,	400
