time ,	 x ,	 y ,	r_stem,	h_stem,	r_crown,	r_root,	k_geo
1609437600.0,	97.48609362264531,	2.0723131912159114,	0.015,	0.05,	0.2,	0.2,	400
