time ,	 x ,	 y ,	r_stem,	h_stem,	r_crown,	r_root,	k_geo
2461492800.0,	99.83227642801728,	12.092736255075177,	0.015,	0.05,	0.2,	0.2,	400
