time ,	 x ,	 y ,	r_stem,	h_stem,	r_crown,	r_root,	k_geo
1057179600.0,	73.33305138307435,	4.5234579475034415,	0.015,	0.05,	0.2,	0.2,	400
