time ,	 x ,	 y ,	r_stem,	h_stem,	r_crown,	r_root,	k_geo
4118266800.0,	70.6182370981967,	6.610593922966188,	0.015,	0.05,	0.2,	0.2,	400
