time ,	 x ,	 y ,	r_stem,	h_stem,	r_crown,	r_root,	k_geo
1593658800.0,	49.26471379568541,	11.000812191697094,	0.015,	0.05,	0.2,	0.2,	400
1609437600.0,	49.26471379568541,	11.000812191697094,	0.01500342217175689,	0.05112179684567759,	0.2013882643234447,	0.2173432755253743,	400
1625216400.0,	49.26471379568541,	11.000812191697094,	0.015009782283657907,	0.05314693680077343,	0.2059892113507837,	0.24536361105963916,	400
1640995200.0,	49.26471379568541,	11.000812191697094,	0.015018731942284872,	0.05574823932827574,	0.21490046738890733,	0.276567420392512,	400
1656774000.0,	49.26471379568541,	11.000812191697094,	0.015032124958936478,	0.0593433639847168,	0.2328328858266211,	0.31186810340270854,	400
