time ,	 x ,	 y ,	r_stem,	h_stem,	r_crown,	r_root,	k_geo
3771133200.0,	54.703231643838144,	3.303146425725922,	0.015,	0.05,	0.2,	0.2,	400
