time ,	 x ,	 y ,	r_stem,	h_stem,	r_crown,	r_root,	k_geo
3739575600.0,	2.635177912117692,	0.9711605825358599,	0.015,	0.05,	0.2,	0.2,	400
