time ,	 x ,	 y ,	r_stem,	h_stem,	r_crown,	r_root,	k_geo
2445714000.0,	1.08836099002243,	12.74516066074933,	0.015,	0.05,	0.2,	0.2,	400
