time ,	 x ,	 y ,	r_stem,	h_stem,	r_crown,	r_root,	k_geo
4276054800.0,	86.08158423056726,	8.452923402208215,	0.015,	0.05,	0.2,	0.2,	400
