time ,	 x ,	 y ,	r_stem,	h_stem,	r_crown,	r_root,	k_geo
3297769200.0,	4.618909660398685,	14.099643246349977,	0.015,	0.05,	0.2,	0.2,	400
