time ,	 x ,	 y ,	r_stem,	h_stem,	r_crown,	r_root,	k_geo
4575852000.0,	42.28148970464167,	1.8848835727537367,	0.015,	0.05,	0.2,	0.2,	400
