time ,	 x ,	 y ,	r_stem,	h_stem,	r_crown,	r_root,	k_geo
284018400.0,	72.11713950872492,	3.3045731414689157,	0.015,	0.05,	0.2,	0.2,	400
