time ,	 x ,	 y ,	r_stem,	h_stem,	r_crown,	r_root,	k_geo
1593658800.0,	39.912968824089624,	12.302573415002168,	0.015,	0.05,	0.2,	0.2,	400
