time ,	 x ,	 y ,	r_stem,	h_stem,	r_crown,	r_root,	k_geo
3218875200.0,	30.581640552877907,	5.316438396559097,	0.015,	0.05,	0.2,	0.2,	400
