time ,	 x ,	 y ,	r_stem,	h_stem,	r_crown,	r_root,	k_geo
2540386800.0,	20.988492132986003,	11.72949317949131,	0.015,	0.05,	0.2,	0.2,	400
