time ,	 x ,	 y ,	r_stem,	h_stem,	r_crown,	r_root,	k_geo
4481179200.0,	51.72637484338971,	2.855340048998167,	0.015,	0.05,	0.2,	0.2,	400
