time ,	 x ,	 y ,	r_stem,	h_stem,	r_crown,	r_root,	k_geo
2571944400.0,	0.27817077429331816,	9.588835405483074,	0.015,	0.05,	0.2,	0.2,	400
