time ,	 x ,	 y ,	r_stem,	h_stem,	r_crown,	r_root,	k_geo
2508829200.0,	68.95879476655476,	8.010621479144532,	0.015,	0.05,	0.2,	0.2,	400
