time ,	 x ,	 y ,	r_stem,	h_stem,	r_crown,	r_root,	k_geo
4496958000.0,	64.35322052405941,	0.8667254543924996,	0.015,	0.05,	0.2,	0.2,	400
4512736800.0,	64.35322052405941,	0.8667254543924996,	0.015001122772939655,	0.051387072679030706,	0.21525630704018164,	0.2056902756063853,	400
4528515600.0,	64.35322052405941,	0.8667254543924996,	0.01500304680381942,	0.05328399731031985,	0.23272009091700022,	0.2152583981738252,	400
