time ,	 x ,	 y ,	r_stem,	h_stem,	r_crown,	r_root,	k_geo
4039372800.0,	89.39707399525504,	5.549781580177938,	0.015,	0.05,	0.2,	0.2,	400
