time ,	 x ,	 y ,	r_stem,	h_stem,	r_crown,	r_root,	k_geo
3992036400.0,	84.91929370006899,	9.90012329192703,	0.015,	0.05,	0.2,	0.2,	400
