time ,	 x ,	 y ,	r_stem,	h_stem,	r_crown,	r_root,	k_geo
142009200.0,	23.636069825574246,	9.769284938090824,	0.015,	0.05,	0.2,	0.2,	400
157788000.0,	23.636069825574246,	9.769284938090824,	0.015002127749770285,	0.051386886848162235,	0.21087684645887958,	0.21078342329267957,	400
173566800.0,	23.636069825574246,	9.769284938090824,	0.015004751151602382,	0.05299741211066922,	0.22258842891583244,	0.22318837132226813,	400
189345600.0,	23.636069825574246,	9.769284938090824,	0.015009467124782315,	0.05484093136116163,	0.22943722363379718,	0.2435813135025479,	400
205124400.0,	23.636069825574246,	9.769284938090824,	0.015015756119276923,	0.057237724659531884,	0.24061012608250257,	0.26637884474744095,	400
220903200.0,	23.636069825574246,	9.769284938090824,	0.015023984398429618,	0.06012163278053881,	0.25544263720518035,	0.29054689260944727,	400
236682000.0,	23.636069825574246,	9.769284938090824,	0.015027883662735783,	0.06195377907062821,	0.26993979882678515,	0.2995143947054032,	400
252460800.0,	23.636069825574246,	9.769284938090824,	0.015033993711275917,	0.06426883324861489,	0.28542164771042067,	0.31222227300576694,	400
