time ,	 x ,	 y ,	r_stem,	h_stem,	r_crown,	r_root,	k_geo
2035465200.0,	65.1103305316449,	1.9304076328706437,	0.015,	0.05,	0.2,	0.2,	400
