time ,	 x ,	 y ,	r_stem,	h_stem,	r_crown,	r_root,	k_geo
1625216400.0,	31.373190244972704,	13.101664880721865,	0.015,	0.05,	0.2,	0.2,	400
