time ,	 x ,	 y ,	r_stem,	h_stem,	r_crown,	r_root,	k_geo
252460800.0,	69.79929772787222,	10.852019304479066,	0.015,	0.05,	0.2,	0.2,	400
