time ,	 x ,	 y ,	r_stem,	h_stem,	r_crown,	r_root,	k_geo
1325419200.0,	69.67549706525577,	1.1709147686482329,	0.015,	0.05,	0.2,	0.2,	400
