time ,	 x ,	 y ,	r_stem,	h_stem,	r_crown,	r_root,	k_geo
2335262400.0,	91.19931944401333,	14.907194037919867,	0.015,	0.05,	0.2,	0.2,	400
