time ,	 x ,	 y ,	r_stem,	h_stem,	r_crown,	r_root,	k_geo
4465400400.0,	22.65920376601269,	7.136906123155415,	0.015,	0.05,	0.2,	0.2,	400
