time ,	 x ,	 y ,	r_stem,	h_stem,	r_crown,	r_root,	k_geo
3423999600.0,	74.6040803223994,	12.355772539477684,	0.015,	0.05,	0.2,	0.2,	400
