time ,	 x ,	 y ,	r_stem,	h_stem,	r_crown,	r_root,	k_geo
3408220800.0,	3.9975174602387864,	12.349814192214813,	0.015,	0.05,	0.2,	0.2,	400
