time ,	 x ,	 y ,	r_stem,	h_stem,	r_crown,	r_root,	k_geo
3518672400.0,	29.857878429385774,	8.154086684033448,	0.015,	0.05,	0.2,	0.2,	400
