time ,	 x ,	 y ,	r_stem,	h_stem,	r_crown,	r_root,	k_geo
205124400.0,	87.04389045523054,	7.894932601007331,	0.015,	0.05,	0.2,	0.2,	400
