time ,	 x ,	 y ,	r_stem,	h_stem,	r_crown,	r_root,	k_geo
4055151600.0,	93.1864231026501,	14.62217804460938,	0.015,	0.05,	0.2,	0.2,	400
