time ,	 x ,	 y ,	r_stem,	h_stem,	r_crown,	r_root,	k_geo
3439778400.0,	50.58621220006528,	6.311032787606579,	0.015,	0.05,	0.2,	0.2,	400
