time ,	 x ,	 y ,	r_stem,	h_stem,	r_crown,	r_root,	k_geo
1546322400.0,	8.866536778183931,	2.9288130195191036,	0.015,	0.05,	0.2,	0.2,	400
