time ,	 x ,	 y ,	r_stem,	h_stem,	r_crown,	r_root,	k_geo
2792847600.0,	20.243819153762498,	8.643236717652163,	0.015,	0.05,	0.2,	0.2,	400
