time ,	 x ,	 y ,	r_stem,	h_stem,	r_crown,	r_root,	k_geo
441806400.0,	89.8320932151436,	7.669703426076183,	0.015,	0.05,	0.2,	0.2,	400
