time ,	 x ,	 y ,	r_stem,	h_stem,	r_crown,	r_root,	k_geo
3692239200.0,	85.86775391213467,	5.987960577745692,	0.015,	0.05,	0.2,	0.2,	400
