time ,	 x ,	 y ,	r_stem,	h_stem,	r_crown,	r_root,	k_geo
3566008800.0,	98.80835956351939,	2.736110230492932,	0.015,	0.05,	0.2,	0.2,	400
