time ,	 x ,	 y ,	r_stem,	h_stem,	r_crown,	r_root,	k_geo
2130138000.0,	22.19926580524101,	10.466053506024938,	0.015,	0.05,	0.2,	0.2,	400
2145916800.0,	22.19926580524101,	10.466053506024938,	0.015000389702790703,	0.05016560071489916,	0.20070719840941198,	0.20197505284418457,	400
2161695600.0,	22.19926580524101,	10.466053506024938,	0.015000744951077795,	0.05031516486514,	0.20134564183731932,	0.20374928039338372,	400
2177474400.0,	22.19926580524101,	10.466053506024938,	0.01500111058790968,	0.05046846612901521,	0.2020065389614826,	0.2055513587044282,	400
2193253200.0,	22.19926580524101,	10.466053506024938,	0.015001493592167127,	0.05062846636364167,	0.2027041598657088,	0.20741369560197043,	400
2209032000.0,	22.19926580524101,	10.466053506024938,	0.015002069999218324,	0.050872872944512544,	0.2038280023498983,	0.21017739639643454,	400
