time ,	 x ,	 y ,	r_stem,	h_stem,	r_crown,	r_root,	k_geo
441806400.0,	11.297036035027796,	14.192406424054628,	0.015,	0.05,	0.2,	0.2,	400
