time ,	 x ,	 y ,	r_stem,	h_stem,	r_crown,	r_root,	k_geo
252460800.0,	86.09227336799286,	8.601702734030592,	0.015,	0.05,	0.2,	0.2,	400
