time ,	 x ,	 y ,	r_stem,	h_stem,	r_crown,	r_root,	k_geo
1041400800.0,	20.081656548404514,	9.99725043208429,	0.015,	0.05,	0.2,	0.2,	400
1057179600.0,	20.081656548404514,	9.99725043208429,	0.0150000156717631,	0.05000641881378415,	0.200024938303773,	0.20007942642607615,	400
