time ,	 x ,	 y ,	r_stem,	h_stem,	r_crown,	r_root,	k_geo
3786912000.0,	65.51251607103406,	6.655104867106262,	0.015,	0.05,	0.2,	0.2,	400
3802690800.0,	65.51251607103406,	6.655104867106262,	0.015001231812390914,	0.05138705251467408,	0.2147811254382848,	0.2062428853909557,	400
