time ,	 x ,	 y ,	r_stem,	h_stem,	r_crown,	r_root,	k_geo
3613345200.0,	55.185011881717216,	9.333364909032476,	0.015,	0.05,	0.2,	0.2,	400
