time ,	 x ,	 y ,	r_stem,	h_stem,	r_crown,	r_root,	k_geo
4402285200.0,	56.69447657218758,	3.17249525352378,	0.015,	0.05,	0.2,	0.2,	400
