time ,	 x ,	 y ,	r_stem,	h_stem,	r_crown,	r_root,	k_geo
1309640400.0,	26.216816780976348,	0.9419568886538449,	0.015,	0.05,	0.2,	0.2,	400
