time ,	 x ,	 y ,	r_stem,	h_stem,	r_crown,	r_root,	k_geo
2098580400.0,	94.29430999059574,	10.12327749996914,	0.015,	0.05,	0.2,	0.2,	400
