time ,	 x ,	 y ,	r_stem,	h_stem,	r_crown,	r_root,	k_geo
4402285200.0,	4.8003051114813955,	1.3100281139912355,	0.015,	0.05,	0.2,	0.2,	400
