time ,	 x ,	 y ,	r_stem,	h_stem,	r_crown,	r_root,	k_geo
1435870800.0,	66.20226788108918,	6.099769819578624,	0.015,	0.05,	0.2,	0.2,	400
