time ,	 x ,	 y ,	r_stem,	h_stem,	r_crown,	r_root,	k_geo
4055151600.0,	96.81955509632407,	12.93387765850274,	0.015,	0.05,	0.2,	0.2,	400
