time ,	 x ,	 y ,	r_stem,	h_stem,	r_crown,	r_root,	k_geo
2729732400.0,	69.69485627653842,	7.20290520149122,	0.015,	0.05,	0.2,	0.2,	400
