time ,	 x ,	 y ,	r_stem,	h_stem,	r_crown,	r_root,	k_geo
710046000.0,	77.72676715559244,	1.3162469801202836,	0.015,	0.05,	0.2,	0.2,	400
