time ,	 x ,	 y ,	r_stem,	h_stem,	r_crown,	r_root,	k_geo
3218875200.0,	69.2135999069634,	1.4463746257208654,	0.015,	0.05,	0.2,	0.2,	400
