time ,	 x ,	 y ,	r_stem,	h_stem,	r_crown,	r_root,	k_geo
3502893600.0,	87.37089225858237,	13.251544130629313,	0.015,	0.05,	0.2,	0.2,	400
