time ,	 x ,	 y ,	r_stem,	h_stem,	r_crown,	r_root,	k_geo
4481179200.0,	50.78698638213921,	8.853393951937575,	0.015,	0.05,	0.2,	0.2,	400
