time ,	 x ,	 y ,	r_stem,	h_stem,	r_crown,	r_root,	k_geo
4528515600.0,	38.32793232223787,	9.210499491189008,	0.015,	0.05,	0.2,	0.2,	400
4544294400.0,	38.32793232223787,	9.210499491189008,	0.015001220030360845,	0.050575569371906964,	0.20304464413027715,	0.20618317436539474,	400
4560073200.0,	38.32793232223787,	9.210499491189008,	0.015002569488827814,	0.051209228761627736,	0.2064997514371659,	0.21272329693324404,	400
