time ,	 x ,	 y ,	r_stem,	h_stem,	r_crown,	r_root,	k_geo
930949200.0,	12.881332238891641,	7.212755780468844,	0.015,	0.05,	0.2,	0.2,	400
