time ,	 x ,	 y ,	r_stem,	h_stem,	r_crown,	r_root,	k_geo
3708018000.0,	98.62354228065826,	12.029240552723728,	0.015,	0.05,	0.2,	0.2,	400
