time ,	 x ,	 y ,	r_stem,	h_stem,	r_crown,	r_root,	k_geo
1751446800.0,	77.06965495173547,	9.143701403823261,	0.015,	0.05,	0.2,	0.2,	400
1767225600.0,	77.06965495173547,	9.143701403823261,	0.015010628953115725,	0.054990408166080855,	0.2262605220412396,	0.25386194775489906,	400
1783004400.0,	77.06965495173547,	9.143701403823261,	0.015026894032885499,	0.06267919459221849,	0.2821858470995606,	0.30728962525218423,	400
1798783200.0,	77.06965495173547,	9.143701403823261,	0.015066854729970073,	0.07461694699875598,	0.34690722141001135,	0.38296360154249987,	400
1814562000.0,	77.06965495173547,	9.143701403823261,	0.015074472306842078,	0.07902166492125733,	0.3848209460577645,	0.38814153127693934,	400
1830340800.0,	77.06965495173547,	9.143701403823261,	0.015097176239122745,	0.08597832735484458,	0.43190907665363654,	0.40147202531546816,	400
1846119600.0,	77.06965495173547,	9.143701403823261,	0.015222083719010291,	0.09980931414079271,	0.48774305755750336,	0.45645542998076305,	400
1861898400.0,	77.06965495173547,	9.143701403823261,	0.015557741345424998,	0.11587790954331081,	0.546720295659688,	0.5153375642768198,	400
1877677200.0,	77.06965495173547,	9.143701403823261,	0.016239781962039665,	0.13058953560864278,	0.5992874995085523,	0.5635035701687688,	400
