time ,	 x ,	 y ,	r_stem,	h_stem,	r_crown,	r_root,	k_geo
1483207200.0,	54.90098854717278,	4.37474398453417,	0.015,	0.05,	0.2,	0.2,	400
