time ,	 x ,	 y ,	r_stem,	h_stem,	r_crown,	r_root,	k_geo
852055200.0,	62.30713762086161,	4.985140812346819,	0.015,	0.05,	0.2,	0.2,	400
867834000.0,	62.30713762086161,	4.985140812346819,	0.015001235310824042,	0.05138705186772603,	0.21476587971241456,	0.2062606153568644,	400
883612800.0,	62.30713762086161,	4.985140812346819,	0.015003236393056663,	0.05325124698680145,	0.23159096074257046,	0.21615576339105044,	400
899391600.0,	62.30713762086161,	4.985140812346819,	0.015006289890316464,	0.05566345521942352,	0.25006642404859963,	0.23037823827560214,	400
915170400.0,	62.30713762086161,	4.985140812346819,	0.01501021217180528,	0.058664537261530335,	0.2717001000656234,	0.2467690145566967,	400
