time ,	 x ,	 y ,	r_stem,	h_stem,	r_crown,	r_root,	k_geo
1735668000.0,	61.216713169186534,	14.238522987895037,	0.015,	0.05,	0.2,	0.2,	400
