time ,	 x ,	 y ,	r_stem,	h_stem,	r_crown,	r_root,	k_geo
4560073200.0,	13.217673235932581,	14.688662547643949,	0.015,	0.05,	0.2,	0.2,	400
