time ,	 x ,	 y ,	r_stem,	h_stem,	r_crown,	r_root,	k_geo
3818469600.0,	13.070521460924923,	10.942030409551592,	0.015,	0.05,	0.2,	0.2,	400
