time ,	 x ,	 y ,	r_stem,	h_stem,	r_crown,	r_root,	k_geo
915170400.0,	84.8310248461923,	14.96701471115777,	0.015,	0.05,	0.2,	0.2,	400
