time ,	 x ,	 y ,	r_stem,	h_stem,	r_crown,	r_root,	k_geo
2477271600.0,	48.76503265585308,	2.390365490179931,	0.015,	0.05,	0.2,	0.2,	400
