time ,	 x ,	 y ,	r_stem,	h_stem,	r_crown,	r_root,	k_geo
1514764800.0,	21.251744300164365,	2.491631384331173,	0.015,	0.05,	0.2,	0.2,	400
