time ,	 x ,	 y ,	r_stem,	h_stem,	r_crown,	r_root,	k_geo
3203096400.0,	99.69916491634481,	14.118404986921089,	0.015,	0.05,	0.2,	0.2,	400
