time ,	 x ,	 y ,	r_stem,	h_stem,	r_crown,	r_root,	k_geo
2303704800.0,	60.52650020410253,	0.3430932786588742,	0.015,	0.05,	0.2,	0.2,	400
2319483600.0,	60.52650020410253,	0.3430932786588742,	0.015001690676437592,	0.05138696766306507,	0.2127814810320111,	0.2085683833853158,	400
2335262400.0,	60.52650020410253,	0.3430932786588742,	0.015004024587608605,	0.05312042209618498,	0.22693500110224307,	0.21984855454186836,	400
2351041200.0,	60.52650020410253,	0.3430932786588742,	0.015007182417235379,	0.05523549407423009,	0.24231537498686068,	0.233994083923447,	400
