time ,	 x ,	 y ,	r_stem,	h_stem,	r_crown,	r_root,	k_geo
1577880000.0,	24.272649374540066,	9.315996929509453,	0.015,	0.05,	0.2,	0.2,	400
1593658800.0,	24.272649374540066,	9.315996929509453,	0.015000019795405618,	0.050006213344387866,	0.20000398486421117,	0.2001003255493822,	400
