time ,	 x ,	 y ,	r_stem,	h_stem,	r_crown,	r_root,	k_geo
4118266800.0,	48.48575253821191,	8.720403142147488,	0.015,	0.05,	0.2,	0.2,	400
