time ,	 x ,	 y ,	r_stem,	h_stem,	r_crown,	r_root,	k_geo
1672552800.0,	37.91953137742716,	14.30681779141299,	0.015,	0.05,	0.2,	0.2,	400
