time ,	 x ,	 y ,	r_stem,	h_stem,	r_crown,	r_root,	k_geo
3818469600.0,	40.9422009800487,	0.33803340538244797,	0.015,	0.05,	0.2,	0.2,	400
3834248400.0,	40.9422009800487,	0.33803340538244797,	0.015002533739224807,	0.05081900354985899,	0.2008584667862436,	0.21284091257915988,	400
