time ,	 x ,	 y ,	r_stem,	h_stem,	r_crown,	r_root,	k_geo
4323391200.0,	52.27861236951372,	7.024201407876524,	0.015,	0.05,	0.2,	0.2,	400
