time ,	 x ,	 y ,	r_stem,	h_stem,	r_crown,	r_root,	k_geo
1830340800.0,	77.6799376979714,	9.437695317235612,	0.015,	0.05,	0.2,	0.2,	400
