time ,	 x ,	 y ,	r_stem,	h_stem,	r_crown,	r_root,	k_geo
2461492800.0,	59.01477111709996,	9.125573049412763,	0.015,	0.05,	0.2,	0.2,	400
