time ,	 x ,	 y ,	r_stem,	h_stem,	r_crown,	r_root,	k_geo
2761290000.0,	9.064659004817255,	12.387894635103773,	0.015,	0.05,	0.2,	0.2,	400
