time ,	 x ,	 y ,	r_stem,	h_stem,	r_crown,	r_root,	k_geo
883612800.0,	77.86515215524913,	2.0857490072535567,	0.015,	0.05,	0.2,	0.2,	400
