time ,	 x ,	 y ,	r_stem,	h_stem,	r_crown,	r_root,	k_geo
3124202400.0,	34.737260028389606,	5.315856090445507,	0.015,	0.05,	0.2,	0.2,	400
