time ,	 x ,	 y ,	r_stem,	h_stem,	r_crown,	r_root,	k_geo
804718800.0,	89.17682103210957,	7.258909445002053,	0.015,	0.05,	0.2,	0.2,	400
