time ,	 x ,	 y ,	r_stem,	h_stem,	r_crown,	r_root,	k_geo
3392442000.0,	41.470958600581874,	13.63615569320144,	0.015,	0.05,	0.2,	0.2,	400
