time ,	 x ,	 y ,	r_stem,	h_stem,	r_crown,	r_root,	k_geo
1735668000.0,	30.379300674775877,	12.662405850274835,	0.015,	0.05,	0.2,	0.2,	400
1751446800.0,	30.379300674775877,	12.662405850274835,	0.015000797199459326,	0.05025216158676654,	0.20018900380845425,	0.20404026699222336,	400
1767225600.0,	30.379300674775877,	12.662405850274835,	0.01500211570591576,	0.050662492494084284,	0.20054366821297806,	0.21050888696654765,	400
1783004400.0,	30.379300674775877,	12.662405850274835,	0.015003596777783594,	0.05110805916720507,	0.20096631491140982,	0.21740447515088746,	400
