time ,	 x ,	 y ,	r_stem,	h_stem,	r_crown,	r_root,	k_geo
3171538800.0,	74.80420653579387,	8.492386435115773,	0.015,	0.05,	0.2,	0.2,	400
