time ,	 x ,	 y ,	r_stem,	h_stem,	r_crown,	r_root,	k_geo
3250432800.0,	86.38577107680462,	6.1838046439954955,	0.015,	0.05,	0.2,	0.2,	400
