time ,	 x ,	 y ,	r_stem,	h_stem,	r_crown,	r_root,	k_geo
4212939600.0,	87.76362516316763,	12.29247937058587,	0.015,	0.05,	0.2,	0.2,	400
