time ,	 x ,	 y ,	r_stem,	h_stem,	r_crown,	r_root,	k_geo
236682000.0,	30.42454401496547,	10.181479639225689,	0.015,	0.05,	0.2,	0.2,	400
