time ,	 x ,	 y ,	r_stem,	h_stem,	r_crown,	r_root,	k_geo
2224810800.0,	75.58628794429403,	6.443374109703187,	0.015,	0.05,	0.2,	0.2,	400
