time ,	 x ,	 y ,	r_stem,	h_stem,	r_crown,	r_root,	k_geo
3376663200.0,	92.16832875751186,	3.4420839309699196,	0.015,	0.05,	0.2,	0.2,	400
