time ,	 x ,	 y ,	r_stem,	h_stem,	r_crown,	r_root,	k_geo
4165603200.0,	89.88986436860472,	2.7464693938395115,	0.015,	0.05,	0.2,	0.2,	400
