time ,	 x ,	 y ,	r_stem,	h_stem,	r_crown,	r_root,	k_geo
3313548000.0,	68.54395733129402,	4.139150075821487,	0.015,	0.05,	0.2,	0.2,	400
