time ,	 x ,	 y ,	r_stem,	h_stem,	r_crown,	r_root,	k_geo
2429935200.0,	92.96911148060744,	10.962527095369854,	0.015,	0.05,	0.2,	0.2,	400
