time ,	 x ,	 y ,	r_stem,	h_stem,	r_crown,	r_root,	k_geo
142009200.0,	94.60098403758249,	3.8326382396948206,	0.015,	0.05,	0.2,	0.2,	400
157788000.0,	94.60098403758249,	3.8326382396948206,	0.015000171033849607,	0.05138724870011295,	0.21940400716315261,	0.20086681899631353,	400
