time ,	 x ,	 y ,	r_stem,	h_stem,	r_crown,	r_root,	k_geo
4544294400.0,	87.4265644810586,	5.398565500610254,	0.015,	0.05,	0.2,	0.2,	400
