time ,	 x ,	 y ,	r_stem,	h_stem,	r_crown,	r_root,	k_geo
788940000.0,	97.56611607745124,	5.767954878617987,	0.015,	0.05,	0.2,	0.2,	400
