time ,	 x ,	 y ,	r_stem,	h_stem,	r_crown,	r_root,	k_geo
568036800.0,	65.63869311517237,	8.479220726610226,	0.015,	0.05,	0.2,	0.2,	400
