time ,	 x ,	 y ,	r_stem,	h_stem,	r_crown,	r_root,	k_geo
2414156400.0,	26.72819942570922,	0.08151999332079163,	0.015,	0.05,	0.2,	0.2,	400
