time ,	 x ,	 y ,	r_stem,	h_stem,	r_crown,	r_root,	k_geo
2745511200.0,	4.250349243734563,	10.588898009709876,	0.015,	0.05,	0.2,	0.2,	400
