time ,	 x ,	 y ,	r_stem,	h_stem,	r_crown,	r_root,	k_geo
3881584800.0,	50.20637994040321,	4.369076764296414,	0.015,	0.05,	0.2,	0.2,	400
