time ,	 x ,	 y ,	r_stem,	h_stem,	r_crown,	r_root,	k_geo
3992036400.0,	71.30700232931962,	12.078916718591788,	0.015,	0.05,	0.2,	0.2,	400
