time ,	 x ,	 y ,	r_stem,	h_stem,	r_crown,	r_root,	k_geo
1940792400.0,	60.884942846363586,	0.991219472506043,	0.015,	0.05,	0.2,	0.2,	400
1956571200.0,	60.884942846363586,	0.991219472506043,	0.015007290702140939,	0.05264146008207048,	0.2066315401235231,	0.23694693446582166,	400
1972350000.0,	60.884942846363586,	0.991219472506043,	0.015018339992307455,	0.056453988601279495,	0.2240720934242538,	0.2784467627793193,	400
1988128800.0,	60.884942846363586,	0.991219472506043,	0.015018872496404993,	0.05723936137972487,	0.2343167007473,	0.2798290734551424,	400
2003907600.0,	60.884942846363586,	0.991219472506043,	0.015019931505946703,	0.05839418246913943,	0.24777451959423036,	0.2825469386789047,	400
