time ,	 x ,	 y ,	r_stem,	h_stem,	r_crown,	r_root,	k_geo
4197160800.0,	59.488689119714124,	4.793528435534753,	0.015,	0.05,	0.2,	0.2,	400
