time ,	 x ,	 y ,	r_stem,	h_stem,	r_crown,	r_root,	k_geo
2887520400.0,	66.48037274094828,	0.18968932977200925,	0.015,	0.05,	0.2,	0.2,	400
