time ,	 x ,	 y ,	r_stem,	h_stem,	r_crown,	r_root,	k_geo
3786912000.0,	96.57235818219615,	10.54788689294234,	0.015,	0.05,	0.2,	0.2,	400
