time ,	 x ,	 y ,	r_stem,	h_stem,	r_crown,	r_root,	k_geo
2272147200.0,	72.25840608642558,	14.450856942951985,	0.015,	0.05,	0.2,	0.2,	400
