time ,	 x ,	 y ,	r_stem,	h_stem,	r_crown,	r_root,	k_geo
4197160800.0,	66.4306198192592,	2.5244843576851084,	0.015,	0.05,	0.2,	0.2,	400
