time ,	 x ,	 y ,	r_stem,	h_stem,	r_crown,	r_root,	k_geo
2855962800.0,	22.995686871316334,	2.468625744085124,	0.015,	0.05,	0.2,	0.2,	400
2871741600.0,	22.995686871316334,	2.468625744085124,	0.01500007483766155,	0.05003082093402714,	0.20012154706632046,	0.20037928621775478,	400
