time ,	 x ,	 y ,	r_stem,	h_stem,	r_crown,	r_root,	k_geo
2130138000.0,	67.35320476478913,	12.714576309530464,	0.015,	0.05,	0.2,	0.2,	400
