time ,	 x ,	 y ,	r_stem,	h_stem,	r_crown,	r_root,	k_geo
441806400.0,	60.53814645726832,	8.538017986571848,	0.015,	0.05,	0.2,	0.2,	400
