time ,	 x ,	 y ,	r_stem,	h_stem,	r_crown,	r_root,	k_geo
3329326800.0,	97.62456573271436,	13.6259270600856,	0.015,	0.05,	0.2,	0.2,	400
