time ,	 x ,	 y ,	r_stem,	h_stem,	r_crown,	r_root,	k_geo
1214967600.0,	64.03643088867781,	4.318738496516313,	0.015,	0.05,	0.2,	0.2,	400
