time ,	 x ,	 y ,	r_stem,	h_stem,	r_crown,	r_root,	k_geo
978285600.0,	92.58997343399102,	6.836398569303918,	0.015,	0.05,	0.2,	0.2,	400
