time ,	 x ,	 y ,	r_stem,	h_stem,	r_crown,	r_root,	k_geo
3281990400.0,	97.3010487954656,	4.569055137203967,	0.015,	0.05,	0.2,	0.2,	400
