time ,	 x ,	 y ,	r_stem,	h_stem,	r_crown,	r_root,	k_geo
489142800.0,	92.33244109777033,	8.418864574262571,	0.015,	0.05,	0.2,	0.2,	400
