time ,	 x ,	 y ,	r_stem,	h_stem,	r_crown,	r_root,	k_geo
1514764800.0,	68.47721868165473,	1.1739205211280352,	0.015,	0.05,	0.2,	0.2,	400
