time ,	 x ,	 y ,	r_stem,	h_stem,	r_crown,	r_root,	k_geo
1956571200.0,	14.662979200492499,	14.042648007330959,	0.015,	0.05,	0.2,	0.2,	400
1972350000.0,	14.662979200492499,	14.042648007330959,	0.01500008106415221,	0.050025458760362226,	0.20001653198010322,	0.20041084278612684,	400
1988128800.0,	14.662979200492499,	14.042648007330959,	0.015000261266406046,	0.05008197795001365,	0.20005415218708672,	0.20132111890226534,	400
