time ,	 x ,	 y ,	r_stem,	h_stem,	r_crown,	r_root,	k_geo
1262304000.0,	3.505403037249466,	4.471399142292055,	0.015,	0.05,	0.2,	0.2,	400
