time ,	 x ,	 y ,	r_stem,	h_stem,	r_crown,	r_root,	k_geo
1041400800.0,	22.125248002168096,	0.7303754769372817,	0.015,	0.05,	0.2,	0.2,	400
