time ,	 x ,	 y ,	r_stem,	h_stem,	r_crown,	r_root,	k_geo
1546322400.0,	18.27405909482003,	12.344958527651597,	0.015,	0.05,	0.2,	0.2,	400
1562101200.0,	18.27405909482003,	12.344958527651597,	0.015000063216582114,	0.05001985029991169,	0.20001284348780787,	0.20032038924243445,	400
