time ,	 x ,	 y ,	r_stem,	h_stem,	r_crown,	r_root,	k_geo
2603502000.0,	52.80240495275182,	10.318230868028145,	0.015,	0.05,	0.2,	0.2,	400
