time ,	 x ,	 y ,	r_stem,	h_stem,	r_crown,	r_root,	k_geo
4149824400.0,	55.14817110311666,	11.184893933624844,	0.015,	0.05,	0.2,	0.2,	400
