time ,	 x ,	 y ,	r_stem,	h_stem,	r_crown,	r_root,	k_geo
4512736800.0,	67.06839310155222,	6.2567072439563995,	0.015,	0.05,	0.2,	0.2,	400
