time ,	 x ,	 y ,	r_stem,	h_stem,	r_crown,	r_root,	k_geo
4102488000.0,	58.472954137902974,	5.628023273526452,	0.015,	0.05,	0.2,	0.2,	400
