time ,	 x ,	 y ,	r_stem,	h_stem,	r_crown,	r_root,	k_geo
4575852000.0,	19.616415510134033,	13.63605050996789,	0.015,	0.05,	0.2,	0.2,	400
