time ,	 x ,	 y ,	r_stem,	h_stem,	r_crown,	r_root,	k_geo
4496958000.0,	54.22529579593108,	5.042895271365308,	0.015,	0.05,	0.2,	0.2,	400
