time ,	 x ,	 y ,	r_stem,	h_stem,	r_crown,	r_root,	k_geo
3928921200.0,	36.422319261256185,	8.619955187487978,	0.015,	0.05,	0.2,	0.2,	400
