time ,	 x ,	 y ,	r_stem,	h_stem,	r_crown,	r_root,	k_geo
4086709200.0,	84.52353950354036,	0.3065264615722929,	0.015,	0.05,	0.2,	0.2,	400
