time ,	 x ,	 y ,	r_stem,	h_stem,	r_crown,	r_root,	k_geo
3423999600.0,	61.8518370126271,	2.6366044511640623,	0.015,	0.05,	0.2,	0.2,	400
