time ,	 x ,	 y ,	r_stem,	h_stem,	r_crown,	r_root,	k_geo
2051244000.0,	96.373318252618,	10.874725433401217,	0.015,	0.05,	0.2,	0.2,	400
