time ,	 x ,	 y ,	r_stem,	h_stem,	r_crown,	r_root,	k_geo
3834248400.0,	95.55266143860473,	13.357896756593552,	0.015,	0.05,	0.2,	0.2,	400
3850027200.0,	95.55266143860473,	13.357896756593552,	0.01500026856749917,	0.051387230660037454,	0.21897894272335483,	0.20136112902091463,	400
