time ,	 x ,	 y ,	r_stem,	h_stem,	r_crown,	r_root,	k_geo
4007815200.0,	37.041563986753445,	7.829429925091463,	0.015,	0.05,	0.2,	0.2,	400
