time ,	 x ,	 y ,	r_stem,	h_stem,	r_crown,	r_root,	k_geo
2035465200.0,	23.01882255965729,	7.851670353208712,	0.015,	0.05,	0.2,	0.2,	400
