time ,	 x ,	 y ,	r_stem,	h_stem,	r_crown,	r_root,	k_geo
4307612400.0,	5.286999638097778,	11.896312873955475,	0.015,	0.05,	0.2,	0.2,	400
