time ,	 x ,	 y ,	r_stem,	h_stem,	r_crown,	r_root,	k_geo
2145916800.0,	70.10941499474944,	4.168438927583683,	0.015,	0.05,	0.2,	0.2,	400
