time ,	 x ,	 y ,	r_stem,	h_stem,	r_crown,	r_root,	k_geo
3076866000.0,	5.8927122670893395,	8.85852490812169,	0.015,	0.05,	0.2,	0.2,	400
