time ,	 x ,	 y ,	r_stem,	h_stem,	r_crown,	r_root,	k_geo
3913142400.0,	70.70761600016286,	5.154051231363064,	0.015,	0.05,	0.2,	0.2,	400
