time ,	 x ,	 y ,	r_stem,	h_stem,	r_crown,	r_root,	k_geo
520700400.0,	75.50073128596138,	9.06623109341257,	0.015,	0.05,	0.2,	0.2,	400
