time ,	 x ,	 y ,	r_stem,	h_stem,	r_crown,	r_root,	k_geo
1577880000.0,	71.11106090782113,	9.806049272947389,	0.015,	0.05,	0.2,	0.2,	400
