time ,	 x ,	 y ,	r_stem,	h_stem,	r_crown,	r_root,	k_geo
646930800.0,	32.33550574783792,	9.763518598733627,	0.015,	0.05,	0.2,	0.2,	400
