time ,	 x ,	 y ,	r_stem,	h_stem,	r_crown,	r_root,	k_geo
883612800.0,	93.8597631710578,	13.655443449848311,	0.015,	0.05,	0.2,	0.2,	400
