time ,	 x ,	 y ,	r_stem,	h_stem,	r_crown,	r_root,	k_geo
1104516000.0,	74.00215884435408,	0.48476818237507713,	0.015,	0.05,	0.2,	0.2,	400
