time ,	 x ,	 y ,	r_stem,	h_stem,	r_crown,	r_root,	k_geo
1199188800.0,	79.27215721994723,	1.6992987245153401,	0.015,	0.05,	0.2,	0.2,	400
1214967600.0,	79.27215721994723,	1.6992987245153401,	0.01500044529443823,	0.05138719797306326,	0.21820874972056373,	0.20225679537868943,	400
1230746400.0,	79.27215721994723,	1.6992987245153401,	0.01500143857443882,	0.053484815942622645,	0.24146577889858375,	0.2073679395526076,	400
1246525200.0,	79.27215721994723,	1.6992987245153401,	0.015003583082386727,	0.05659182757012339,	0.2691852545115648,	0.21832033893997513,	400
