time ,	 x ,	 y ,	r_stem,	h_stem,	r_crown,	r_root,	k_geo
1183410000.0,	81.42656073369795,	7.981447083309939,	0.015,	0.05,	0.2,	0.2,	400
