time ,	 x ,	 y ,	r_stem,	h_stem,	r_crown,	r_root,	k_geo
1072958400.0,	52.95057650616122,	11.84269685824547,	0.015,	0.05,	0.2,	0.2,	400
