time ,	 x ,	 y ,	r_stem,	h_stem,	r_crown,	r_root,	k_geo
2571944400.0,	69.25217725991293,	11.1577865959648,	0.015,	0.05,	0.2,	0.2,	400
