time ,	 x ,	 y ,	r_stem,	h_stem,	r_crown,	r_root,	k_geo
820497600.0,	87.87329790900992,	2.549314096573779,	0.015,	0.05,	0.2,	0.2,	400
836276400.0,	87.87329790900992,	2.549314096573779,	0.0150086900237778,	0.056639185483559555,	0.25865933404136127,	0.2440375031892052,	400
852055200.0,	87.87329790900992,	2.549314096573779,	0.015013774720503345,	0.06277066505814044,	0.31340352956569156,	0.2627988338636235,	400
867834000.0,	87.87329790900992,	2.549314096573779,	0.015050909388889784,	0.07611030290958573,	0.3495716773799182,	0.37744368849981774,	400
883612800.0,	87.87329790900992,	2.549314096573779,	0.01505182582694575,	0.07781854618150265,	0.3653063178713435,	0.3781071711302562,	400
