time ,	 x ,	 y ,	r_stem,	h_stem,	r_crown,	r_root,	k_geo
4560073200.0,	16.2087616276695,	9.700400842647031,	0.015,	0.05,	0.2,	0.2,	400
