time ,	 x ,	 y ,	r_stem,	h_stem,	r_crown,	r_root,	k_geo
4418064000.0,	95.61363079900393,	2.3537879568208435,	0.015,	0.05,	0.2,	0.2,	400
