time ,	 x ,	 y ,	r_stem,	h_stem,	r_crown,	r_root,	k_geo
1814562000.0,	95.75415100376692,	11.888961882022036,	0.015,	0.05,	0.2,	0.2,	400
