time ,	 x ,	 y ,	r_stem,	h_stem,	r_crown,	r_root,	k_geo
4134045600.0,	35.23036991589195,	8.749038739049551,	0.015,	0.05,	0.2,	0.2,	400
