time ,	 x ,	 y ,	r_stem,	h_stem,	r_crown,	r_root,	k_geo
4370727600.0,	39.33276976889133,	12.81688724880442,	0.015,	0.05,	0.2,	0.2,	400
