time ,	 x ,	 y ,	r_stem,	h_stem,	r_crown,	r_root,	k_geo
489142800.0,	76.49105586240204,	7.491906139797084,	0.015,	0.05,	0.2,	0.2,	400
