time ,	 x ,	 y ,	r_stem,	h_stem,	r_crown,	r_root,	k_geo
299797200.0,	73.10279550294626,	4.615196853606348,	0.015,	0.05,	0.2,	0.2,	400
315576000.0,	73.10279550294626,	4.615196853606348,	0.015000529881326753,	0.05138718232849198,	0.21784011474159107,	0.2026854871899747,	400
331354800.0,	73.10279550294626,	4.615196853606348,	0.015001699619388492,	0.05345939297306518,	0.24012091437715447,	0.20867897339327893,	400
347133600.0,	73.10279550294626,	4.615196853606348,	0.015003994443590655,	0.05646554781661638,	0.2664657810416619,	0.2202403348466478,	400
362912400.0,	73.10279550294626,	4.615196853606348,	0.015004290675478893,	0.05723664714380293,	0.27355446665618266,	0.22162544960256533,	400
