time ,	 x ,	 y ,	r_stem,	h_stem,	r_crown,	r_root,	k_geo
3234654000.0,	92.35471731089147,	12.138807842944859,	0.015,	0.05,	0.2,	0.2,	400
