time ,	 x ,	 y ,	r_stem,	h_stem,	r_crown,	r_root,	k_geo
1783004400.0,	79.38047010643882,	1.3430679905905345,	0.015,	0.05,	0.2,	0.2,	400
