time ,	 x ,	 y ,	r_stem,	h_stem,	r_crown,	r_root,	k_geo
1656774000.0,	75.95407637199317,	13.096631864364113,	0.015,	0.05,	0.2,	0.2,	400
1672552800.0,	75.95407637199317,	13.096631864364113,	0.015010364262898743,	0.054655882516122176,	0.22254720824389848,	0.2525208045965766,	400
1688331600.0,	75.95407637199317,	13.096631864364113,	0.01501086308523067,	0.055902981733153514,	0.23872310404291658,	0.2541756238903825,	400
1704110400.0,	75.95407637199317,	13.096631864364113,	0.015011934740146962,	0.05780163146209664,	0.26019479049796923,	0.2577150985986915,	400
1719889200.0,	75.95407637199317,	13.096631864364113,	0.015014322493152188,	0.06066205747839607,	0.28695407126982725,	0.26541481538862005,	400
1735668000.0,	75.95407637199317,	13.096631864364113,	0.015030782910914253,	0.06830699480072383,	0.3258577449828785,	0.31474788721606684,	400
1751446800.0,	75.95407637199317,	13.096631864364113,	0.015051102785149319,	0.07630711350938922,	0.3728587823691197,	0.34884382442604,	400
1767225600.0,	75.95407637199317,	13.096631864364113,	0.015052562012463896,	0.07754295412852548,	0.38199585046113926,	0.3503387226723141,	400
