time ,	 x ,	 y ,	r_stem,	h_stem,	r_crown,	r_root,	k_geo
3376663200.0,	42.05244417639402,	2.555884702861918,	0.015,	0.05,	0.2,	0.2,	400
