time ,	 x ,	 y ,	r_stem,	h_stem,	r_crown,	r_root,	k_geo
4402285200.0,	70.58594718312081,	4.68890317411962,	0.015,	0.05,	0.2,	0.2,	400
