time ,	 x ,	 y ,	r_stem,	h_stem,	r_crown,	r_root,	k_geo
2840184000.0,	7.2126056307103115,	0.05898919904297306,	0.015,	0.05,	0.2,	0.2,	400
