time ,	 x ,	 y ,	r_stem,	h_stem,	r_crown,	r_root,	k_geo
2272147200.0,	54.65126483330012,	0.6742032725685748,	0.015,	0.05,	0.2,	0.2,	400
