time ,	 x ,	 y ,	r_stem,	h_stem,	r_crown,	r_root,	k_geo
1325419200.0,	65.61924371684947,	9.861453078371015,	0.015,	0.05,	0.2,	0.2,	400
