time ,	 x ,	 y ,	r_stem,	h_stem,	r_crown,	r_root,	k_geo
3392442000.0,	88.28621580924253,	14.272963638190625,	0.015,	0.05,	0.2,	0.2,	400
