time ,	 x ,	 y ,	r_stem,	h_stem,	r_crown,	r_root,	k_geo
3029529600.0,	81.62149391977827,	4.341450145082725,	0.015,	0.05,	0.2,	0.2,	400
