time ,	 x ,	 y ,	r_stem,	h_stem,	r_crown,	r_root,	k_geo
2871741600.0,	65.71306209536648,	2.869331658040508,	0.015,	0.05,	0.2,	0.2,	400
