time ,	 x ,	 y ,	r_stem,	h_stem,	r_crown,	r_root,	k_geo
804718800.0,	59.80467225837117,	8.73572206981477,	0.015,	0.05,	0.2,	0.2,	400
