time ,	 x ,	 y ,	r_stem,	h_stem,	r_crown,	r_root,	k_geo
1025622000.0,	86.74285869583635,	3.9890421218812917,	0.015,	0.05,	0.2,	0.2,	400
