time ,	 x ,	 y ,	r_stem,	h_stem,	r_crown,	r_root,	k_geo
3644902800.0,	81.16133812892465,	0.8269142776491445,	0.015,	0.05,	0.2,	0.2,	400
