time ,	 x ,	 y ,	r_stem,	h_stem,	r_crown,	r_root,	k_geo
1325419200.0,	12.594227363871813,	1.4553174941386477,	0.015,	0.05,	0.2,	0.2,	400
