time ,	 x ,	 y ,	r_stem,	h_stem,	r_crown,	r_root,	k_geo
2824405200.0,	77.77344233036725,	1.9170108440943412,	0.015,	0.05,	0.2,	0.2,	400
