time ,	 x ,	 y ,	r_stem,	h_stem,	r_crown,	r_root,	k_geo
1940792400.0,	73.5285399904909,	8.866633168689688,	0.015,	0.05,	0.2,	0.2,	400
