time ,	 x ,	 y ,	r_stem,	h_stem,	r_crown,	r_root,	k_geo
4165603200.0,	3.920243241558785,	10.966424683912807,	0.015,	0.05,	0.2,	0.2,	400
