time ,	 x ,	 y ,	r_stem,	h_stem,	r_crown,	r_root,	k_geo
1151852400.0,	98.78543364425337,	14.087953532612117,	0.015,	0.05,	0.2,	0.2,	400
