time ,	 x ,	 y ,	r_stem,	h_stem,	r_crown,	r_root,	k_geo
2019686400.0,	56.58782962770707,	1.1830617137069843,	0.015,	0.05,	0.2,	0.2,	400
