time ,	 x ,	 y ,	r_stem,	h_stem,	r_crown,	r_root,	k_geo
1372755600.0,	59.57638283524137,	1.8734706268921393,	0.015,	0.05,	0.2,	0.2,	400
