time ,	 x ,	 y ,	r_stem,	h_stem,	r_crown,	r_root,	k_geo
3487114800.0,	48.82110261643343,	10.309597480702747,	0.015,	0.05,	0.2,	0.2,	400
