time ,	 x ,	 y ,	r_stem,	h_stem,	r_crown,	r_root,	k_geo
1925013600.0,	43.18921301019364,	10.958926020042863,	0.015,	0.05,	0.2,	0.2,	400
