time ,	 x ,	 y ,	r_stem,	h_stem,	r_crown,	r_root,	k_geo
3928921200.0,	0.012391540767564546,	11.981546863899073,	0.015,	0.05,	0.2,	0.2,	400
3944700000.0,	0.012391540767564546,	11.981546863899073,	0.015003455519522346,	0.0511333766401252,	0.20141128391643756,	0.21751227212181948,	400
3960478800.0,	0.012391540767564546,	11.981546863899073,	0.01500864869922934,	0.05273571283493023,	0.2044159484011933,	0.2403604838739623,	400
3976257600.0,	0.012391540767564546,	11.981546863899073,	0.015016408500663938,	0.05497461453873283,	0.2110319354654542,	0.26858048498020654,	400
3992036400.0,	0.012391540767564546,	11.981546863899073,	0.015027644633765647,	0.0579486009658612,	0.22375370142558743,	0.3004530553550056,	400
4007815200.0,	0.012391540767564546,	11.981546863899073,	0.015028029697347851,	0.05828895726034257,	0.22814573249026368,	0.3012567307972677,	400
4023594000.0,	0.012391540767564546,	11.981546863899073,	0.015028631336824147,	0.05876812669143695,	0.23403346024893856,	0.3025012604848007,	400
