time ,	 x ,	 y ,	r_stem,	h_stem,	r_crown,	r_root,	k_geo
788940000.0,	94.54401913104563,	5.262370516614811,	0.015,	0.05,	0.2,	0.2,	400
