time ,	 x ,	 y ,	r_stem,	h_stem,	r_crown,	r_root,	k_geo
2840184000.0,	98.21185421503179,	7.135529658175471,	0.015,	0.05,	0.2,	0.2,	400
