time ,	 x ,	 y ,	r_stem,	h_stem,	r_crown,	r_root,	k_geo
2950635600.0,	62.73414646735718,	14.389444539015393,	0.015,	0.05,	0.2,	0.2,	400
2966414400.0,	62.73414646735718,	14.389444539015393,	0.015008619195646895,	0.05332386431257198,	0.21077089618352843,	0.24367861237734909,	400
2982193200.0,	62.73414646735718,	14.389444539015393,	0.015009183684168962,	0.05429363502280295,	0.22337680090533152,	0.2456863309161212,	400
2997972000.0,	62.73414646735718,	14.389444539015393,	0.015014347548173343,	0.057791379620184796,	0.2549652929765742,	0.2639436343692258,	400
3013750800.0,	62.73414646735718,	14.389444539015393,	0.015025265782854205,	0.06302087419568236,	0.2885964536779044,	0.29695455276063126,	400
