time ,	 x ,	 y ,	r_stem,	h_stem,	r_crown,	r_root,	k_geo
836276400.0,	99.78906466279933,	12.558129423526205,	0.015,	0.05,	0.2,	0.2,	400
