time ,	 x ,	 y ,	r_stem,	h_stem,	r_crown,	r_root,	k_geo
1009843200.0,	76.86677836704634,	2.536875820437003,	0.015,	0.05,	0.2,	0.2,	400
