time ,	 x ,	 y ,	r_stem,	h_stem,	r_crown,	r_root,	k_geo
3881584800.0,	71.00498042574397,	5.726275492102926,	0.015,	0.05,	0.2,	0.2,	400
