time ,	 x ,	 y ,	r_stem,	h_stem,	r_crown,	r_root,	k_geo
3360884400.0,	61.68054878601297,	4.388934523874223,	0.015,	0.05,	0.2,	0.2,	400
