time ,	 x ,	 y ,	r_stem,	h_stem,	r_crown,	r_root,	k_geo
504921600.0,	88.31626025052837,	10.88490309596426,	0.015,	0.05,	0.2,	0.2,	400
