time ,	 x ,	 y ,	r_stem,	h_stem,	r_crown,	r_root,	k_geo
3250432800.0,	98.07040670912663,	3.594158156519698,	0.015,	0.05,	0.2,	0.2,	400
