time ,	 x ,	 y ,	r_stem,	h_stem,	r_crown,	r_root,	k_geo
2508829200.0,	25.367219437411737,	2.589921362613815,	0.015,	0.05,	0.2,	0.2,	400
