time ,	 x ,	 y ,	r_stem,	h_stem,	r_crown,	r_root,	k_geo
2051244000.0,	77.11003102040848,	13.098742543897325,	0.015,	0.05,	0.2,	0.2,	400
2067022800.0,	77.11003102040848,	13.098742543897325,	0.015000589341189727,	0.05138717133138969,	0.21758098601230025,	0.20298683309029214,	400
2082801600.0,	77.11003102040848,	13.098742543897325,	0.015001830444046892,	0.05344159369079914,	0.239395638927691,	0.20932691944799675,	400
2098580400.0,	77.11003102040848,	13.098742543897325,	0.015004200201442615,	0.05639523203876721,	0.2650319472832225,	0.22118468901364588,	400
2114359200.0,	77.11003102040848,	13.098742543897325,	0.015008525111551424,	0.06045916322560642,	0.29318576336008084,	0.24119562415660223,	400
2130138000.0,	77.11003102040848,	13.098742543897325,	0.015023367360951102,	0.0676415903004073,	0.3199905548398973,	0.2986732777338269,	400
2145916800.0,	77.11003102040848,	13.098742543897325,	0.015025237774085926,	0.07016571528401556,	0.34093967418167387,	0.3024945316384442,	400
