time ,	 x ,	 y ,	r_stem,	h_stem,	r_crown,	r_root,	k_geo
2003907600.0,	96.82491985466241,	12.439399278864697,	0.015,	0.05,	0.2,	0.2,	400
