time ,	 x ,	 y ,	r_stem,	h_stem,	r_crown,	r_root,	k_geo
2272147200.0,	36.12405535334551,	6.920059890623298,	0.015,	0.05,	0.2,	0.2,	400
