time ,	 x ,	 y ,	r_stem,	h_stem,	r_crown,	r_root,	k_geo
4307612400.0,	71.26740479619261,	6.040840919339738,	0.015,	0.05,	0.2,	0.2,	400
