time ,	 x ,	 y ,	r_stem,	h_stem,	r_crown,	r_root,	k_geo
3850027200.0,	91.70925259036173,	4.288663148813599,	0.015,	0.05,	0.2,	0.2,	400
