time ,	 x ,	 y ,	r_stem,	h_stem,	r_crown,	r_root,	k_geo
4591630800.0,	51.859657537202864,	10.238391053938983,	0.015,	0.05,	0.2,	0.2,	400
