time ,	 x ,	 y ,	r_stem,	h_stem,	r_crown,	r_root,	k_geo
2824405200.0,	67.50203550513498,	4.493831919840992,	0.015,	0.05,	0.2,	0.2,	400
