time ,	 x ,	 y ,	r_stem,	h_stem,	r_crown,	r_root,	k_geo
1151852400.0,	43.22841665669724,	2.172844489236697,	0.015,	0.05,	0.2,	0.2,	400
