time ,	 x ,	 y ,	r_stem,	h_stem,	r_crown,	r_root,	k_geo
3234654000.0,	50.95189039994437,	11.445949043412325,	0.015,	0.05,	0.2,	0.2,	400
3250432800.0,	50.95189039994437,	11.445949043412325,	0.015002147573187038,	0.051224196257619786,	0.20842700662525684,	0.2108838856497941,	400
3266211600.0,	50.95189039994437,	11.445949043412325,	0.015004723803030027,	0.052733729561641,	0.2192000699976966,	0.22300557900590265,	400
