time ,	 x ,	 y ,	r_stem,	h_stem,	r_crown,	r_root,	k_geo
4244497200.0,	73.90484402367147,	6.244385497663764,	0.015,	0.05,	0.2,	0.2,	400
4260276000.0,	73.90484402367147,	6.244385497663764,	0.015000762944676076,	0.05138713922417131,	0.2168244194522747,	0.20386666276421891,	400
4276054800.0,	73.90484402367147,	6.244385497663764,	0.015002225804443306,	0.053389890582600616,	0.23722339379919352,	0.21127442468729513,	400
