time ,	 x ,	 y ,	r_stem,	h_stem,	r_crown,	r_root,	k_geo
3092644800.0,	62.997306053596624,	2.2291530504405204,	0.015,	0.05,	0.2,	0.2,	400
