time ,	 x ,	 y ,	r_stem,	h_stem,	r_crown,	r_root,	k_geo
520700400.0,	42.0158782983031,	3.0133135798874147,	0.015,	0.05,	0.2,	0.2,	400
