time ,	 x ,	 y ,	r_stem,	h_stem,	r_crown,	r_root,	k_geo
3566008800.0,	51.1478294450071,	4.9224392497862945,	0.015,	0.05,	0.2,	0.2,	400
3581787600.0,	51.1478294450071,	4.9224392497862945,	0.015002227309371072,	0.051386868440569826,	0.21044300237527513,	0.21128797720857007,	400
