time ,	 x ,	 y ,	r_stem,	h_stem,	r_crown,	r_root,	k_geo
3976257600.0,	6.162324247582285,	6.3652937211650364,	0.015,	0.05,	0.2,	0.2,	400
