time ,	 x ,	 y ,	r_stem,	h_stem,	r_crown,	r_root,	k_geo
2682396000.0,	39.46546580951039,	10.106710585251127,	0.015,	0.05,	0.2,	0.2,	400
