time ,	 x ,	 y ,	r_stem,	h_stem,	r_crown,	r_root,	k_geo
3771133200.0,	92.5771784467873,	1.2159592831268213,	0.015,	0.05,	0.2,	0.2,	400
