time ,	 x ,	 y ,	r_stem,	h_stem,	r_crown,	r_root,	k_geo
3692239200.0,	64.94895015357406,	3.043094427252578,	0.015,	0.05,	0.2,	0.2,	400
3708018000.0,	64.94895015357406,	3.043094427252578,	0.015001045005728639,	0.05138708706056923,	0.21559520960717227,	0.20529615202954996,	400
3723796800.0,	64.94895015357406,	3.043094427252578,	0.015002704616069541,	0.053306780290227,	0.23437554926849244,	0.21358169536543742,	400
3739575600.0,	64.94895015357406,	3.043094427252578,	0.015010567023950172,	0.05771763958201008,	0.25812404707601094,	0.2511919036376534,	400
