time ,	 x ,	 y ,	r_stem,	h_stem,	r_crown,	r_root,	k_geo
1246525200.0,	79.48483081066853,	1.6738841359808347,	0.015,	0.05,	0.2,	0.2,	400
1262304000.0,	79.48483081066853,	1.6738841359808347,	0.015000482590036763,	0.05138719107510993,	0.21804621293207962,	0.20244581198735773,	400
