time ,	 x ,	 y ,	r_stem,	h_stem,	r_crown,	r_root,	k_geo
3487114800.0,	98.60243971630904,	10.98058663502495,	0.015,	0.05,	0.2,	0.2,	400
