time ,	 x ,	 y ,	r_stem,	h_stem,	r_crown,	r_root,	k_geo
362912400.0,	50.43932034608522,	4.8512373137606,	0.015,	0.05,	0.2,	0.2,	400
378691200.0,	50.43932034608522,	4.8512373137606,	0.01500668585958155,	0.05237025717344937,	0.20532190974934125,	0.23388203405840713,	400
394470000.0,	50.43932034608522,	4.8512373137606,	0.015017388909445413,	0.05609019878500113,	0.2219894951999272,	0.27509734254360524,	400
