time ,	 x ,	 y ,	r_stem,	h_stem,	r_crown,	r_root,	k_geo
2272147200.0,	50.98749104511643,	10.178253354624083,	0.015,	0.05,	0.2,	0.2,	400
