time ,	 x ,	 y ,	r_stem,	h_stem,	r_crown,	r_root,	k_geo
4386506400.0,	2.880849350970094,	4.889167875597794,	0.015,	0.05,	0.2,	0.2,	400
