time ,	 x ,	 y ,	r_stem,	h_stem,	r_crown,	r_root,	k_geo
3187317600.0,	91.27130535831513,	4.720611103065469,	0.015,	0.05,	0.2,	0.2,	400
