time ,	 x ,	 y ,	r_stem,	h_stem,	r_crown,	r_root,	k_geo
1262304000.0,	77.34666561758165,	10.479524788320646,	0.015,	0.05,	0.2,	0.2,	400
1278082800.0,	77.34666561758165,	10.479524788320646,	0.015010747238225784,	0.055175118633959935,	0.2284321054645289,	0.25446127679158814,	400
