time ,	 x ,	 y ,	r_stem,	h_stem,	r_crown,	r_root,	k_geo
2824405200.0,	22.522636866868584,	1.6545861444207661,	0.015,	0.05,	0.2,	0.2,	400
