time ,	 x ,	 y ,	r_stem,	h_stem,	r_crown,	r_root,	k_geo
4244497200.0,	34.13889192841032,	1.253436511550391,	0.015,	0.05,	0.2,	0.2,	400
