time ,	 x ,	 y ,	r_stem,	h_stem,	r_crown,	r_root,	k_geo
2366820000.0,	57.49659661653692,	9.766430487635272,	0.015,	0.05,	0.2,	0.2,	400
