time ,	 x ,	 y ,	r_stem,	h_stem,	r_crown,	r_root,	k_geo
1025622000.0,	52.81749945992191,	0.12544037351274517,	0.015,	0.05,	0.2,	0.2,	400
