time ,	 x ,	 y ,	r_stem,	h_stem,	r_crown,	r_root,	k_geo
978285600.0,	40.78176397760852,	10.20394371906103,	0.015,	0.05,	0.2,	0.2,	400
