time ,	 x ,	 y ,	r_stem,	h_stem,	r_crown,	r_root,	k_geo
3692239200.0,	50.798137747600734,	13.177019760617231,	0.015,	0.05,	0.2,	0.2,	400
