time ,	 x ,	 y ,	r_stem,	h_stem,	r_crown,	r_root,	k_geo
4197160800.0,	65.14654463000517,	1.520710448172341,	0.015,	0.05,	0.2,	0.2,	400
