time ,	 x ,	 y ,	r_stem,	h_stem,	r_crown,	r_root,	k_geo
157788000.0,	89.19159889594938,	12.014471898665132,	0.015,	0.05,	0.2,	0.2,	400
173566800.0,	89.19159889594938,	12.014471898665132,	0.015000199277543591,	0.05138724347605023,	0.21928091719001408,	0.201009960904738,	400
189345600.0,	89.19159889594938,	12.014471898665132,	0.01500071624693309,	0.053559290794034604,	0.2452284375936032,	0.20370343903794344,	400
