time ,	 x ,	 y ,	r_stem,	h_stem,	r_crown,	r_root,	k_geo
3960478800.0,	92.3225321088537,	14.468402177357552,	0.015,	0.05,	0.2,	0.2,	400
