time ,	 x ,	 y ,	r_stem,	h_stem,	r_crown,	r_root,	k_geo
299797200.0,	75.60672151913595,	11.733831836708536,	0.015,	0.05,	0.2,	0.2,	400
