time ,	 x ,	 y ,	r_stem,	h_stem,	r_crown,	r_root,	k_geo
4323391200.0,	32.93253714885622,	12.841113942166306,	0.015,	0.05,	0.2,	0.2,	400
