time ,	 x ,	 y ,	r_stem,	h_stem,	r_crown,	r_root,	k_geo
2713953600.0,	43.44531820691655,	9.731477340673925,	0.015,	0.05,	0.2,	0.2,	400
