time ,	 x ,	 y ,	r_stem,	h_stem,	r_crown,	r_root,	k_geo
489142800.0,	10.278517051447555,	7.748035480904024,	0.015,	0.05,	0.2,	0.2,	400
