time ,	 x ,	 y ,	r_stem,	h_stem,	r_crown,	r_root,	k_geo
1498986000.0,	97.84779410309078,	6.967853168163697,	0.015,	0.05,	0.2,	0.2,	400
