time ,	 x ,	 y ,	r_stem,	h_stem,	r_crown,	r_root,	k_geo
3739575600.0,	66.63445974821366,	5.054422032903274,	0.015,	0.05,	0.2,	0.2,	400
