time ,	 x ,	 y ,	r_stem,	h_stem,	r_crown,	r_root,	k_geo
1609437600.0,	38.25098034106284,	11.380930302645591,	0.015,	0.05,	0.2,	0.2,	400
1625216400.0,	38.25098034106284,	11.380930302645591,	0.015001628911588712,	0.05082362999642438,	0.2048669486546519,	0.20825536399465983,	400
1640995200.0,	38.25098034106284,	11.380930302645591,	0.015003535874543006,	0.05179660958860986,	0.21087600072388551,	0.21737047312489474,	400
1656774000.0,	38.25098034106284,	11.380930302645591,	0.015005601927660357,	0.05281764043767303,	0.2171073819164283,	0.22661005580542382,	400
1672552800.0,	38.25098034106284,	11.380930302645591,	0.015007564852975198,	0.0537105520225605,	0.2221516890091305,	0.2347881719973913,	400
1688331600.0,	38.25098034106284,	11.380930302645591,	0.015010269718671818,	0.05501382300197539,	0.2304236699886845,	0.24533418675854893,	400
