time ,	 x ,	 y ,	r_stem,	h_stem,	r_crown,	r_root,	k_geo
2650838400.0,	63.78005496003459,	3.0267566947400573,	0.015,	0.05,	0.2,	0.2,	400
