time ,	 x ,	 y ,	r_stem,	h_stem,	r_crown,	r_root,	k_geo
2603502000.0,	14.683071764373711,	1.097006296103461,	0.015,	0.05,	0.2,	0.2,	400
