time ,	 x ,	 y ,	r_stem,	h_stem,	r_crown,	r_root,	k_geo
2035465200.0,	71.46328343059524,	4.886172791182039,	0.015,	0.05,	0.2,	0.2,	400
