time ,	 x ,	 y ,	r_stem,	h_stem,	r_crown,	r_root,	k_geo
694267200.0,	17.215554157770164,	9.591260919689145,	0.015,	0.05,	0.2,	0.2,	400
