time ,	 x ,	 y ,	r_stem,	h_stem,	r_crown,	r_root,	k_geo
1088737200.0,	79.12400803598003,	7.349189256759146,	0.015,	0.05,	0.2,	0.2,	400
