time ,	 x ,	 y ,	r_stem,	h_stem,	r_crown,	r_root,	k_geo
3881584800.0,	97.088439818512,	9.770123252930647,	0.015,	0.05,	0.2,	0.2,	400
