time ,	 x ,	 y ,	r_stem,	h_stem,	r_crown,	r_root,	k_geo
631152000.0,	95.74577181367532,	13.735700713115188,	0.015,	0.05,	0.2,	0.2,	400
