time ,	 x ,	 y ,	r_stem,	h_stem,	r_crown,	r_root,	k_geo
3187317600.0,	39.406301210689456,	1.1626332093735037,	0.015,	0.05,	0.2,	0.2,	400
