time ,	 x ,	 y ,	r_stem,	h_stem,	r_crown,	r_root,	k_geo
1640995200.0,	98.55243008041562,	7.4090274754843675,	0.015,	0.05,	0.2,	0.2,	400
