time ,	 x ,	 y ,	r_stem,	h_stem,	r_crown,	r_root,	k_geo
3897363600.0,	74.68200844968152,	5.169850892613952,	0.015,	0.05,	0.2,	0.2,	400
