time ,	 x ,	 y ,	r_stem,	h_stem,	r_crown,	r_root,	k_geo
3439778400.0,	57.52012043533171,	0.8274668325826529,	0.015,	0.05,	0.2,	0.2,	400
