time ,	 x ,	 y ,	r_stem,	h_stem,	r_crown,	r_root,	k_geo
1877677200.0,	71.87487377756034,	9.055634277338736,	0.015,	0.05,	0.2,	0.2,	400
