time ,	 x ,	 y ,	r_stem,	h_stem,	r_crown,	r_root,	k_geo
1672552800.0,	49.50938312194306,	3.237259292775537,	0.015,	0.05,	0.2,	0.2,	400
