time ,	 x ,	 y ,	r_stem,	h_stem,	r_crown,	r_root,	k_geo
4560073200.0,	16.190902356124305,	5.011229403043982,	0.015,	0.05,	0.2,	0.2,	400
4575852000.0,	16.190902356124305,	5.011229403043982,	0.015000032301641989,	0.05001013995190098,	0.20000651969182082,	0.20016370866817856,	400
4591630800.0,	16.190902356124305,	5.011229403043982,	0.015000075810633184,	0.050023787201715686,	0.20001533105637484,	0.2003839277339625,	400
