time ,	 x ,	 y ,	r_stem,	h_stem,	r_crown,	r_root,	k_geo
3818469600.0,	46.98412020680113,	2.927701960851681,	0.015,	0.05,	0.2,	0.2,	400
