time ,	 x ,	 y ,	r_stem,	h_stem,	r_crown,	r_root,	k_geo
3124202400.0,	73.67204592363788,	6.111211645651294,	0.015,	0.05,	0.2,	0.2,	400
3139981200.0,	73.67204592363788,	6.111211645651294,	0.015010447445510998,	0.054752384095843154,	0.22358868867033405,	0.2529422785633857,	400
3155760000.0,	73.67204592363788,	6.111211645651294,	0.015026188821101448,	0.06217746113179749,	0.27829097047021845,	0.30499323890000796,	400
3171538800.0,	73.67204592363788,	6.111211645651294,	0.015041443164068457,	0.06961477148954084,	0.33644376267930554,	0.3347108663559375,	400
3187317600.0,	73.67204592363788,	6.111211645651294,	0.015092407203061115,	0.08174588255814005,	0.3922767789736022,	0.40076282206199404,	400
3203096400.0,	73.67204592363788,	6.111211645651294,	0.015123554318086914,	0.08879570615602829,	0.437803487524589,	0.4158843374537203,	400
