time ,	 x ,	 y ,	r_stem,	h_stem,	r_crown,	r_root,	k_geo
4449621600.0,	11.637122490724794,	3.417536919120697,	0.015,	0.05,	0.2,	0.2,	400
