time ,	 x ,	 y ,	r_stem,	h_stem,	r_crown,	r_root,	k_geo
78894000.0,	59.93091913049422,	6.919761193771668,	0.015,	0.05,	0.2,	0.2,	400
94672800.0,	59.93091913049422,	6.919761193771668,	0.015000443378219866,	0.051387198327476034,	0.21821710074182915,	0.20224708385018986,	400
110451600.0,	59.93091913049422,	6.919761193771668,	0.015001429946732687,	0.05348539373777787,	0.24150758561076371,	0.20732418425075316,	400
126230400.0,	59.93091913049422,	6.919761193771668,	0.01500151750104229,	0.05384628972397652,	0.24535614661642866,	0.20777155279258794,	400
142009200.0,	59.93091913049422,	6.919761193771668,	0.015001637421791746,	0.05429357587409629,	0.24998738127578587,	0.2083851953894196,	400
