time ,	 x ,	 y ,	r_stem,	h_stem,	r_crown,	r_root,	k_geo
3960478800.0,	89.20308684421431,	7.464237131249425,	0.015,	0.05,	0.2,	0.2,	400
