time ,	 x ,	 y ,	r_stem,	h_stem,	r_crown,	r_root,	k_geo
2934856800.0,	45.79947059348021,	2.751509128527637,	0.015,	0.05,	0.2,	0.2,	400
