time ,	 x ,	 y ,	r_stem,	h_stem,	r_crown,	r_root,	k_geo
4212939600.0,	22.50790962246725,	7.40842190203515,	0.015,	0.05,	0.2,	0.2,	400
