time ,	 x ,	 y ,	r_stem,	h_stem,	r_crown,	r_root,	k_geo
2177474400.0,	19.95445960976503,	8.568105694982659,	0.015,	0.05,	0.2,	0.2,	400
2193253200.0,	19.95445960976503,	8.568105694982659,	0.01500020049692288,	0.050063038562102834,	0.20004193601464915,	0.20101614084056954,	400
