time ,	 x ,	 y ,	r_stem,	h_stem,	r_crown,	r_root,	k_geo
3850027200.0,	34.43377471959784,	14.281997323222878,	0.015,	0.05,	0.2,	0.2,	400
