time ,	 x ,	 y ,	r_stem,	h_stem,	r_crown,	r_root,	k_geo
2682396000.0,	61.252320733007906,	1.1932487786791823,	0.015,	0.05,	0.2,	0.2,	400
