time ,	 x ,	 y ,	r_stem,	h_stem,	r_crown,	r_root,	k_geo
1214967600.0,	80.7523713845582,	14.878131420408602,	0.015,	0.05,	0.2,	0.2,	400
