time ,	 x ,	 y ,	r_stem,	h_stem,	r_crown,	r_root,	k_geo
3928921200.0,	45.400824666050646,	9.74174634669841,	0.015,	0.05,	0.2,	0.2,	400
