time ,	 x ,	 y ,	r_stem,	h_stem,	r_crown,	r_root,	k_geo
3329326800.0,	96.46184849600337,	13.584866262667584,	0.015,	0.05,	0.2,	0.2,	400
