time ,	 x ,	 y ,	r_stem,	h_stem,	r_crown,	r_root,	k_geo
1136073600.0,	38.67481686763673,	3.41062433617475,	0.015,	0.05,	0.2,	0.2,	400
