time ,	 x ,	 y ,	r_stem,	h_stem,	r_crown,	r_root,	k_geo
2745511200.0,	82.56325809411386,	0.5303669328683547,	0.015,	0.05,	0.2,	0.2,	400
