time ,	 x ,	 y ,	r_stem,	h_stem,	r_crown,	r_root,	k_geo
4165603200.0,	28.66986863369506,	5.575221618180907,	0.015,	0.05,	0.2,	0.2,	400
