time ,	 x ,	 y ,	r_stem,	h_stem,	r_crown,	r_root,	k_geo
2524608000.0,	78.32380084441522,	12.838311116351315,	0.015,	0.05,	0.2,	0.2,	400
