time ,	 x ,	 y ,	r_stem,	h_stem,	r_crown,	r_root,	k_geo
678488400.0,	46.77661273845332,	4.799993300848559,	0.015,	0.05,	0.2,	0.2,	400
