time ,	 x ,	 y ,	r_stem,	h_stem,	r_crown,	r_root,	k_geo
220903200.0,	99.13194682441343,	3.771730835120018,	0.015,	0.05,	0.2,	0.2,	400
236682000.0,	99.13194682441343,	3.771730835120018,	0.015000204824624427,	0.0513872424500442,	0.21925674225891267,	0.20103807406210922,	400
