time ,	 x ,	 y ,	r_stem,	h_stem,	r_crown,	r_root,	k_geo
3376663200.0,	50.06036590779435,	9.99302387689224,	0.015,	0.05,	0.2,	0.2,	400
