time ,	 x ,	 y ,	r_stem,	h_stem,	r_crown,	r_root,	k_geo
3597566400.0,	85.47606576668836,	4.531998963740637,	0.015,	0.05,	0.2,	0.2,	400
