time ,	 x ,	 y ,	r_stem,	h_stem,	r_crown,	r_root,	k_geo
788940000.0,	73.77786850630088,	3.7440573418469265,	0.015,	0.05,	0.2,	0.2,	400
804718800.0,	73.77786850630088,	3.7440573418469265,	0.015010612382853656,	0.054966731910070295,	0.2259882957065779,	0.25377798912846433,	400
820497600.0,	73.77786850630088,	3.7440573418469265,	0.015026018348517748,	0.06262893606276568,	0.2843630207425279,	0.30441396195157444,	400
