time ,	 x ,	 y ,	r_stem,	h_stem,	r_crown,	r_root,	k_geo
1372755600.0,	34.397247551822,	7.643424718316745,	0.015,	0.05,	0.2,	0.2,	400
