time ,	 x ,	 y ,	r_stem,	h_stem,	r_crown,	r_root,	k_geo
1546322400.0,	94.51061873491771,	13.004078959519093,	0.015,	0.05,	0.2,	0.2,	400
