time ,	 x ,	 y ,	r_stem,	h_stem,	r_crown,	r_root,	k_geo
2193253200.0,	93.780728049614,	3.3870946655091068,	0.015,	0.05,	0.2,	0.2,	400
2209032000.0,	93.780728049614,	3.3870946655091068,	0.015009281030425065,	0.05663866264365893,	0.25608364953792934,	0.24703214894040618,	400
2224810800.0,	93.780728049614,	3.3870946655091068,	0.015031226046441049,	0.06828290531625258,	0.32559084867881494,	0.32552300620689467,	400
2240589600.0,	93.780728049614,	3.3870946655091068,	0.015062808213090547,	0.08139624063438224,	0.41205848133866796,	0.3719387134976582,	400
