time ,	 x ,	 y ,	r_stem,	h_stem,	r_crown,	r_root,	k_geo
2540386800.0,	93.38915258063122,	1.1155827496909447,	0.015,	0.05,	0.2,	0.2,	400
