time ,	 x ,	 y ,	r_stem,	h_stem,	r_crown,	r_root,	k_geo
3834248400.0,	5.436090085814649,	1.3436044635853155,	0.015,	0.05,	0.2,	0.2,	400
