time ,	 x ,	 y ,	r_stem,	h_stem,	r_crown,	r_root,	k_geo
1467428400.0,	28.367772991823117,	13.793403468805,	0.015,	0.05,	0.2,	0.2,	400
