time ,	 x ,	 y ,	r_stem,	h_stem,	r_crown,	r_root,	k_geo
1719889200.0,	75.29791545438354,	9.009168528343439,	0.015,	0.05,	0.2,	0.2,	400
