time ,	 x ,	 y ,	r_stem,	h_stem,	r_crown,	r_root,	k_geo
1467428400.0,	40.02858878680288,	7.716400994393472,	0.015,	0.05,	0.2,	0.2,	400
