time ,	 x ,	 y ,	r_stem,	h_stem,	r_crown,	r_root,	k_geo
4575852000.0,	26.208598199532872,	7.750165413642834,	0.015,	0.05,	0.2,	0.2,	400
4591630800.0,	26.208598199532872,	7.750165413642834,	0.015000019417276978,	0.05000795563775864,	0.20003093839115568,	0.20009840914740099,	400
