time ,	 x ,	 y ,	r_stem,	h_stem,	r_crown,	r_root,	k_geo
4244497200.0,	99.6987966929039,	0.909400510094957,	0.015,	0.05,	0.2,	0.2,	400
