time ,	 x ,	 y ,	r_stem,	h_stem,	r_crown,	r_root,	k_geo
2666617200.0,	81.60637841022549,	9.492200536249047,	0.015,	0.05,	0.2,	0.2,	400
2682396000.0,	81.60637841022549,	9.492200536249047,	0.015010994920777048,	0.055742258518049606,	0.23560221552671684,	0.2557162334724505,	400
