time ,	 x ,	 y ,	r_stem,	h_stem,	r_crown,	r_root,	k_geo
473364000.0,	79.27510260468729,	8.42308204720807,	0.015,	0.05,	0.2,	0.2,	400
489142800.0,	79.27510260468729,	8.42308204720807,	0.015011042714131782,	0.05593724093901877,	0.2382297558557901,	0.2559583917334941,	400
504921600.0,	79.27510260468729,	8.42308204720807,	0.015028755268716902,	0.06493775460903577,	0.30263647223323265,	0.3134372491575826,	400
