time ,	 x ,	 y ,	r_stem,	h_stem,	r_crown,	r_root,	k_geo
1893456000.0,	85.44285775105256,	7.079171575746827,	0.015,	0.05,	0.2,	0.2,	400
