time ,	 x ,	 y ,	r_stem,	h_stem,	r_crown,	r_root,	k_geo
2051244000.0,	84.36559962196357,	14.853786233783561,	0.015,	0.05,	0.2,	0.2,	400
