time ,	 x ,	 y ,	r_stem,	h_stem,	r_crown,	r_root,	k_geo
3439778400.0,	26.306405924978847,	10.465074027922205,	0.015,	0.05,	0.2,	0.2,	400
3455557200.0,	26.306405924978847,	10.465074027922205,	0.015000010280102144,	0.050003226415352924,	0.20000206523175612,	0.2000521008275106,	400
