time ,	 x ,	 y ,	r_stem,	h_stem,	r_crown,	r_root,	k_geo
4039372800.0,	95.90432503020799,	7.70576523290253,	0.015,	0.05,	0.2,	0.2,	400
