time ,	 x ,	 y ,	r_stem,	h_stem,	r_crown,	r_root,	k_geo
3992036400.0,	85.31204280498774,	14.33695874073995,	0.015,	0.05,	0.2,	0.2,	400
