time ,	 x ,	 y ,	r_stem,	h_stem,	r_crown,	r_root,	k_geo
3360884400.0,	91.89543851258368,	0.9161453185274937,	0.015,	0.05,	0.2,	0.2,	400
