time ,	 x ,	 y ,	r_stem,	h_stem,	r_crown,	r_root,	k_geo
3534451200.0,	53.73088232668447,	5.238162297979899,	0.015,	0.05,	0.2,	0.2,	400
