time ,	 x ,	 y ,	r_stem,	h_stem,	r_crown,	r_root,	k_geo
378691200.0,	45.33920145757219,	12.406108778518448,	0.015,	0.05,	0.2,	0.2,	400
