time ,	 x ,	 y ,	r_stem,	h_stem,	r_crown,	r_root,	k_geo
4212939600.0,	70.79669564271653,	0.23308631930704315,	0.015,	0.05,	0.2,	0.2,	400
4228718400.0,	70.79669564271653,	0.23308631930704315,	0.015000734298403965,	0.05138714452209938,	0.21694925980003715,	0.20372148252204333,	400
4244497200.0,	70.79669564271653,	0.23308631930704315,	0.01500628849534645,	0.055523297923844916,	0.24850505570462658,	0.23188660172862297,	400
4260276000.0,	70.79669564271653,	0.23308631930704315,	0.015006314591759759,	0.05561102372934162,	0.24945214280264089,	0.23199395296702113,	400
4276054800.0,	70.79669564271653,	0.23308631930704315,	0.015006347487441772,	0.05571913223308316,	0.2506110733460495,	0.23212925802720394,	400
4291833600.0,	70.79669564271653,	0.23308631930704315,	0.015006389384611902,	0.05585233059657765,	0.25202584868708006,	0.23230155388578816,	400
4307612400.0,	70.79669564271653,	0.23308631930704315,	0.01500643979930173,	0.056016353913956284,	0.253759457617718,	0.23250880875557006,	400
4323391200.0,	70.79669564271653,	0.23308631930704315,	0.015006506870343298,	0.056218709795566826,	0.25586313259452814,	0.23278442808701638,	400
