time ,	 x ,	 y ,	r_stem,	h_stem,	r_crown,	r_root,	k_geo
4591630800.0,	12.847081285955042,	7.463866301593614,	0.015,	0.05,	0.2,	0.2,	400
