time ,	 x ,	 y ,	r_stem,	h_stem,	r_crown,	r_root,	k_geo
3139981200.0,	22.293883123204804,	13.909975456964135,	0.015,	0.05,	0.2,	0.2,	400
