time ,	 x ,	 y ,	r_stem,	h_stem,	r_crown,	r_root,	k_geo
662709600.0,	3.0648116411787996,	7.302828794432387,	0.015,	0.05,	0.2,	0.2,	400
