time ,	 x ,	 y ,	r_stem,	h_stem,	r_crown,	r_root,	k_geo
1483207200.0,	41.11422310269278,	0.8953691088877141,	0.015,	0.05,	0.2,	0.2,	400
1498986000.0,	41.11422310269278,	0.8953691088877141,	0.015001635483298288,	0.05082799179935007,	0.20490168601699663,	0.20828866892349165,	400
1514764800.0,	41.11422310269278,	0.8953691088877141,	0.01500351715600643,	0.05178295812868628,	0.21075723878343472,	0.2172809678308469,	400
1530543600.0,	41.11422310269278,	0.8953691088877141,	0.015005681876544143,	0.052874349557838804,	0.21759467796201862,	0.22696738802251226,	400
1546322400.0,	41.11422310269278,	0.8953691088877141,	0.015008472334720163,	0.054344730057832545,	0.22755368242737142,	0.23856417924207737,	400
