time ,	 x ,	 y ,	r_stem,	h_stem,	r_crown,	r_root,	k_geo
4575852000.0,	41.99373649325431,	0.06466114387616573,	0.015,	0.05,	0.2,	0.2,	400
4591630800.0,	41.99373649325431,	0.06466114387616573,	0.015002733995507368,	0.05088635764579593,	0.2009647684648151,	0.213855771803844,	400
