time ,	 x ,	 y ,	r_stem,	h_stem,	r_crown,	r_root,	k_geo
362912400.0,	6.672327156070468,	6.379978960610671,	0.015,	0.05,	0.2,	0.2,	400
