time ,	 x ,	 y ,	r_stem,	h_stem,	r_crown,	r_root,	k_geo
3723796800.0,	43.72185036984859,	12.373594485757794,	0.015,	0.05,	0.2,	0.2,	400
3739575600.0,	43.72185036984859,	12.373594485757794,	0.015002407314161397,	0.05077672574064035,	0.20079492691690218,	0.2122002128430129,	400
3755354400.0,	43.72185036984859,	12.373594485757794,	0.015006035273886779,	0.051893425748513515,	0.20236088309446534,	0.22886418777838083,	400
3771133200.0,	43.72185036984859,	12.373594485757794,	0.015011330844013364,	0.053425899765142226,	0.20545588887876032,	0.2500704907478365,	400
