time ,	 x ,	 y ,	r_stem,	h_stem,	r_crown,	r_root,	k_geo
3487114800.0,	99.61629813829104,	9.045800656926088,	0.015,	0.05,	0.2,	0.2,	400
