time ,	 x ,	 y ,	r_stem,	h_stem,	r_crown,	r_root,	k_geo
3944700000.0,	22.50951542002578,	14.88828685410191,	0.015,	0.05,	0.2,	0.2,	400
3960478800.0,	22.50951542002578,	14.88828685410191,	0.015000281413415497,	0.050118254201953635,	0.20049134417773393,	0.2014262332879218,	400
