time ,	 x ,	 y ,	r_stem,	h_stem,	r_crown,	r_root,	k_geo
520700400.0,	4.932163568488146,	5.12372179795771,	0.015,	0.05,	0.2,	0.2,	400
