time ,	 x ,	 y ,	r_stem,	h_stem,	r_crown,	r_root,	k_geo
1783004400.0,	91.6150533007121,	5.545725853433748,	0.015,	0.05,	0.2,	0.2,	400
