time ,	 x ,	 y ,	r_stem,	h_stem,	r_crown,	r_root,	k_geo
1356976800.0,	0.48324681191525,	10.764917646150167,	0.015,	0.05,	0.2,	0.2,	400
