time ,	 x ,	 y ,	r_stem,	h_stem,	r_crown,	r_root,	k_geo
883612800.0,	23.500519613975378,	8.682426102822392,	0.015,	0.05,	0.2,	0.2,	400
