time ,	 x ,	 y ,	r_stem,	h_stem,	r_crown,	r_root,	k_geo
4086709200.0,	77.41080886526296,	2.8542391940906016,	0.015,	0.05,	0.2,	0.2,	400
