time ,	 x ,	 y ,	r_stem,	h_stem,	r_crown,	r_root,	k_geo
552258000.0,	64.75395347948326,	3.5908276342202883,	0.015,	0.05,	0.2,	0.2,	400
