time ,	 x ,	 y ,	r_stem,	h_stem,	r_crown,	r_root,	k_geo
3250432800.0,	73.57516090200042,	14.080474717889587,	0.015,	0.05,	0.2,	0.2,	400
3266211600.0,	73.57516090200042,	14.080474717889587,	0.015010369258817997,	0.054661499557968084,	0.2226071585580056,	0.25254611820282913,	400
3281990400.0,	73.57516090200042,	14.080474717889587,	0.015026496302871794,	0.061888848020268596,	0.2735129682094717,	0.30602859078661726,	400
3297769200.0,	73.57516090200042,	14.080474717889587,	0.015035246096587592,	0.06730389176123962,	0.32176779024872515,	0.3229230349754879,	400
