time ,	 x ,	 y ,	r_stem,	h_stem,	r_crown,	r_root,	k_geo
189345600.0,	71.55368289077303,	6.460573403411901,	0.015,	0.05,	0.2,	0.2,	400
