time ,	 x ,	 y ,	r_stem,	h_stem,	r_crown,	r_root,	k_geo
2398377600.0,	89.1234389238681,	0.3539142178789828,	0.015,	0.05,	0.2,	0.2,	400
