time ,	 x ,	 y ,	r_stem,	h_stem,	r_crown,	r_root,	k_geo
1167631200.0,	66.86732038092941,	10.401178849231867,	0.015,	0.05,	0.2,	0.2,	400
