time ,	 x ,	 y ,	r_stem,	h_stem,	r_crown,	r_root,	k_geo
2556165600.0,	88.5854430885453,	4.005528973946053,	0.015,	0.05,	0.2,	0.2,	400
