time ,	 x ,	 y ,	r_stem,	h_stem,	r_crown,	r_root,	k_geo
3739575600.0,	54.57340559931647,	0.6985062439278611,	0.015,	0.05,	0.2,	0.2,	400
