time ,	 x ,	 y ,	r_stem,	h_stem,	r_crown,	r_root,	k_geo
1356976800.0,	84.28073801365117,	6.29218283876671,	0.015,	0.05,	0.2,	0.2,	400
