time ,	 x ,	 y ,	r_stem,	h_stem,	r_crown,	r_root,	k_geo
4575852000.0,	30.824919772682037,	5.70199235148764,	0.015,	0.05,	0.2,	0.2,	400
4591630800.0,	30.824919772682037,	5.70199235148764,	0.015000422522022347,	0.0501331336108639,	0.20009261139804305,	0.20214138315555957,	400
