time ,	 x ,	 y ,	r_stem,	h_stem,	r_crown,	r_root,	k_geo
2145916800.0,	89.26909143171926,	11.423258700087338,	0.015,	0.05,	0.2,	0.2,	400
