time ,	 x ,	 y ,	r_stem,	h_stem,	r_crown,	r_root,	k_geo
4070930400.0,	76.16137935454826,	5.833973952958743,	0.015,	0.05,	0.2,	0.2,	400
