time ,	 x ,	 y ,	r_stem,	h_stem,	r_crown,	r_root,	k_geo
4512736800.0,	79.56396005692733,	9.350119475994628,	0.015,	0.05,	0.2,	0.2,	400
