time ,	 x ,	 y ,	r_stem,	h_stem,	r_crown,	r_root,	k_geo
836276400.0,	37.822268576661365,	10.250624857517739,	0.015,	0.05,	0.2,	0.2,	400
