time ,	 x ,	 y ,	r_stem,	h_stem,	r_crown,	r_root,	k_geo
2713953600.0,	61.734011635942565,	14.452252334994801,	0.015,	0.05,	0.2,	0.2,	400
