time ,	 x ,	 y ,	r_stem,	h_stem,	r_crown,	r_root,	k_geo
3928921200.0,	7.090161885453449,	8.126467866122113,	0.015,	0.05,	0.2,	0.2,	400
