time ,	 x ,	 y ,	r_stem,	h_stem,	r_crown,	r_root,	k_geo
930949200.0,	51.93704897112158,	7.83374999582896,	0.015,	0.05,	0.2,	0.2,	400
