time ,	 x ,	 y ,	r_stem,	h_stem,	r_crown,	r_root,	k_geo
4512736800.0,	71.3494889952683,	7.302647292226979,	0.015,	0.05,	0.2,	0.2,	400
