time ,	 x ,	 y ,	r_stem,	h_stem,	r_crown,	r_root,	k_geo
631152000.0,	96.31220277925703,	1.2422971989222602,	0.015,	0.05,	0.2,	0.2,	400
