time ,	 x ,	 y ,	r_stem,	h_stem,	r_crown,	r_root,	k_geo
1893456000.0,	67.77508781318504,	7.698309043092958,	0.015,	0.05,	0.2,	0.2,	400
