time ,	 x ,	 y ,	r_stem,	h_stem,	r_crown,	r_root,	k_geo
867834000.0,	66.36086898638752,	8.813287785135216,	0.015,	0.05,	0.2,	0.2,	400
