time ,	 x ,	 y ,	r_stem,	h_stem,	r_crown,	r_root,	k_geo
2161695600.0,	63.13326182958646,	4.0739994951461656,	0.015,	0.05,	0.2,	0.2,	400
