time ,	 x ,	 y ,	r_stem,	h_stem,	r_crown,	r_root,	k_geo
4339170000.0,	42.25647297670844,	12.10729728103595,	0.015,	0.05,	0.2,	0.2,	400
