time ,	 x ,	 y ,	r_stem,	h_stem,	r_crown,	r_root,	k_geo
1278082800.0,	71.6216691966431,	8.121543206208916,	0.015,	0.05,	0.2,	0.2,	400
1293861600.0,	71.6216691966431,	8.121543206208916,	0.01500088541050084,	0.05138711657531412,	0.21629071620177756,	0.204487322430733,	400
1309640400.0,	71.6216691966431,	8.121543206208916,	0.015002339541995093,	0.05335370126773061,	0.23637787390519166,	0.21180559353651843,	400
1325419200.0,	71.6216691966431,	8.121543206208916,	0.015002395125675975,	0.0535159840739162,	0.23811946523757913,	0.21207649557490918,	400
1341198000.0,	71.6216691966431,	8.121543206208916,	0.0150024671012743,	0.05371348900266301,	0.24020276908191052,	0.21242729418325462,	400
