time ,	 x ,	 y ,	r_stem,	h_stem,	r_crown,	r_root,	k_geo
2382598800.0,	99.81863263188569,	4.11960880169916,	0.015,	0.05,	0.2,	0.2,	400
