time ,	 x ,	 y ,	r_stem,	h_stem,	r_crown,	r_root,	k_geo
1546322400.0,	49.76296087616223,	11.596647937261618,	0.015,	0.05,	0.2,	0.2,	400
1562101200.0,	49.76296087616223,	11.596647937261618,	0.015002308749686027,	0.051386853383327914,	0.2100881173480575,	0.2117007042563965,	400
1577880000.0,	49.76296087616223,	11.596647937261618,	0.01500484971573965,	0.05280717107478681,	0.21964805151891334,	0.22360771452078415,	400
1593658800.0,	49.76296087616223,	11.596647937261618,	0.015007870295804372,	0.05452368299393869,	0.23156786846361552,	0.2365707354101112,	400
