time ,	 x ,	 y ,	r_stem,	h_stem,	r_crown,	r_root,	k_geo
1120294800.0,	24.010076382040058,	13.347611182036394,	0.015,	0.05,	0.2,	0.2,	400
