time ,	 x ,	 y ,	r_stem,	h_stem,	r_crown,	r_root,	k_geo
2098580400.0,	17.349750047208357,	7.984869515359189,	0.015,	0.05,	0.2,	0.2,	400
