time ,	 x ,	 y ,	r_stem,	h_stem,	r_crown,	r_root,	k_geo
3076866000.0,	79.42952435167462,	11.991338531427527,	0.015,	0.05,	0.2,	0.2,	400
