time ,	 x ,	 y ,	r_stem,	h_stem,	r_crown,	r_root,	k_geo
3155760000.0,	87.43741779003422,	5.729947260899358,	0.015,	0.05,	0.2,	0.2,	400
