time ,	 x ,	 y ,	r_stem,	h_stem,	r_crown,	r_root,	k_geo
2508829200.0,	14.230901511845829,	6.161289363288677,	0.015,	0.05,	0.2,	0.2,	400
