time ,	 x ,	 y ,	r_stem,	h_stem,	r_crown,	r_root,	k_geo
1467428400.0,	24.933561327476284,	9.175104774466373,	0.015,	0.05,	0.2,	0.2,	400
