time ,	 x ,	 y ,	r_stem,	h_stem,	r_crown,	r_root,	k_geo
2729732400.0,	57.61022508334934,	8.760829696128024,	0.015,	0.05,	0.2,	0.2,	400
