time ,	 x ,	 y ,	r_stem,	h_stem,	r_crown,	r_root,	k_geo
4102488000.0,	58.80209604487081,	4.392897160696455,	0.015,	0.05,	0.2,	0.2,	400
