time ,	 x ,	 y ,	r_stem,	h_stem,	r_crown,	r_root,	k_geo
4560073200.0,	42.77670995268482,	3.4272320847559756,	0.015,	0.05,	0.2,	0.2,	400
4575852000.0,	42.77670995268482,	3.4272320847559756,	0.015002733995507368,	0.05088635764579593,	0.2009647684648151,	0.213855771803844,	400
4591630800.0,	42.77670995268482,	3.4272320847559756,	0.015006837837562355,	0.05214912793278667,	0.20290495357784885,	0.2324545872338232,	400
