time ,	 x ,	 y ,	r_stem,	h_stem,	r_crown,	r_root,	k_geo
3660681600.0,	97.98872486154025,	7.408132598058039,	0.015,	0.05,	0.2,	0.2,	400
