time ,	 x ,	 y ,	r_stem,	h_stem,	r_crown,	r_root,	k_geo
4339170000.0,	91.04978937623659,	12.571671444406336,	0.015,	0.05,	0.2,	0.2,	400
