time ,	 x ,	 y ,	r_stem,	h_stem,	r_crown,	r_root,	k_geo
2287926000.0,	82.51904318206198,	11.805444718281631,	0.015,	0.05,	0.2,	0.2,	400
