time ,	 x ,	 y ,	r_stem,	h_stem,	r_crown,	r_root,	k_geo
1672552800.0,	29.507290399124773,	4.989654448302451,	0.015,	0.05,	0.2,	0.2,	400
1688331600.0,	29.507290399124773,	4.989654448302451,	0.015000270333170408,	0.050113471066903455,	0.2004701505915154,	0.2013700776038098,	400
1704110400.0,	29.507290399124773,	4.989654448302451,	0.015000642324516568,	0.05027063603089364,	0.20114242495987725,	0.20323623291917225,	400
1719889200.0,	29.507290399124773,	4.989654448302451,	0.015000905778495145,	0.050380121510658904,	0.20160188247387284,	0.20453964232766225,	400
