time ,	 x ,	 y ,	r_stem,	h_stem,	r_crown,	r_root,	k_geo
3534451200.0,	18.818726940001117,	11.151375595875896,	0.015,	0.05,	0.2,	0.2,	400
