time ,	 x ,	 y ,	r_stem,	h_stem,	r_crown,	r_root,	k_geo
1341198000.0,	14.37351548729403,	9.846569305299047,	0.015,	0.05,	0.2,	0.2,	400
