time ,	 x ,	 y ,	r_stem,	h_stem,	r_crown,	r_root,	k_geo
3281990400.0,	65.01822106644865,	3.0504365278395977,	0.015,	0.05,	0.2,	0.2,	400
