time ,	 x ,	 y ,	r_stem,	h_stem,	r_crown,	r_root,	k_geo
441806400.0,	48.65170109053002,	5.050510065015274,	0.015,	0.05,	0.2,	0.2,	400
