time ,	 x ,	 y ,	r_stem,	h_stem,	r_crown,	r_root,	k_geo
3423999600.0,	96.79695206336937,	13.628525634338633,	0.015,	0.05,	0.2,	0.2,	400
