time ,	 x ,	 y ,	r_stem,	h_stem,	r_crown,	r_root,	k_geo
2997972000.0,	22.33973091151681,	3.5579920884817207,	0.015,	0.05,	0.2,	0.2,	400
3013750800.0,	22.33973091151681,	3.5579920884817207,	0.015000014225417104,	0.05000446481712737,	0.20000286022594646,	0.20007209616764482,	400
