time ,	 x ,	 y ,	r_stem,	h_stem,	r_crown,	r_root,	k_geo
3297769200.0,	37.202261087424326,	9.377772684289548,	0.015,	0.05,	0.2,	0.2,	400
3313548000.0,	37.202261087424326,	9.377772684289548,	0.015001102472248382,	0.05051119826416989,	0.20262171961888625,	0.20558739194362916,	400
3329326800.0,	37.202261087424326,	9.377772684289548,	0.015002611189041677,	0.05124025415538625,	0.2067759527193593,	0.2129295313234332,	400
3345105600.0,	37.202261087424326,	9.377772684289548,	0.015004383272560342,	0.052102758150264196,	0.21191925286400712,	0.22110327066350616,	400
3360884400.0,	37.202261087424326,	9.377772684289548,	0.015006374151725553,	0.05305778593526891,	0.21769345099160367,	0.22974081099376872,	400
3376663200.0,	37.202261087424326,	9.377772684289548,	0.015008569405813604,	0.05407916573539849,	0.22383711856002925,	0.23864563352940743,	400
3392442000.0,	37.202261087424326,	9.377772684289548,	0.015011149547349452,	0.05526219731638063,	0.23109453252885886,	0.2483792665520454,	400
3408220800.0,	37.202261087424326,	9.377772684289548,	0.01501400433530226,	0.05649955648516889,	0.2384727876942892,	0.25829105997520535,	400
