time ,	 x ,	 y ,	r_stem,	h_stem,	r_crown,	r_root,	k_geo
362912400.0,	91.56299639301913,	2.577077724298222,	0.015,	0.05,	0.2,	0.2,	400
