time ,	 x ,	 y ,	r_stem,	h_stem,	r_crown,	r_root,	k_geo
2429935200.0,	99.34007592576774,	3.2920796558072025,	0.015,	0.05,	0.2,	0.2,	400
