time ,	 x ,	 y ,	r_stem,	h_stem,	r_crown,	r_root,	k_geo
3076866000.0,	0.450993833242197,	4.8303497155985875,	0.015,	0.05,	0.2,	0.2,	400
