time ,	 x ,	 y ,	r_stem,	h_stem,	r_crown,	r_root,	k_geo
2114359200.0,	53.46955382732068,	9.257356676728135,	0.015,	0.05,	0.2,	0.2,	400
