time ,	 x ,	 y ,	r_stem,	h_stem,	r_crown,	r_root,	k_geo
2919078000.0,	97.44478001078943,	9.783326111767584,	0.015,	0.05,	0.2,	0.2,	400
