time ,	 x ,	 y ,	r_stem,	h_stem,	r_crown,	r_root,	k_geo
3029529600.0,	97.74071211360213,	3.3953896991468464,	0.015,	0.05,	0.2,	0.2,	400
