time ,	 x ,	 y ,	r_stem,	h_stem,	r_crown,	r_root,	k_geo
1514764800.0,	25.99981006776112,	14.769199521817168,	0.015,	0.05,	0.2,	0.2,	400
