time ,	 x ,	 y ,	r_stem,	h_stem,	r_crown,	r_root,	k_geo
4402285200.0,	90.35385034762274,	6.139384426768095,	0.015,	0.05,	0.2,	0.2,	400
4418064000.0,	90.35385034762274,	6.139384426768095,	0.015000345908366361,	0.051387216355121244,	0.21864188280307337,	0.20175309923336643,	400
4433842800.0,	90.35385034762274,	6.139384426768095,	0.01500104575046386,	0.05351483354729619,	0.2434070586352309,	0.2053724310693404,	400
