time ,	 x ,	 y ,	r_stem,	h_stem,	r_crown,	r_root,	k_geo
489142800.0,	53.87494274524761,	1.9857341279329637,	0.015,	0.05,	0.2,	0.2,	400
