time ,	 x ,	 y ,	r_stem,	h_stem,	r_crown,	r_root,	k_geo
4560073200.0,	85.86334096136333,	4.596998807791332,	0.015,	0.05,	0.2,	0.2,	400
4575852000.0,	85.86334096136333,	4.596998807791332,	0.015011081698036798,	0.05658277724061006,	0.24744717380879286,	0.25615591427216683,	400
4591630800.0,	85.86334096136333,	4.596998807791332,	0.015031405607684796,	0.06671609726896657,	0.3139780651225451,	0.3223127395349045,	400
