time ,	 x ,	 y ,	r_stem,	h_stem,	r_crown,	r_root,	k_geo
1704110400.0,	87.16169619496448,	0.5719559299454563,	0.015,	0.05,	0.2,	0.2,	400
