time ,	 x ,	 y ,	r_stem,	h_stem,	r_crown,	r_root,	k_geo
1372755600.0,	25.951942297301102,	12.524265506220123,	0.015,	0.05,	0.2,	0.2,	400
