time ,	 x ,	 y ,	r_stem,	h_stem,	r_crown,	r_root,	k_geo
4418064000.0,	58.22473938079984,	5.4164589666490155,	0.015,	0.05,	0.2,	0.2,	400
