time ,	 x ,	 y ,	r_stem,	h_stem,	r_crown,	r_root,	k_geo
2035465200.0,	85.91189420231476,	13.849069373172345,	0.015,	0.05,	0.2,	0.2,	400
