time ,	 x ,	 y ,	r_stem,	h_stem,	r_crown,	r_root,	k_geo
457585200.0,	35.07603081431466,	5.9298643756569085,	0.015,	0.05,	0.2,	0.2,	400
