time ,	 x ,	 y ,	r_stem,	h_stem,	r_crown,	r_root,	k_geo
2224810800.0,	62.78836184508102,	6.054911539077464,	0.015,	0.05,	0.2,	0.2,	400
