time ,	 x ,	 y ,	r_stem,	h_stem,	r_crown,	r_root,	k_geo
1972350000.0,	21.722953505165556,	14.42482763467028,	0.015,	0.05,	0.2,	0.2,	400
