time ,	 x ,	 y ,	r_stem,	h_stem,	r_crown,	r_root,	k_geo
1325419200.0,	94.43982616945712,	11.499721619639107,	0.015,	0.05,	0.2,	0.2,	400
