time ,	 x ,	 y ,	r_stem,	h_stem,	r_crown,	r_root,	k_geo
2871741600.0,	76.89296349005379,	7.2733929078423145,	0.015,	0.05,	0.2,	0.2,	400
