time ,	 x ,	 y ,	r_stem,	h_stem,	r_crown,	r_root,	k_geo
3408220800.0,	12.711734070930902,	3.209745783819673,	0.015,	0.05,	0.2,	0.2,	400
