time ,	 x ,	 y ,	r_stem,	h_stem,	r_crown,	r_root,	k_geo
1988128800.0,	82.69978267950435,	12.50427953127514,	0.015,	0.05,	0.2,	0.2,	400
2003907600.0,	82.69978267950435,	12.50427953127514,	0.015000510281813413,	0.051387185953450834,	0.21792553049068886,	0.20258615566902877,	400
2019686400.0,	82.69978267950435,	12.50427953127514,	0.015001566029745993,	0.053465295436686607,	0.24073734434957506,	0.20800094253236387,	400
