time ,	 x ,	 y ,	r_stem,	h_stem,	r_crown,	r_root,	k_geo
4086709200.0,	63.82700346787793,	7.855287563388494,	0.015,	0.05,	0.2,	0.2,	400
