time ,	 x ,	 y ,	r_stem,	h_stem,	r_crown,	r_root,	k_geo
4307612400.0,	23.82456109810387,	5.992716667808797,	0.015,	0.05,	0.2,	0.2,	400
