time ,	 x ,	 y ,	r_stem,	h_stem,	r_crown,	r_root,	k_geo
3329326800.0,	3.3339272653262753,	1.4825826618780606,	0.015,	0.05,	0.2,	0.2,	400
