time ,	 x ,	 y ,	r_stem,	h_stem,	r_crown,	r_root,	k_geo
2051244000.0,	76.004572719648,	12.558693191210264,	0.015,	0.05,	0.2,	0.2,	400
