time ,	 x ,	 y ,	r_stem,	h_stem,	r_crown,	r_root,	k_geo
725824800.0,	19.921055499136287,	0.4656631564541974,	0.015,	0.05,	0.2,	0.2,	400
