time ,	 x ,	 y ,	r_stem,	h_stem,	r_crown,	r_root,	k_geo
4181382000.0,	61.95740667342531,	11.578618821817638,	0.015,	0.05,	0.2,	0.2,	400
