time ,	 x ,	 y ,	r_stem,	h_stem,	r_crown,	r_root,	k_geo
915170400.0,	95.95417656720531,	13.293951835023403,	0.015,	0.05,	0.2,	0.2,	400
