time ,	 x ,	 y ,	r_stem,	h_stem,	r_crown,	r_root,	k_geo
1167631200.0,	94.17989824416284,	6.447730652109055,	0.015,	0.05,	0.2,	0.2,	400
