time ,	 x ,	 y ,	r_stem,	h_stem,	r_crown,	r_root,	k_geo
773161200.0,	90.27562106059902,	14.234023464750686,	0.015,	0.05,	0.2,	0.2,	400
