time ,	 x ,	 y ,	r_stem,	h_stem,	r_crown,	r_root,	k_geo
4307612400.0,	59.763111664354604,	4.668868989135227,	0.015,	0.05,	0.2,	0.2,	400
