time ,	 x ,	 y ,	r_stem,	h_stem,	r_crown,	r_root,	k_geo
2366820000.0,	59.92391731865611,	9.48715381843581,	0.015,	0.05,	0.2,	0.2,	400
