time ,	 x ,	 y ,	r_stem,	h_stem,	r_crown,	r_root,	k_geo
252460800.0,	76.95701404027825,	1.7998785387580525,	0.015,	0.05,	0.2,	0.2,	400
