time ,	 x ,	 y ,	r_stem,	h_stem,	r_crown,	r_root,	k_geo
1136073600.0,	58.77043607116897,	3.4153444951856518,	0.015,	0.05,	0.2,	0.2,	400
1151852400.0,	58.77043607116897,	3.4153444951856518,	0.01500709098501503,	0.05254980918221248,	0.20616850744200504,	0.23593491886148926,	400
1167631200.0,	58.77043607116897,	3.4153444951856518,	0.015018227600165702,	0.05646716969805403,	0.22467623513124962,	0.2781086360959161,	400
1183410000.0,	58.77043607116897,	3.4153444951856518,	0.015035733094903999,	0.06205379780272036,	0.2593414554212038,	0.32370079739696256,	400
1199188800.0,	58.77043607116897,	3.4153444951856518,	0.01506855284936145,	0.06905907544952328,	0.2954872961454511,	0.37623685332244317,	400
1214967600.0,	58.77043607116897,	3.4153444951856518,	0.015089043615056011,	0.07400601426214645,	0.3365203966606543,	0.39301522598498606,	400
1230746400.0,	58.77043607116897,	3.4153444951856518,	0.015090657582329902,	0.07470423223650072,	0.3427187497732701,	0.3940007294791212,	400
