time ,	 x ,	 y ,	r_stem,	h_stem,	r_crown,	r_root,	k_geo
2193253200.0,	70.15144095556349,	11.201624052053408,	0.015,	0.05,	0.2,	0.2,	400
