time ,	 x ,	 y ,	r_stem,	h_stem,	r_crown,	r_root,	k_geo
4512736800.0,	17.90845958067098,	13.747118938978433,	0.015,	0.05,	0.2,	0.2,	400
