time ,	 x ,	 y ,	r_stem,	h_stem,	r_crown,	r_root,	k_geo
2114359200.0,	99.81907107399984,	0.5530114924799434,	0.015,	0.05,	0.2,	0.2,	400
2130138000.0,	99.81907107399984,	0.5530114924799434,	0.015006585587649324,	0.05664104769550264,	0.26783146623225573,	0.2333739248059424,	400
2145916800.0,	99.81907107399984,	0.5530114924799434,	0.015029996560567162,	0.06973758076194392,	0.3333895907159131,	0.3298611004594557,	400
2161695600.0,	99.81907107399984,	0.5530114924799434,	0.015032891638262892,	0.0749652278432078,	0.3796350269660049,	0.33385398458307486,	400
