time ,	 x ,	 y ,	r_stem,	h_stem,	r_crown,	r_root,	k_geo
3739575600.0,	52.31676698315877,	9.067362626589754,	0.015,	0.05,	0.2,	0.2,	400
