time ,	 x ,	 y ,	r_stem,	h_stem,	r_crown,	r_root,	k_geo
3203096400.0,	29.83032392902938,	1.076825026012997,	0.015,	0.05,	0.2,	0.2,	400
