time ,	 x ,	 y ,	r_stem,	h_stem,	r_crown,	r_root,	k_geo
852055200.0,	98.07397214819129,	13.688535309218272,	0.015,	0.05,	0.2,	0.2,	400
