time ,	 x ,	 y ,	r_stem,	h_stem,	r_crown,	r_root,	k_geo
3124202400.0,	62.76112827821753,	3.6670526488430295,	0.015,	0.05,	0.2,	0.2,	400
