time ,	 x ,	 y ,	r_stem,	h_stem,	r_crown,	r_root,	k_geo
2919078000.0,	50.77522021718318,	5.53701287939481,	0.015,	0.05,	0.2,	0.2,	400
