time ,	 x ,	 y ,	r_stem,	h_stem,	r_crown,	r_root,	k_geo
1577880000.0,	98.58069762896828,	3.7764841144391834,	0.015,	0.05,	0.2,	0.2,	400
