time ,	 x ,	 y ,	r_stem,	h_stem,	r_crown,	r_root,	k_geo
2209032000.0,	89.7184861199548,	6.663751331495902,	0.015,	0.05,	0.2,	0.2,	400
