time ,	 x ,	 y ,	r_stem,	h_stem,	r_crown,	r_root,	k_geo
1372755600.0,	72.74560004041788,	2.3054292183912017,	0.015,	0.05,	0.2,	0.2,	400
