time ,	 x ,	 y ,	r_stem,	h_stem,	r_crown,	r_root,	k_geo
1498986000.0,	94.53731131584702,	0.3489635681717307,	0.015,	0.05,	0.2,	0.2,	400
