time ,	 x ,	 y ,	r_stem,	h_stem,	r_crown,	r_root,	k_geo
3376663200.0,	79.01605060759994,	10.541838025200903,	0.015,	0.05,	0.2,	0.2,	400
