time ,	 x ,	 y ,	r_stem,	h_stem,	r_crown,	r_root,	k_geo
3203096400.0,	70.93917968956535,	2.3546702407787863,	0.015,	0.05,	0.2,	0.2,	400
