time ,	 x ,	 y ,	r_stem,	h_stem,	r_crown,	r_root,	k_geo
3045308400.0,	65.18244673255889,	7.671759865731861,	0.015,	0.05,	0.2,	0.2,	400
