time ,	 x ,	 y ,	r_stem,	h_stem,	r_crown,	r_root,	k_geo
4007815200.0,	89.44879719948314,	5.1862678383245076,	0.015,	0.05,	0.2,	0.2,	400
