time ,	 x ,	 y ,	r_stem,	h_stem,	r_crown,	r_root,	k_geo
1341198000.0,	21.30217445487417,	9.144892890425563,	0.015,	0.05,	0.2,	0.2,	400
1356976800.0,	21.30217445487417,	9.144892890425563,	0.015000205162759765,	0.05006450843175453,	0.20004295427764474,	0.20103978776550588,	400
1372755600.0,	21.30217445487417,	9.144892890425563,	0.01500032206674004,	0.05010102620986486,	0.20006712524364148,	0.20162734149029987,	400
1388534400.0,	21.30217445487417,	9.144892890425563,	0.015000453323844101,	0.050141900627923924,	0.20009444034788965,	0.20228392254472977,	400
