time ,	 x ,	 y ,	r_stem,	h_stem,	r_crown,	r_root,	k_geo
1798783200.0,	72.07868226586963,	10.210470839662706,	0.015,	0.05,	0.2,	0.2,	400
