time ,	 x ,	 y ,	r_stem,	h_stem,	r_crown,	r_root,	k_geo
142009200.0,	84.67220354628085,	11.119727940427506,	0.015,	0.05,	0.2,	0.2,	400
