time ,	 x ,	 y ,	r_stem,	h_stem,	r_crown,	r_root,	k_geo
2477271600.0,	70.38349671418692,	11.506146168111774,	0.015,	0.05,	0.2,	0.2,	400
