time ,	 x ,	 y ,	r_stem,	h_stem,	r_crown,	r_root,	k_geo
2114359200.0,	73.93532711031426,	5.675394267934282,	0.015,	0.05,	0.2,	0.2,	400
