time ,	 x ,	 y ,	r_stem,	h_stem,	r_crown,	r_root,	k_geo
3360884400.0,	97.70568060164531,	4.531918958550143,	0.015,	0.05,	0.2,	0.2,	400
