time ,	 x ,	 y ,	r_stem,	h_stem,	r_crown,	r_root,	k_geo
3802690800.0,	60.07170038424512,	7.275751405002376,	0.015,	0.05,	0.2,	0.2,	400
