time ,	 x ,	 y ,	r_stem,	h_stem,	r_crown,	r_root,	k_geo
2887520400.0,	85.57297886532608,	11.731584300287043,	0.015,	0.05,	0.2,	0.2,	400
2903299200.0,	85.57297886532608,	11.731584300287043,	0.015000456210641219,	0.05138719595406744,	0.2181611761189688,	0.20231211944924768,	400
2919078000.0,	85.57297886532608,	11.731584300287043,	0.015001424691473062,	0.05348154293666371,	0.2414907051292012,	0.20729290905042216,	400
2934856800.0,	85.57297886532608,	11.731584300287043,	0.015008844175161032,	0.05933668418137493,	0.28054348054914585,	0.24521000871023546,	400
