time ,	 x ,	 y ,	r_stem,	h_stem,	r_crown,	r_root,	k_geo
3281990400.0,	74.67198754553503,	6.787333993419774,	0.015,	0.05,	0.2,	0.2,	400
