time ,	 x ,	 y ,	r_stem,	h_stem,	r_crown,	r_root,	k_geo
4591630800.0,	59.39539940748867,	2.1094510469790704,	0.015,	0.05,	0.2,	0.2,	400
