time ,	 x ,	 y ,	r_stem,	h_stem,	r_crown,	r_root,	k_geo
4575852000.0,	20.77332196972892,	11.842236294725831,	0.015,	0.05,	0.2,	0.2,	400
