time ,	 x ,	 y ,	r_stem,	h_stem,	r_crown,	r_root,	k_geo
4370727600.0,	93.08466943400427,	4.254288331618722,	0.015,	0.05,	0.2,	0.2,	400
