time ,	 x ,	 y ,	r_stem,	h_stem,	r_crown,	r_root,	k_geo
3613345200.0,	40.225535625364394,	11.098957838030085,	0.015,	0.05,	0.2,	0.2,	400
