time ,	 x ,	 y ,	r_stem,	h_stem,	r_crown,	r_root,	k_geo
1199188800.0,	90.61430295919656,	7.0187371898122075,	0.015,	0.05,	0.2,	0.2,	400
