time ,	 x ,	 y ,	r_stem,	h_stem,	r_crown,	r_root,	k_geo
2287926000.0,	96.08598480700286,	7.2248464036698525,	0.015,	0.05,	0.2,	0.2,	400
