time ,	 x ,	 y ,	r_stem,	h_stem,	r_crown,	r_root,	k_geo
757382400.0,	57.62873755417206,	8.223699203224262,	0.015,	0.05,	0.2,	0.2,	400
