time ,	 x ,	 y ,	r_stem,	h_stem,	r_crown,	r_root,	k_geo
3850027200.0,	51.18539399506077,	11.131606384108453,	0.015,	0.05,	0.2,	0.2,	400
