time ,	 x ,	 y ,	r_stem,	h_stem,	r_crown,	r_root,	k_geo
4449621600.0,	87.01253348614163,	12.140954920780972,	0.015,	0.05,	0.2,	0.2,	400
