time ,	 x ,	 y ,	r_stem,	h_stem,	r_crown,	r_root,	k_geo
1057179600.0,	83.77380389085336,	6.099458317237608,	0.015,	0.05,	0.2,	0.2,	400
