time ,	 x ,	 y ,	r_stem,	h_stem,	r_crown,	r_root,	k_geo
3171538800.0,	84.08514366948283,	9.295433732225453,	0.015,	0.05,	0.2,	0.2,	400
