time ,	 x ,	 y ,	r_stem,	h_stem,	r_crown,	r_root,	k_geo
2145916800.0,	50.147886645799744,	14.059836388404358,	0.015,	0.05,	0.2,	0.2,	400
