time ,	 x ,	 y ,	r_stem,	h_stem,	r_crown,	r_root,	k_geo
3439778400.0,	81.24888352269379,	11.828760421355728,	0.015,	0.05,	0.2,	0.2,	400
