time ,	 x ,	 y ,	r_stem,	h_stem,	r_crown,	r_root,	k_geo
1467428400.0,	60.14756130541347,	5.461257125563033,	0.015,	0.05,	0.2,	0.2,	400
