time ,	 x ,	 y ,	r_stem,	h_stem,	r_crown,	r_root,	k_geo
3566008800.0,	66.1442162953681,	10.458441357743247,	0.015,	0.05,	0.2,	0.2,	400
