time ,	 x ,	 y ,	r_stem,	h_stem,	r_crown,	r_root,	k_geo
4102488000.0,	21.881624403133515,	13.748205825829116,	0.015,	0.05,	0.2,	0.2,	400
