time ,	 x ,	 y ,	r_stem,	h_stem,	r_crown,	r_root,	k_geo
3313548000.0,	56.52128116287079,	5.445393249801925,	0.015,	0.05,	0.2,	0.2,	400
