time ,	 x ,	 y ,	r_stem,	h_stem,	r_crown,	r_root,	k_geo
1199188800.0,	89.07372443686576,	1.709249000968804,	0.015,	0.05,	0.2,	0.2,	400
