time ,	 x ,	 y ,	r_stem,	h_stem,	r_crown,	r_root,	k_geo
4339170000.0,	8.330190542448435,	7.470915361347624,	0.015,	0.05,	0.2,	0.2,	400
4354948800.0,	8.330190542448435,	7.470915361347624,	0.015000930469900921,	0.05042138450558833,	0.20206644272928515,	0.20471568406369672,	400
4370727600.0,	8.330190542448435,	7.470915361347624,	0.015002026217006477,	0.050920677672087876,	0.20463506369156415,	0.21008087483206614,	400
4386506400.0,	8.330190542448435,	7.470915361347624,	0.015003534060359928,	0.05163541380536526,	0.20870418902129323,	0.21717707145058815,	400
4402285200.0,	8.330190542448435,	7.470915361347624,	0.01500518875588533,	0.0524088668297439,	0.2131737192476632,	0.2245642403749296,	400
4418064000.0,	8.330190542448435,	7.470915361347624,	0.015007068164523862,	0.05327888686406321,	0.21831541480585945,	0.23249290113200155,	400
