time ,	 x ,	 y ,	r_stem,	h_stem,	r_crown,	r_root,	k_geo
4575852000.0,	92.81358443052959,	13.52064140590063,	0.015,	0.05,	0.2,	0.2,	400
