time ,	 x ,	 y ,	r_stem,	h_stem,	r_crown,	r_root,	k_geo
883612800.0,	82.4902524261255,	5.711455378922957,	0.015,	0.05,	0.2,	0.2,	400
