time ,	 x ,	 y ,	r_stem,	h_stem,	r_crown,	r_root,	k_geo
2098580400.0,	28.875463366310328,	0.20524478077873887,	0.015,	0.05,	0.2,	0.2,	400
