time ,	 x ,	 y ,	r_stem,	h_stem,	r_crown,	r_root,	k_geo
4086709200.0,	40.63310974756271,	0.31142182037571464,	0.015,	0.05,	0.2,	0.2,	400
