time ,	 x ,	 y ,	r_stem,	h_stem,	r_crown,	r_root,	k_geo
1688331600.0,	64.31820088747571,	9.792045617968817,	0.015,	0.05,	0.2,	0.2,	400
