time ,	 x ,	 y ,	r_stem,	h_stem,	r_crown,	r_root,	k_geo
4402285200.0,	20.491584148450904,	11.41769393662184,	0.015,	0.05,	0.2,	0.2,	400
