time ,	 x ,	 y ,	r_stem,	h_stem,	r_crown,	r_root,	k_geo
3708018000.0,	82.39753189033894,	4.8969522415124676,	0.015,	0.05,	0.2,	0.2,	400
3723796800.0,	82.39753189033894,	4.8969522415124676,	0.015011087100722869,	0.05633753237640382,	0.24385755801647957,	0.25618328843327826,	400
3739575600.0,	82.39753189033894,	4.8969522415124676,	0.015030536787016298,	0.06601762125990776,	0.3091068613622323,	0.3193593008268761,	400
