time ,	 x ,	 y ,	r_stem,	h_stem,	r_crown,	r_root,	k_geo
4276054800.0,	51.38477984155748,	9.751304260651166,	0.015,	0.05,	0.2,	0.2,	400
4291833600.0,	51.38477984155748,	9.751304260651166,	0.015002131704055066,	0.05138688611704682,	0.21085961509351073,	0.21080346306940845,	400
4307612400.0,	51.38477984155748,	9.751304260651166,	0.0150045620419541,	0.05299635256601692,	0.22334979538414693,	0.2222932486355793,	400
