time ,	 x ,	 y ,	r_stem,	h_stem,	r_crown,	r_root,	k_geo
3423999600.0,	81.7320023973805,	14.273834073083048,	0.015,	0.05,	0.2,	0.2,	400
