time ,	 x ,	 y ,	r_stem,	h_stem,	r_crown,	r_root,	k_geo
4007815200.0,	64.87156674791792,	10.104286284322297,	0.015,	0.05,	0.2,	0.2,	400
