time ,	 x ,	 y ,	r_stem,	h_stem,	r_crown,	r_root,	k_geo
4591630800.0,	95.15959065221851,	4.9750684384442785,	0.015,	0.05,	0.2,	0.2,	400
