time ,	 x ,	 y ,	r_stem,	h_stem,	r_crown,	r_root,	k_geo
1136073600.0,	0.8144105139205715,	1.4328865948009257,	0.015,	0.05,	0.2,	0.2,	400
