time ,	 x ,	 y ,	r_stem,	h_stem,	r_crown,	r_root,	k_geo
1625216400.0,	65.7325764532213,	2.1868552044833307,	0.015,	0.05,	0.2,	0.2,	400
