time ,	 x ,	 y ,	r_stem,	h_stem,	r_crown,	r_root,	k_geo
2051244000.0,	57.26584920391331,	13.06750343752546,	0.015,	0.05,	0.2,	0.2,	400
