time ,	 x ,	 y ,	r_stem,	h_stem,	r_crown,	r_root,	k_geo
978285600.0,	53.554167912953254,	11.428182429569803,	0.015,	0.05,	0.2,	0.2,	400
