time ,	 x ,	 y ,	r_stem,	h_stem,	r_crown,	r_root,	k_geo
3329326800.0,	71.55808287419548,	3.7911210391986945,	0.015,	0.05,	0.2,	0.2,	400
