time ,	 x ,	 y ,	r_stem,	h_stem,	r_crown,	r_root,	k_geo
836276400.0,	43.79583045360715,	5.2479987004748345,	0.015,	0.05,	0.2,	0.2,	400
