time ,	 x ,	 y ,	r_stem,	h_stem,	r_crown,	r_root,	k_geo
788940000.0,	3.244815570949555,	9.847108884443983,	0.015,	0.05,	0.2,	0.2,	400
