time ,	 x ,	 y ,	r_stem,	h_stem,	r_crown,	r_root,	k_geo
1325419200.0,	4.544970381629321,	10.778558679509612,	0.015,	0.05,	0.2,	0.2,	400
