time ,	 x ,	 y ,	r_stem,	h_stem,	r_crown,	r_root,	k_geo
2682396000.0,	84.78319754653808,	9.470198928469198,	0.015,	0.05,	0.2,	0.2,	400
