time ,	 x ,	 y ,	r_stem,	h_stem,	r_crown,	r_root,	k_geo
1278082800.0,	64.534011371047,	10.408734803239707,	0.015,	0.05,	0.2,	0.2,	400
