time ,	 x ,	 y ,	r_stem,	h_stem,	r_crown,	r_root,	k_geo
3155760000.0,	92.51062146602503,	12.888763469137066,	0.015,	0.05,	0.2,	0.2,	400
