time ,	 x ,	 y ,	r_stem,	h_stem,	r_crown,	r_root,	k_geo
1514764800.0,	45.61670597629474,	8.571972635451345,	0.015,	0.05,	0.2,	0.2,	400
1530543600.0,	45.61670597629474,	8.571972635451345,	0.015001728316910748,	0.050891165951369055,	0.20541504157761578,	0.20875914211069901,	400
1546322400.0,	45.61670597629474,	8.571972635451345,	0.015003930861082737,	0.052084241326425806,	0.2133427570719587,	0.21925332660796387,	400
1562101200.0,	45.61670597629474,	8.571972635451345,	0.015006613178126809,	0.05355963456816872,	0.22347769233274534,	0.23110151109473318,	400
1577880000.0,	45.61670597629474,	8.571972635451345,	0.015009659242215792,	0.0551277251652907,	0.2336666105728278,	0.24339454481290537,	400
