time ,	 x ,	 y ,	r_stem,	h_stem,	r_crown,	r_root,	k_geo
2493050400.0,	74.4535879622839,	14.498677958396984,	0.015,	0.05,	0.2,	0.2,	400
