time ,	 x ,	 y ,	r_stem,	h_stem,	r_crown,	r_root,	k_geo
3566008800.0,	21.768121488993597,	13.70349381567493,	0.015,	0.05,	0.2,	0.2,	400
