time ,	 x ,	 y ,	r_stem,	h_stem,	r_crown,	r_root,	k_geo
1877677200.0,	52.339348235366586,	11.593366752336788,	0.015,	0.05,	0.2,	0.2,	400
