time ,	 x ,	 y ,	r_stem,	h_stem,	r_crown,	r_root,	k_geo
1120294800.0,	94.55626261672663,	7.578441116849449,	0.015,	0.05,	0.2,	0.2,	400
