time ,	 x ,	 y ,	r_stem,	h_stem,	r_crown,	r_root,	k_geo
3139981200.0,	74.52376883305595,	13.008442307078127,	0.015,	0.05,	0.2,	0.2,	400
