time ,	 x ,	 y ,	r_stem,	h_stem,	r_crown,	r_root,	k_geo
2461492800.0,	88.51648471762249,	3.76553607321299,	0.015,	0.05,	0.2,	0.2,	400
