time ,	 x ,	 y ,	r_stem,	h_stem,	r_crown,	r_root,	k_geo
4575852000.0,	40.93015058138415,	1.0280150229306946,	0.015,	0.05,	0.2,	0.2,	400
