time ,	 x ,	 y ,	r_stem,	h_stem,	r_crown,	r_root,	k_geo
520700400.0,	85.5956388108441,	4.195885429745515,	0.015,	0.05,	0.2,	0.2,	400
536479200.0,	85.5956388108441,	4.195885429745515,	0.015009892845162591,	0.056638121460732826,	0.25341737450624857,	0.25013218481253674,	400
552258000.0,	85.5956388108441,	4.195885429745515,	0.015010982858757174,	0.059335928526962095,	0.2823665202769384,	0.25390898635952597,	400
568036800.0,	85.5956388108441,	4.195885429745515,	0.015013509200319785,	0.06354706359090367,	0.31944648651382745,	0.2624463573848854,	400
583815600.0,	85.5956388108441,	4.195885429745515,	0.01502028655900394,	0.0699660690260264,	0.3616244185814638,	0.2834570559360912,	400
599594400.0,	85.5956388108441,	4.195885429745515,	0.015034733102599255,	0.07895807377697409,	0.40806354755959356,	0.31807763747846884,	400
615373200.0,	85.5956388108441,	4.195885429745515,	0.015038693923483329,	0.08262509135243644,	0.4300407219057536,	0.3239172370070249,	400
