time ,	 x ,	 y ,	r_stem,	h_stem,	r_crown,	r_root,	k_geo
3029529600.0,	71.58886614051244,	12.773468018521669,	0.015,	0.05,	0.2,	0.2,	400
