time ,	 x ,	 y ,	r_stem,	h_stem,	r_crown,	r_root,	k_geo
4260276000.0,	54.008588250443154,	11.247857815095992,	0.015,	0.05,	0.2,	0.2,	400
