time ,	 x ,	 y ,	r_stem,	h_stem,	r_crown,	r_root,	k_geo
2067022800.0,	99.08617721075271,	1.2726240917001885,	0.015,	0.05,	0.2,	0.2,	400
2082801600.0,	99.08617721075271,	1.2726240917001885,	0.015006517432829797,	0.05664110801868382,	0.2681285361922776,	0.23302856231007973,	400
2098580400.0,	99.08617721075271,	1.2726240917001885,	0.015006587740288296,	0.05720717889878701,	0.2739728801359772,	0.23331944891989803,	400
2114359200.0,	99.08617721075271,	1.2726240917001885,	0.015006687299964386,	0.05793045711436552,	0.2812050066995176,	0.233732026852418,	400
