time ,	 x ,	 y ,	r_stem,	h_stem,	r_crown,	r_root,	k_geo
3392442000.0,	52.55321661060234,	7.758028661457874,	0.015,	0.05,	0.2,	0.2,	400
