time ,	 x ,	 y ,	r_stem,	h_stem,	r_crown,	r_root,	k_geo
489142800.0,	80.30587864536095,	4.32868973966197,	0.015,	0.05,	0.2,	0.2,	400
504921600.0,	80.30587864536095,	4.32868973966197,	0.015000523976073432,	0.05138718342067578,	0.2178658501476277,	0.2026555590133435,	400
