time ,	 x ,	 y ,	r_stem,	h_stem,	r_crown,	r_root,	k_geo
252460800.0,	30.82909220367924,	1.2097417809865334,	0.015,	0.05,	0.2,	0.2,	400
268239600.0,	30.82909220367924,	1.2097417809865334,	0.015002231290536988,	0.05138686770449897,	0.21042565397259974,	0.2113081531667771,	400
284018400.0,	30.82909220367924,	1.2097417809865334,	0.015004889022511597,	0.05296864362288638,	0.2216984463128968,	0.22381058129794057,	400
299797200.0,	30.82909220367924,	1.2097417809865334,	0.015007932399812098,	0.05460431872441538,	0.23223699441015067,	0.236883810118326,	400
315576000.0,	30.82909220367924,	1.2097417809865334,	0.01501165030602985,	0.05655342213719377,	0.24484435173075234,	0.25125709428763165,	400
331354800.0,	30.82909220367924,	1.2097417809865334,	0.015016056661817863,	0.05864782136675518,	0.2575499346547551,	0.26628648044771386,	400
