time ,	 x ,	 y ,	r_stem,	h_stem,	r_crown,	r_root,	k_geo
362912400.0,	54.77662327545577,	8.100972076629795,	0.015,	0.05,	0.2,	0.2,	400
