time ,	 x ,	 y ,	r_stem,	h_stem,	r_crown,	r_root,	k_geo
1309640400.0,	7.8564659588087,	5.876783813958274,	0.015,	0.05,	0.2,	0.2,	400
