time ,	 x ,	 y ,	r_stem,	h_stem,	r_crown,	r_root,	k_geo
2398377600.0,	93.36054355003425,	13.22342550861493,	0.015,	0.05,	0.2,	0.2,	400
