time ,	 x ,	 y ,	r_stem,	h_stem,	r_crown,	r_root,	k_geo
1088737200.0,	38.34883271475914,	9.564933031659738,	0.015,	0.05,	0.2,	0.2,	400
