time ,	 x ,	 y ,	r_stem,	h_stem,	r_crown,	r_root,	k_geo
4465400400.0,	29.076966046204888,	4.022916345855848,	0.015,	0.05,	0.2,	0.2,	400
