time ,	 x ,	 y ,	r_stem,	h_stem,	r_crown,	r_root,	k_geo
1530543600.0,	23.194923788954412,	10.175274915174507,	0.015,	0.05,	0.2,	0.2,	400
