time ,	 x ,	 y ,	r_stem,	h_stem,	r_crown,	r_root,	k_geo
4102488000.0,	29.29850575863012,	7.437146615311522,	0.015,	0.05,	0.2,	0.2,	400
4118266800.0,	29.29850575863012,	7.437146615311522,	0.015000111267318391,	0.05003495416994074,	0.20002283727256215,	0.2005639158271137,	400
4134045600.0,	29.29850575863012,	7.437146615311522,	0.01500031969111418,	0.05010028758579714,	0.2000666480193243,	0.2016154561811786,	400
