time ,	 x ,	 y ,	r_stem,	h_stem,	r_crown,	r_root,	k_geo
4449621600.0,	72.03109800611306,	6.798958694350655,	0.015,	0.05,	0.2,	0.2,	400
