time ,	 x ,	 y ,	r_stem,	h_stem,	r_crown,	r_root,	k_geo
2414156400.0,	76.4869505134615,	6.689536217140407,	0.015,	0.05,	0.2,	0.2,	400
