time ,	 x ,	 y ,	r_stem,	h_stem,	r_crown,	r_root,	k_geo
4276054800.0,	22.078293564295027,	4.622295260753263,	0.015,	0.05,	0.2,	0.2,	400
