time ,	 x ,	 y ,	r_stem,	h_stem,	r_crown,	r_root,	k_geo
2587723200.0,	84.52167594162012,	13.054765361523664,	0.015,	0.05,	0.2,	0.2,	400
2603502000.0,	84.52167594162012,	13.054765361523664,	0.015000559838804488,	0.05138717678783981,	0.21770955860754693,	0.20283731341122427,	400
