time ,	 x ,	 y ,	r_stem,	h_stem,	r_crown,	r_root,	k_geo
4244497200.0,	92.72388996613527,	12.69558440110385,	0.015,	0.05,	0.2,	0.2,	400
