time ,	 x ,	 y ,	r_stem,	h_stem,	r_crown,	r_root,	k_geo
3960478800.0,	35.566700039857714,	5.605445710169892,	0.015,	0.05,	0.2,	0.2,	400
