time ,	 x ,	 y ,	r_stem,	h_stem,	r_crown,	r_root,	k_geo
1767225600.0,	91.5793953742115,	4.494722115624483,	0.015,	0.05,	0.2,	0.2,	400
