time ,	 x ,	 y ,	r_stem,	h_stem,	r_crown,	r_root,	k_geo
63115200.0,	59.83417032206123,	13.079172958326382,	0.015,	0.05,	0.2,	0.2,	400
78894000.0,	59.83417032206123,	13.079172958326382,	0.015000497199157676,	0.05138718837311519,	0.21798254547312138,	0.2025198519510726,	400
94672800.0,	59.83417032206123,	13.079172958326382,	0.015001613035330968,	0.05346920044679903,	0.24058086099079376,	0.2082465999323178,	400
