time ,	 x ,	 y ,	r_stem,	h_stem,	r_crown,	r_root,	k_geo
899391600.0,	95.59430358180428,	0.5143731882869229,	0.015,	0.05,	0.2,	0.2,	400
