time ,	 x ,	 y ,	r_stem,	h_stem,	r_crown,	r_root,	k_geo
1498986000.0,	81.95842523463168,	14.080739151966181,	0.015,	0.05,	0.2,	0.2,	400
1514764800.0,	81.95842523463168,	14.080739151966181,	0.01501101499728389,	0.0558155253407558,	0.23658033661341368,	0.2558179566856141,	400
1530543600.0,	81.95842523463168,	14.080739151966181,	0.015028788713015913,	0.06462353576212927,	0.2990139285183272,	0.31351702350225846,	400
