time ,	 x ,	 y ,	r_stem,	h_stem,	r_crown,	r_root,	k_geo
1467428400.0,	69.08560517716454,	5.165680393072448,	0.015,	0.05,	0.2,	0.2,	400
