time ,	 x ,	 y ,	r_stem,	h_stem,	r_crown,	r_root,	k_geo
457585200.0,	35.28559181301091,	9.758136895036676,	0.015,	0.05,	0.2,	0.2,	400
