time ,	 x ,	 y ,	r_stem,	h_stem,	r_crown,	r_root,	k_geo
3613345200.0,	91.7467917511348,	10.407921113452172,	0.015,	0.05,	0.2,	0.2,	400
