time ,	 x ,	 y ,	r_stem,	h_stem,	r_crown,	r_root,	k_geo
1909234800.0,	72.29167757976435,	5.650533889910117,	0.015,	0.05,	0.2,	0.2,	400
