time ,	 x ,	 y ,	r_stem,	h_stem,	r_crown,	r_root,	k_geo
804718800.0,	20.14435460476387,	6.068251385364355,	0.015,	0.05,	0.2,	0.2,	400
