time ,	 x ,	 y ,	r_stem,	h_stem,	r_crown,	r_root,	k_geo
1372755600.0,	22.77433147817982,	6.1188771433446,	0.015,	0.05,	0.2,	0.2,	400
