time ,	 x ,	 y ,	r_stem,	h_stem,	r_crown,	r_root,	k_geo
3534451200.0,	99.94540105074147,	10.85803773646424,	0.015,	0.05,	0.2,	0.2,	400
