time ,	 x ,	 y ,	r_stem,	h_stem,	r_crown,	r_root,	k_geo
4560073200.0,	34.657688254687315,	4.728083027037677,	0.015,	0.05,	0.2,	0.2,	400
4575852000.0,	34.657688254687315,	4.728083027037677,	0.015000786421040803,	0.05034965934376986,	0.2016521768958778,	0.20398564167221145,	400
4591630800.0,	34.657688254687315,	4.728083027037677,	0.015001723141430685,	0.05076870918872385,	0.20372583129684055,	0.2085960919317412,	400
