time ,	 x ,	 y ,	r_stem,	h_stem,	r_crown,	r_root,	k_geo
1972350000.0,	87.33326784975678,	9.61809895670941,	0.015,	0.05,	0.2,	0.2,	400
