time ,	 x ,	 y ,	r_stem,	h_stem,	r_crown,	r_root,	k_geo
3266211600.0,	56.50516011547444,	12.064176615587291,	0.015,	0.05,	0.2,	0.2,	400
