time ,	 x ,	 y ,	r_stem,	h_stem,	r_crown,	r_root,	k_geo
4244497200.0,	99.13776181800243,	8.793625996237978,	0.015,	0.05,	0.2,	0.2,	400
4260276000.0,	99.13776181800243,	8.793625996237978,	0.015006580967597095,	0.056641051784640864,	0.2678516038569876,	0.23335051352620467,	400
4276054800.0,	99.13776181800243,	8.793625996237978,	0.015012149730704777,	0.0639032680834294,	0.3279623427797481,	0.2563118010714185,	400
