time ,	 x ,	 y ,	r_stem,	h_stem,	r_crown,	r_root,	k_geo
3455557200.0,	70.06438412956129,	4.707512631445972,	0.015,	0.05,	0.2,	0.2,	400
