time ,	 x ,	 y ,	r_stem,	h_stem,	r_crown,	r_root,	k_geo
457585200.0,	73.10296186621856,	13.71948827362323,	0.015,	0.05,	0.2,	0.2,	400
473364000.0,	73.10296186621856,	13.71948827362323,	0.015010702704239104,	0.05510196796598465,	0.22756204418127726,	0.25423563142029965,	400
489142800.0,	73.10296186621856,	13.71948827362323,	0.015026856280177416,	0.06292376390442458,	0.28525654190643807,	0.30716008843511805,	400
