time ,	 x ,	 y ,	r_stem,	h_stem,	r_crown,	r_root,	k_geo
3865806000.0,	56.34000605395405,	1.1696673311596195,	0.015,	0.05,	0.2,	0.2,	400
