time ,	 x ,	 y ,	r_stem,	h_stem,	r_crown,	r_root,	k_geo
552258000.0,	69.64714953722186,	10.304963511398984,	0.015,	0.05,	0.2,	0.2,	400
