time ,	 x ,	 y ,	r_stem,	h_stem,	r_crown,	r_root,	k_geo
788940000.0,	63.50527533154132,	9.330048789171661,	0.015,	0.05,	0.2,	0.2,	400
