time ,	 x ,	 y ,	r_stem,	h_stem,	r_crown,	r_root,	k_geo
1262304000.0,	16.11880648990859,	14.295538572179536,	0.015,	0.05,	0.2,	0.2,	400
