time ,	 x ,	 y ,	r_stem,	h_stem,	r_crown,	r_root,	k_geo
3960478800.0,	9.569820410090468,	3.6146649920825977,	0.015,	0.05,	0.2,	0.2,	400
