time ,	 x ,	 y ,	r_stem,	h_stem,	r_crown,	r_root,	k_geo
1451649600.0,	1.903411931640353,	1.9588260534201274,	0.015,	0.05,	0.2,	0.2,	400
