time ,	 x ,	 y ,	r_stem,	h_stem,	r_crown,	r_root,	k_geo
2114359200.0,	94.54772270615395,	14.497100987056916,	0.015,	0.05,	0.2,	0.2,	400
