time ,	 x ,	 y ,	r_stem,	h_stem,	r_crown,	r_root,	k_geo
1214967600.0,	83.94660316354022,	12.586681517167687,	0.015,	0.05,	0.2,	0.2,	400
