time ,	 x ,	 y ,	r_stem,	h_stem,	r_crown,	r_root,	k_geo
1088737200.0,	52.98581303666916,	2.984076185060325,	0.015,	0.05,	0.2,	0.2,	400
