time ,	 x ,	 y ,	r_stem,	h_stem,	r_crown,	r_root,	k_geo
3708018000.0,	71.91211803787543,	3.0261980849642445,	0.015,	0.05,	0.2,	0.2,	400
