time ,	 x ,	 y ,	r_stem,	h_stem,	r_crown,	r_root,	k_geo
4291833600.0,	83.2887523447281,	5.479734329543362,	0.015,	0.05,	0.2,	0.2,	400
