time ,	 x ,	 y ,	r_stem,	h_stem,	r_crown,	r_root,	k_geo
4339170000.0,	23.682062840105324,	1.9955161241310355,	0.015,	0.05,	0.2,	0.2,	400
