time ,	 x ,	 y ,	r_stem,	h_stem,	r_crown,	r_root,	k_geo
3976257600.0,	33.6105034347445,	13.581129103648042,	0.015,	0.05,	0.2,	0.2,	400
