time ,	 x ,	 y ,	r_stem,	h_stem,	r_crown,	r_root,	k_geo
1830340800.0,	45.36537993627503,	6.633891769905817,	0.015,	0.05,	0.2,	0.2,	400
