time ,	 x ,	 y ,	r_stem,	h_stem,	r_crown,	r_root,	k_geo
2351041200.0,	28.88931379036227,	10.02249721653522,	0.015,	0.05,	0.2,	0.2,	400
