time ,	 x ,	 y ,	r_stem,	h_stem,	r_crown,	r_root,	k_geo
1072958400.0,	46.92889941306164,	13.511630633047446,	0.015,	0.05,	0.2,	0.2,	400
