time ,	 x ,	 y ,	r_stem,	h_stem,	r_crown,	r_root,	k_geo
3329326800.0,	75.09660204129216,	7.592394309227732,	0.015,	0.05,	0.2,	0.2,	400
