time ,	 x ,	 y ,	r_stem,	h_stem,	r_crown,	r_root,	k_geo
583815600.0,	41.036841201363174,	6.966914167802031,	0.015,	0.05,	0.2,	0.2,	400
599594400.0,	41.036841201363174,	6.966914167802031,	0.015001965409372186,	0.05106810547403517,	0.20695278342727022,	0.20996070261417787,	400
615373200.0,	41.036841201363174,	6.966914167802031,	0.015004067801287484,	0.05216371458317846,	0.2138640437625896,	0.2199046059043714,	400
631152000.0,	41.036841201363174,	6.966914167802031,	0.015006257805290591,	0.05323970172908555,	0.22034605141046656,	0.22953167506148844,	400
646930800.0,	41.036841201363174,	6.966914167802031,	0.015009180378091408,	0.054765608615704515,	0.23056079704449076,	0.2414475285178908,	400
662709600.0,	41.036841201363174,	6.966914167802031,	0.0150126584580089,	0.05650067175054993,	0.241885011455884,	0.25432013329490694,	400
678488400.0,	41.036841201363174,	6.966914167802031,	0.015016564092518548,	0.05823852532813088,	0.2522748921742824,	0.26723084779934353,	400
