time ,	 x ,	 y ,	r_stem,	h_stem,	r_crown,	r_root,	k_geo
3250432800.0,	77.93764431399944,	5.1234900888795725,	0.015,	0.05,	0.2,	0.2,	400
