time ,	 x ,	 y ,	r_stem,	h_stem,	r_crown,	r_root,	k_geo
2855962800.0,	56.93894677118404,	11.0687729453614,	0.015,	0.05,	0.2,	0.2,	400
