time ,	 x ,	 y ,	r_stem,	h_stem,	r_crown,	r_root,	k_geo
4307612400.0,	46.85008558011327,	2.558058000133344,	0.015,	0.05,	0.2,	0.2,	400
