time ,	 x ,	 y ,	r_stem,	h_stem,	r_crown,	r_root,	k_geo
4102488000.0,	15.661233743486068,	14.179049445141773,	0.015,	0.05,	0.2,	0.2,	400
