time ,	 x ,	 y ,	r_stem,	h_stem,	r_crown,	r_root,	k_geo
3960478800.0,	40.7911442291187,	5.031531528539621,	0.015,	0.05,	0.2,	0.2,	400
3976257600.0,	40.7911442291187,	5.031531528539621,	0.015001530941118764,	0.050760189988843844,	0.20437212885505213,	0.20775885641077635,	400
3992036400.0,	40.7911442291187,	5.031531528539621,	0.01500337307305735,	0.05169219147928031,	0.2100660114953609,	0.21659256179706646,	400
4007815200.0,	40.7911442291187,	5.031531528539621,	0.015005439463172211,	0.052721497699284754,	0.21641724528063763,	0.22588322720939225,	400
