time ,	 x ,	 y ,	r_stem,	h_stem,	r_crown,	r_root,	k_geo
4181382000.0,	88.34471212845433,	2.86742209592477,	0.015,	0.05,	0.2,	0.2,	400
