time ,	 x ,	 y ,	r_stem,	h_stem,	r_crown,	r_root,	k_geo
1104516000.0,	22.358034431641293,	3.417592744828362,	0.015,	0.05,	0.2,	0.2,	400
