time ,	 x ,	 y ,	r_stem,	h_stem,	r_crown,	r_root,	k_geo
1356976800.0,	71.74187648983498,	13.234180526594887,	0.015,	0.05,	0.2,	0.2,	400
