time ,	 x ,	 y ,	r_stem,	h_stem,	r_crown,	r_root,	k_geo
1057179600.0,	19.17576201603857,	13.502113796743597,	0.015,	0.05,	0.2,	0.2,	400
