time ,	 x ,	 y ,	r_stem,	h_stem,	r_crown,	r_root,	k_geo
725824800.0,	1.015875461614335,	4.103400074743041,	0.015,	0.05,	0.2,	0.2,	400
