time ,	 x ,	 y ,	r_stem,	h_stem,	r_crown,	r_root,	k_geo
4118266800.0,	25.120199062689597,	14.338756293605734,	0.015,	0.05,	0.2,	0.2,	400
