time ,	 x ,	 y ,	r_stem,	h_stem,	r_crown,	r_root,	k_geo
1183410000.0,	86.5168470039324,	1.5418603200858183,	0.015,	0.05,	0.2,	0.2,	400
