time ,	 x ,	 y ,	r_stem,	h_stem,	r_crown,	r_root,	k_geo
1293861600.0,	86.42223201679535,	4.97855406595812,	0.015,	0.05,	0.2,	0.2,	400
