time ,	 x ,	 y ,	r_stem,	h_stem,	r_crown,	r_root,	k_geo
3171538800.0,	65.04766236833757,	9.08859720063052,	0.015,	0.05,	0.2,	0.2,	400
