time ,	 x ,	 y ,	r_stem,	h_stem,	r_crown,	r_root,	k_geo
1057179600.0,	54.14802547113715,	14.4334462450617,	0.015,	0.05,	0.2,	0.2,	400
