time ,	 x ,	 y ,	r_stem,	h_stem,	r_crown,	r_root,	k_geo
4591630800.0,	93.74631108959171,	1.6098682783079854,	0.015,	0.05,	0.2,	0.2,	400
