time ,	 x ,	 y ,	r_stem,	h_stem,	r_crown,	r_root,	k_geo
1940792400.0,	84.74917192730562,	13.346631574697298,	0.015,	0.05,	0.2,	0.2,	400
