time ,	 x ,	 y ,	r_stem,	h_stem,	r_crown,	r_root,	k_geo
4591630800.0,	54.36381875962613,	5.134117140801748,	0.015,	0.05,	0.2,	0.2,	400
