time ,	 x ,	 y ,	r_stem,	h_stem,	r_crown,	r_root,	k_geo
4323391200.0,	5.035538200642831,	7.374915453078005,	0.015,	0.05,	0.2,	0.2,	400
