time ,	 x ,	 y ,	r_stem,	h_stem,	r_crown,	r_root,	k_geo
3581787600.0,	26.043031992714983,	13.021816359274176,	0.015,	0.05,	0.2,	0.2,	400
3597566400.0,	26.043031992714983,	13.021816359274176,	0.015000077321346299,	0.05002428245676664,	0.20001575617225661,	0.2003918738173214,	400
