time ,	 x ,	 y ,	r_stem,	h_stem,	r_crown,	r_root,	k_geo
3471336000.0,	14.660302445185302,	10.87125214713233,	0.015,	0.05,	0.2,	0.2,	400
