time ,	 x ,	 y ,	r_stem,	h_stem,	r_crown,	r_root,	k_geo
2035465200.0,	62.8333485236088,	10.18956363578479,	0.015,	0.05,	0.2,	0.2,	400
