time ,	 x ,	 y ,	r_stem,	h_stem,	r_crown,	r_root,	k_geo
1609437600.0,	11.94945289967626,	4.245879303659991,	0.015,	0.05,	0.2,	0.2,	400
