time ,	 x ,	 y ,	r_stem,	h_stem,	r_crown,	r_root,	k_geo
4023594000.0,	64.02187019542649,	3.2792457985925747,	0.015,	0.05,	0.2,	0.2,	400
