time ,	 x ,	 y ,	r_stem,	h_stem,	r_crown,	r_root,	k_geo
4055151600.0,	22.070182754569945,	6.322687397054672,	0.015,	0.05,	0.2,	0.2,	400
