time ,	 x ,	 y ,	r_stem,	h_stem,	r_crown,	r_root,	k_geo
3108423600.0,	15.491956991988086,	2.060328795020233,	0.015,	0.05,	0.2,	0.2,	400
