time ,	 x ,	 y ,	r_stem,	h_stem,	r_crown,	r_root,	k_geo
3345105600.0,	71.57517008261136,	7.199932387272902,	0.015,	0.05,	0.2,	0.2,	400
