time ,	 x ,	 y ,	r_stem,	h_stem,	r_crown,	r_root,	k_geo
2351041200.0,	41.83607553184328,	9.707177467926941,	0.015,	0.05,	0.2,	0.2,	400
