time ,	 x ,	 y ,	r_stem,	h_stem,	r_crown,	r_root,	k_geo
1451649600.0,	99.27762121051457,	13.633117861811916,	0.015,	0.05,	0.2,	0.2,	400
