time ,	 x ,	 y ,	r_stem,	h_stem,	r_crown,	r_root,	k_geo
4007815200.0,	14.836835282807215,	3.7441555554926973,	0.015,	0.05,	0.2,	0.2,	400
