time ,	 x ,	 y ,	r_stem,	h_stem,	r_crown,	r_root,	k_geo
1136073600.0,	69.2192831082012,	3.6629873257977668,	0.015,	0.05,	0.2,	0.2,	400
