time ,	 x ,	 y ,	r_stem,	h_stem,	r_crown,	r_root,	k_geo
3218875200.0,	46.88044905529482,	8.40221695191159,	0.015,	0.05,	0.2,	0.2,	400
