time ,	 x ,	 y ,	r_stem,	h_stem,	r_crown,	r_root,	k_geo
2114359200.0,	93.49322616802307,	11.485221327511644,	0.015,	0.05,	0.2,	0.2,	400
