time ,	 x ,	 y ,	r_stem,	h_stem,	r_crown,	r_root,	k_geo
189345600.0,	74.76828202381144,	10.874721536829298,	0.015,	0.05,	0.2,	0.2,	400
205124400.0,	74.76828202381144,	10.874721536829298,	0.015009389587932574,	0.056638566613895776,	0.25561055136438054,	0.24758220795484187,	400
220903200.0,	74.76828202381144,	10.874721536829298,	0.015014351851883424,	0.06241346172546929,	0.3083667145829247,	0.2652332701518878,	400
