time ,	 x ,	 y ,	r_stem,	h_stem,	r_crown,	r_root,	k_geo
2366820000.0,	89.58073943095293,	0.3104186375628798,	0.015,	0.05,	0.2,	0.2,	400
