time ,	 x ,	 y ,	r_stem,	h_stem,	r_crown,	r_root,	k_geo
2950635600.0,	26.612640238871855,	14.183441828312688,	0.015,	0.05,	0.2,	0.2,	400
2966414400.0,	26.612640238871855,	14.183441828312688,	0.015000244927203213,	0.05007704078061216,	0.20005171236260919,	0.20124131780791532,	400
