time ,	 x ,	 y ,	r_stem,	h_stem,	r_crown,	r_root,	k_geo
3061087200.0,	75.01343492290543,	11.693734569293694,	0.015,	0.05,	0.2,	0.2,	400
3076866000.0,	75.01343492290543,	11.693734569293694,	0.015000870814243717,	0.05138711927472008,	0.2163543261541455,	0.20441334835420236,	400
3092644800.0,	75.01343492290543,	11.693734569293694,	0.015007038636130631,	0.05546464299401815,	0.24490904051674028,	0.23547551100149855,	400
3108423600.0,	75.01343492290543,	11.693734569293694,	0.015009429112429097,	0.05808234346147473,	0.2686101080368555,	0.24495084438479728,	400
3124202400.0,	75.01343492290543,	11.693734569293694,	0.015013473201118172,	0.06172594930249803,	0.2963966802376591,	0.259832564188114,	400
