time ,	 x ,	 y ,	r_stem,	h_stem,	r_crown,	r_root,	k_geo
2414156400.0,	25.687231017981627,	10.82985464662303,	0.015,	0.05,	0.2,	0.2,	400
