time ,	 x ,	 y ,	r_stem,	h_stem,	r_crown,	r_root,	k_geo
2603502000.0,	40.58969048337894,	7.973181637859245,	0.015,	0.05,	0.2,	0.2,	400
