time ,	 x ,	 y ,	r_stem,	h_stem,	r_crown,	r_root,	k_geo
3061087200.0,	5.564224976388865,	1.556129943382849,	0.015,	0.05,	0.2,	0.2,	400
