time ,	 x ,	 y ,	r_stem,	h_stem,	r_crown,	r_root,	k_geo
946728000.0,	75.51719262078232,	6.716607511802069,	0.015,	0.05,	0.2,	0.2,	400
