time ,	 x ,	 y ,	r_stem,	h_stem,	r_crown,	r_root,	k_geo
4512736800.0,	83.11923823346238,	1.1703341499420556,	0.015,	0.05,	0.2,	0.2,	400
