time ,	 x ,	 y ,	r_stem,	h_stem,	r_crown,	r_root,	k_geo
1230746400.0,	86.31131419545162,	9.320252138265806,	0.015,	0.05,	0.2,	0.2,	400
