time ,	 x ,	 y ,	r_stem,	h_stem,	r_crown,	r_root,	k_geo
4591630800.0,	31.13985048265847,	14.473636260331952,	0.015,	0.05,	0.2,	0.2,	400
