time ,	 x ,	 y ,	r_stem,	h_stem,	r_crown,	r_root,	k_geo
4086709200.0,	17.81239209544684,	10.093884898319528,	0.015,	0.05,	0.2,	0.2,	400
4102488000.0,	17.81239209544684,	10.093884898319528,	0.01500002256875475,	0.05000708401964754,	0.20000454582290753,	0.2001143812199253,	400
