time ,	 x ,	 y ,	r_stem,	h_stem,	r_crown,	r_root,	k_geo
3944700000.0,	89.48030769079833,	12.05152904305833,	0.015,	0.05,	0.2,	0.2,	400
