time ,	 x ,	 y ,	r_stem,	h_stem,	r_crown,	r_root,	k_geo
4212939600.0,	49.799368204489056,	2.5661503111758535,	0.015,	0.05,	0.2,	0.2,	400
