time ,	 x ,	 y ,	r_stem,	h_stem,	r_crown,	r_root,	k_geo
3139981200.0,	98.12427686364408,	6.817357222410624,	0.015,	0.05,	0.2,	0.2,	400
