time ,	 x ,	 y ,	r_stem,	h_stem,	r_crown,	r_root,	k_geo
1814562000.0,	63.12838348154306,	3.662579178698209,	0.015,	0.05,	0.2,	0.2,	400
