time ,	 x ,	 y ,	r_stem,	h_stem,	r_crown,	r_root,	k_geo
1183410000.0,	87.6802137552541,	9.556561957390635,	0.015,	0.05,	0.2,	0.2,	400
