time ,	 x ,	 y ,	r_stem,	h_stem,	r_crown,	r_root,	k_geo
3518672400.0,	71.63613610401902,	5.830514084327267,	0.015,	0.05,	0.2,	0.2,	400
