time ,	 x ,	 y ,	r_stem,	h_stem,	r_crown,	r_root,	k_geo
3913142400.0,	71.54273708765443,	10.927900853291927,	0.015,	0.05,	0.2,	0.2,	400
