time ,	 x ,	 y ,	r_stem,	h_stem,	r_crown,	r_root,	k_geo
2098580400.0,	80.97887474724665,	9.217026465807452,	0.015,	0.05,	0.2,	0.2,	400
