time ,	 x ,	 y ,	r_stem,	h_stem,	r_crown,	r_root,	k_geo
867834000.0,	83.03365309778475,	12.494316094192035,	0.015,	0.05,	0.2,	0.2,	400
