time ,	 x ,	 y ,	r_stem,	h_stem,	r_crown,	r_root,	k_geo
3834248400.0,	84.60630964894065,	8.194620966563678,	0.015,	0.05,	0.2,	0.2,	400
