time ,	 x ,	 y ,	r_stem,	h_stem,	r_crown,	r_root,	k_geo
4118266800.0,	76.87711602148389,	0.4632758283747612,	0.015,	0.05,	0.2,	0.2,	400
