time ,	 x ,	 y ,	r_stem,	h_stem,	r_crown,	r_root,	k_geo
3187317600.0,	87.2316675923284,	4.97731197291844,	0.015,	0.05,	0.2,	0.2,	400
