time ,	 x ,	 y ,	r_stem,	h_stem,	r_crown,	r_root,	k_geo
1246525200.0,	2.1358968741121642,	14.968850027727441,	0.015,	0.05,	0.2,	0.2,	400
