time ,	 x ,	 y ,	r_stem,	h_stem,	r_crown,	r_root,	k_geo
1372755600.0,	79.90236162609742,	14.448343848095883,	0.015,	0.05,	0.2,	0.2,	400
