time ,	 x ,	 y ,	r_stem,	h_stem,	r_crown,	r_root,	k_geo
1830340800.0,	25.168039987059633,	5.640703285119236,	0.015,	0.05,	0.2,	0.2,	400
