time ,	 x ,	 y ,	r_stem,	h_stem,	r_crown,	r_root,	k_geo
4560073200.0,	53.883238952879644,	7.2056252799207945,	0.015,	0.05,	0.2,	0.2,	400
