time ,	 x ,	 y ,	r_stem,	h_stem,	r_crown,	r_root,	k_geo
1562101200.0,	67.36840554469443,	0.5705257664086572,	0.015,	0.05,	0.2,	0.2,	400
