time ,	 x ,	 y ,	r_stem,	h_stem,	r_crown,	r_root,	k_geo
1846119600.0,	88.74319387293855,	7.3775616029252316,	0.015,	0.05,	0.2,	0.2,	400
