time ,	 x ,	 y ,	r_stem,	h_stem,	r_crown,	r_root,	k_geo
2887520400.0,	72.32440729537608,	12.577565606816407,	0.015,	0.05,	0.2,	0.2,	400
