time ,	 x ,	 y ,	r_stem,	h_stem,	r_crown,	r_root,	k_geo
631152000.0,	80.11890946074875,	4.120666729916494,	0.015,	0.05,	0.2,	0.2,	400
