time ,	 x ,	 y ,	r_stem,	h_stem,	r_crown,	r_root,	k_geo
3597566400.0,	52.872071858343325,	1.5967498255293728,	0.015,	0.05,	0.2,	0.2,	400
