time ,	 x ,	 y ,	r_stem,	h_stem,	r_crown,	r_root,	k_geo
631152000.0,	68.03214739897663,	11.995428574265635,	0.015,	0.05,	0.2,	0.2,	400
