time ,	 x ,	 y ,	r_stem,	h_stem,	r_crown,	r_root,	k_geo
1719889200.0,	98.99321408931434,	11.96649587646397,	0.015,	0.05,	0.2,	0.2,	400
