time ,	 x ,	 y ,	r_stem,	h_stem,	r_crown,	r_root,	k_geo
615373200.0,	67.03200010978203,	9.564830585281014,	0.015,	0.05,	0.2,	0.2,	400
