time ,	 x ,	 y ,	r_stem,	h_stem,	r_crown,	r_root,	k_geo
1767225600.0,	43.14912359578506,	8.378766325010957,	0.015,	0.05,	0.2,	0.2,	400
