time ,	 x ,	 y ,	r_stem,	h_stem,	r_crown,	r_root,	k_geo
3550230000.0,	3.4563912486143766,	6.21458096146108,	0.015,	0.05,	0.2,	0.2,	400
