time ,	 x ,	 y ,	r_stem,	h_stem,	r_crown,	r_root,	k_geo
1467428400.0,	64.64791983560146,	8.629207528596318,	0.015,	0.05,	0.2,	0.2,	400
1483207200.0,	64.64791983560146,	8.629207528596318,	0.015001314470959273,	0.05138703722915233,	0.2144209107626732,	0.20666179641372207,	400
1498986000.0,	64.64791983560146,	8.629207528596318,	0.015003363096519257,	0.053228311568174744,	0.230824189547733,	0.21675182715967653,	400
