time ,	 x ,	 y ,	r_stem,	h_stem,	r_crown,	r_root,	k_geo
1309640400.0,	26.107495661602098,	13.395260636434648,	0.015,	0.05,	0.2,	0.2,	400
