time ,	 x ,	 y ,	r_stem,	h_stem,	r_crown,	r_root,	k_geo
4165603200.0,	1.2481199205855442,	9.33111431278192,	0.015,	0.05,	0.2,	0.2,	400
