time ,	 x ,	 y ,	r_stem,	h_stem,	r_crown,	r_root,	k_geo
1956571200.0,	74.15290814172243,	13.112865904901945,	0.015,	0.05,	0.2,	0.2,	400
