time ,	 x ,	 y ,	r_stem,	h_stem,	r_crown,	r_root,	k_geo
741603600.0,	96.39794385237063,	0.9857052059752336,	0.015,	0.05,	0.2,	0.2,	400
