time ,	 x ,	 y ,	r_stem,	h_stem,	r_crown,	r_root,	k_geo
4323391200.0,	54.06853977260372,	4.075970465227768,	0.015,	0.05,	0.2,	0.2,	400
