time ,	 x ,	 y ,	r_stem,	h_stem,	r_crown,	r_root,	k_geo
3708018000.0,	71.64339219079639,	2.240284114844349,	0.015,	0.05,	0.2,	0.2,	400
