time ,	 x ,	 y ,	r_stem,	h_stem,	r_crown,	r_root,	k_geo
284018400.0,	48.826245976399996,	9.815071139481576,	0.015,	0.05,	0.2,	0.2,	400
