time ,	 x ,	 y ,	r_stem,	h_stem,	r_crown,	r_root,	k_geo
536479200.0,	2.2272661965024976,	1.716246291326216,	0.015,	0.05,	0.2,	0.2,	400
