time ,	 x ,	 y ,	r_stem,	h_stem,	r_crown,	r_root,	k_geo
2209032000.0,	81.00899809359355,	1.132041742226702,	0.015,	0.05,	0.2,	0.2,	400
