time ,	 x ,	 y ,	r_stem,	h_stem,	r_crown,	r_root,	k_geo
2493050400.0,	78.5562512831189,	6.025067635475222,	0.015,	0.05,	0.2,	0.2,	400
