time ,	 x ,	 y ,	r_stem,	h_stem,	r_crown,	r_root,	k_geo
3439778400.0,	15.954333711908719,	12.550685627009875,	0.015,	0.05,	0.2,	0.2,	400
3455557200.0,	15.954333711908719,	12.550685627009875,	0.015000168056749138,	0.05005282267084808,	0.20003491043297567,	0.20085173074322296,	400
3471336000.0,	15.954333711908719,	12.550685627009875,	0.01500025985907481,	0.05008152219684813,	0.20005377028382637,	0.20131382278788812,	400
