time ,	 x ,	 y ,	r_stem,	h_stem,	r_crown,	r_root,	k_geo
1735668000.0,	63.793189009903784,	8.6070261111661,	0.015,	0.05,	0.2,	0.2,	400
