time ,	 x ,	 y ,	r_stem,	h_stem,	r_crown,	r_root,	k_geo
2713953600.0,	87.37367985583796,	14.516299761065257,	0.015,	0.05,	0.2,	0.2,	400
