time ,	 x ,	 y ,	r_stem,	h_stem,	r_crown,	r_root,	k_geo
3755354400.0,	62.50868323629191,	7.839689467176595,	0.015,	0.05,	0.2,	0.2,	400
