time ,	 x ,	 y ,	r_stem,	h_stem,	r_crown,	r_root,	k_geo
946728000.0,	1.0971995198797657,	12.423963732373336,	0.015,	0.05,	0.2,	0.2,	400
