time ,	 x ,	 y ,	r_stem,	h_stem,	r_crown,	r_root,	k_geo
2950635600.0,	74.92969396060076,	14.687687557242505,	0.015,	0.05,	0.2,	0.2,	400
2966414400.0,	74.92969396060076,	14.687687557242505,	0.015000835187259524,	0.051387125863544575,	0.21650958747074542,	0.2042327900899023,	400
2982193200.0,	74.92969396060076,	14.687687557242505,	0.015002421019547746,	0.05336848480970929,	0.23619243990300096,	0.2122340804570527,	400
