time ,	 x ,	 y ,	r_stem,	h_stem,	r_crown,	r_root,	k_geo
1814562000.0,	68.00086718688308,	4.467853973478524,	0.015,	0.05,	0.2,	0.2,	400
