time ,	 x ,	 y ,	r_stem,	h_stem,	r_crown,	r_root,	k_geo
2019686400.0,	54.10495333612631,	13.96493386627337,	0.015,	0.05,	0.2,	0.2,	400
