time ,	 x ,	 y ,	r_stem,	h_stem,	r_crown,	r_root,	k_geo
2382598800.0,	97.62686475962292,	7.660286459982214,	0.015,	0.05,	0.2,	0.2,	400
2398377600.0,	97.62686475962292,	7.660286459982214,	0.01500815750087568,	0.05663965663813603,	0.2609802150196792,	0.24133915947883494,	400
2414156400.0,	97.62686475962292,	7.660286459982214,	0.015009450533659452,	0.05995399467078685,	0.29437942208010276,	0.24624558962871332,	400
