time ,	 x ,	 y ,	r_stem,	h_stem,	r_crown,	r_root,	k_geo
710046000.0,	66.99238850533227,	8.135869684931375,	0.015,	0.05,	0.2,	0.2,	400
