time ,	 x ,	 y ,	r_stem,	h_stem,	r_crown,	r_root,	k_geo
3234654000.0,	53.40316264913019,	4.020673980352159,	0.015,	0.05,	0.2,	0.2,	400
