time ,	 x ,	 y ,	r_stem,	h_stem,	r_crown,	r_root,	k_geo
2966414400.0,	63.80199894960281,	9.343472028028115,	0.015,	0.05,	0.2,	0.2,	400
