time ,	 x ,	 y ,	r_stem,	h_stem,	r_crown,	r_root,	k_geo
2903299200.0,	37.61598004489935,	11.495584244261407,	0.015,	0.05,	0.2,	0.2,	400
