time ,	 x ,	 y ,	r_stem,	h_stem,	r_crown,	r_root,	k_geo
3755354400.0,	22.41636832383619,	11.50366997341746,	0.015,	0.05,	0.2,	0.2,	400
