time ,	 x ,	 y ,	r_stem,	h_stem,	r_crown,	r_root,	k_geo
2335262400.0,	62.69023193310576,	5.7129748230573,	0.015,	0.05,	0.2,	0.2,	400
