time ,	 x ,	 y ,	r_stem,	h_stem,	r_crown,	r_root,	k_geo
2209032000.0,	49.940002870909694,	5.36247553691916,	0.015,	0.05,	0.2,	0.2,	400
