time ,	 x ,	 y ,	r_stem,	h_stem,	r_crown,	r_root,	k_geo
4433842800.0,	15.54487913715825,	2.327981232706253,	0.015,	0.05,	0.2,	0.2,	400
4449621600.0,	15.54487913715825,	2.327981232706253,	0.01500004061349604,	0.05001667278794475,	0.2000651860431056,	0.20020583413940116,	400
