time ,	 x ,	 y ,	r_stem,	h_stem,	r_crown,	r_root,	k_geo
883612800.0,	52.92342138999688,	6.283916680825433,	0.015,	0.05,	0.2,	0.2,	400
899391600.0,	52.92342138999688,	6.283916680825433,	0.015005303693504588,	0.05180720186526911,	0.20315521879861503,	0.22687805778139858,	400
915170400.0,	52.92342138999688,	6.283916680825433,	0.015013763036496016,	0.054545017469334295,	0.21192917525806618,	0.2613667019240183,	400
930949200.0,	52.92342138999688,	6.283916680825433,	0.015026452691057618,	0.058394694263935946,	0.23130272596598944,	0.2998649616451538,	400
946728000.0,	52.92342138999688,	6.283916680825433,	0.015046164116321547,	0.06327275970741211,	0.25807274432977584,	0.341183338283772,	400
962506800.0,	52.92342138999688,	6.283916680825433,	0.015047212912466787,	0.06405498268352926,	0.2672875399455205,	0.3425636618702676,	400
978285600.0,	52.92342138999688,	6.283916680825433,	0.015049102585780235,	0.06519876247147822,	0.2796519424043383,	0.3449865021047783,	400
