time ,	 x ,	 y ,	r_stem,	h_stem,	r_crown,	r_root,	k_geo
3250432800.0,	99.05639548285346,	12.577790693195825,	0.015,	0.05,	0.2,	0.2,	400
