time ,	 x ,	 y ,	r_stem,	h_stem,	r_crown,	r_root,	k_geo
2382598800.0,	86.22591047865467,	6.5829131138713874,	0.015,	0.05,	0.2,	0.2,	400
