time ,	 x ,	 y ,	r_stem,	h_stem,	r_crown,	r_root,	k_geo
4339170000.0,	55.25687532135384,	13.99153464449228,	0.015,	0.05,	0.2,	0.2,	400
