time ,	 x ,	 y ,	r_stem,	h_stem,	r_crown,	r_root,	k_geo
3076866000.0,	84.3902319572792,	7.605176220695812,	0.015,	0.05,	0.2,	0.2,	400
