time ,	 x ,	 y ,	r_stem,	h_stem,	r_crown,	r_root,	k_geo
2019686400.0,	96.98705461024922,	13.404464410138278,	0.015,	0.05,	0.2,	0.2,	400
