time ,	 x ,	 y ,	r_stem,	h_stem,	r_crown,	r_root,	k_geo
362912400.0,	54.95389802063758,	4.822304562582124,	0.015,	0.05,	0.2,	0.2,	400
378691200.0,	54.95389802063758,	4.822304562582124,	0.015001470890297817,	0.05138700830421339,	0.21373926156198814,	0.20745452241239726,	400
394470000.0,	54.95389802063758,	4.822304562582124,	0.01500363425730486,	0.05318322847030445,	0.2292230763341618,	0.21802632469526112,	400
410248800.0,	54.95389802063758,	4.822304562582124,	0.015006790734740495,	0.0554429108346603,	0.24594110241877049,	0.23244007301080563,	400
