time ,	 x ,	 y ,	r_stem,	h_stem,	r_crown,	r_root,	k_geo
3566008800.0,	23.014388266670448,	13.090638363570447,	0.015,	0.05,	0.2,	0.2,	400
