time ,	 x ,	 y ,	r_stem,	h_stem,	r_crown,	r_root,	k_geo
4118266800.0,	21.593547933858304,	12.281928248739348,	0.015,	0.05,	0.2,	0.2,	400
