time ,	 x ,	 y ,	r_stem,	h_stem,	r_crown,	r_root,	k_geo
1293861600.0,	28.345533563489578,	12.514859257523753,	0.015,	0.05,	0.2,	0.2,	400
