time ,	 x ,	 y ,	r_stem,	h_stem,	r_crown,	r_root,	k_geo
1404313200.0,	85.79107574343516,	14.40421963079576,	0.015,	0.05,	0.2,	0.2,	400
