time ,	 x ,	 y ,	r_stem,	h_stem,	r_crown,	r_root,	k_geo
4560073200.0,	50.9962105974631,	10.587304530150202,	0.015,	0.05,	0.2,	0.2,	400
