time ,	 x ,	 y ,	r_stem,	h_stem,	r_crown,	r_root,	k_geo
2429935200.0,	60.96968834439041,	1.2274258481511953,	0.015,	0.05,	0.2,	0.2,	400
