time ,	 x ,	 y ,	r_stem,	h_stem,	r_crown,	r_root,	k_geo
1356976800.0,	96.89400381330661,	3.6885505315903373,	0.015,	0.05,	0.2,	0.2,	400
