time ,	 x ,	 y ,	r_stem,	h_stem,	r_crown,	r_root,	k_geo
2303704800.0,	71.10674165308791,	9.881390650162793,	0.015,	0.05,	0.2,	0.2,	400
