time ,	 x ,	 y ,	r_stem,	h_stem,	r_crown,	r_root,	k_geo
1577880000.0,	98.71765656241556,	0.5673554104432366,	0.015,	0.05,	0.2,	0.2,	400
