time ,	 x ,	 y ,	r_stem,	h_stem,	r_crown,	r_root,	k_geo
3739575600.0,	98.21401307327297,	4.282505759793638,	0.015,	0.05,	0.2,	0.2,	400
