time ,	 x ,	 y ,	r_stem,	h_stem,	r_crown,	r_root,	k_geo
3550230000.0,	94.53903194911905,	6.679158843435561,	0.015,	0.05,	0.2,	0.2,	400
