time ,	 x ,	 y ,	r_stem,	h_stem,	r_crown,	r_root,	k_geo
1956571200.0,	6.29864638612716,	7.932882614058813,	0.015,	0.05,	0.2,	0.2,	400
