time ,	 x ,	 y ,	r_stem,	h_stem,	r_crown,	r_root,	k_geo
3597566400.0,	1.202813324751606,	3.139970335301656,	0.015,	0.05,	0.2,	0.2,	400
