time ,	 x ,	 y ,	r_stem,	h_stem,	r_crown,	r_root,	k_geo
1814562000.0,	80.57671352225246,	4.796643677081355,	0.015,	0.05,	0.2,	0.2,	400
