time ,	 x ,	 y ,	r_stem,	h_stem,	r_crown,	r_root,	k_geo
4402285200.0,	96.42473571580692,	14.14347666063376,	0.015,	0.05,	0.2,	0.2,	400
