time ,	 x ,	 y ,	r_stem,	h_stem,	r_crown,	r_root,	k_geo
3360884400.0,	60.13647542702962,	11.34881602391003,	0.015,	0.05,	0.2,	0.2,	400
