time ,	 x ,	 y ,	r_stem,	h_stem,	r_crown,	r_root,	k_geo
4496958000.0,	73.46925464121458,	12.728033400095885,	0.015,	0.05,	0.2,	0.2,	400
