time ,	 x ,	 y ,	r_stem,	h_stem,	r_crown,	r_root,	k_geo
662709600.0,	79.3307165654726,	11.739549999567823,	0.015,	0.05,	0.2,	0.2,	400
