time ,	 x ,	 y ,	r_stem,	h_stem,	r_crown,	r_root,	k_geo
1309640400.0,	81.06624641774786,	7.758092070221904,	0.015,	0.05,	0.2,	0.2,	400
