time ,	 x ,	 y ,	r_stem,	h_stem,	r_crown,	r_root,	k_geo
2556165600.0,	87.91031636230971,	7.843174069283579,	0.015,	0.05,	0.2,	0.2,	400
