time ,	 x ,	 y ,	r_stem,	h_stem,	r_crown,	r_root,	k_geo
3013750800.0,	46.6256725660273,	11.794812535697192,	0.015,	0.05,	0.2,	0.2,	400
3029529600.0,	46.6256725660273,	11.794812535697192,	0.01500223444770075,	0.05130703582018603,	0.20925212567770488,	0.21132415320293219,	400
3045308400.0,	46.6256725660273,	11.794812535697192,	0.015004738935359625,	0.052707853948401925,	0.2187373354766062,	0.22308111072183037,	400
3061087200.0,	46.6256725660273,	11.794812535697192,	0.015007668582202666,	0.05439676729452302,	0.2306728716397949,	0.2356963942498387,	400
