time ,	 x ,	 y ,	r_stem,	h_stem,	r_crown,	r_root,	k_geo
4544294400.0,	99.04850541247627,	12.845784205651974,	0.015,	0.05,	0.2,	0.2,	400
