time ,	 x ,	 y ,	r_stem,	h_stem,	r_crown,	r_root,	k_geo
1593658800.0,	27.35442579606121,	2.492126741774917,	0.015,	0.05,	0.2,	0.2,	400
