time ,	 x ,	 y ,	r_stem,	h_stem,	r_crown,	r_root,	k_geo
4228718400.0,	73.10196457170639,	13.238723476226863,	0.015,	0.05,	0.2,	0.2,	400
