time ,	 x ,	 y ,	r_stem,	h_stem,	r_crown,	r_root,	k_geo
3234654000.0,	84.27416489793801,	1.3768818849951532,	0.015,	0.05,	0.2,	0.2,	400
