time ,	 x ,	 y ,	r_stem,	h_stem,	r_crown,	r_root,	k_geo
4591630800.0,	54.785693014404025,	10.94201065198407,	0.015,	0.05,	0.2,	0.2,	400
