time ,	 x ,	 y ,	r_stem,	h_stem,	r_crown,	r_root,	k_geo
1009843200.0,	61.066572352142614,	12.454594190885505,	0.015,	0.05,	0.2,	0.2,	400
