time ,	 x ,	 y ,	r_stem,	h_stem,	r_crown,	r_root,	k_geo
4496958000.0,	21.86569567271307,	12.040440942893499,	0.015,	0.05,	0.2,	0.2,	400
4512736800.0,	21.86569567271307,	12.040440942893499,	0.015000256354120731,	0.05008064394978721,	0.20005425574779237,	0.20129923049448642,	400
4528515600.0,	21.86569567271307,	12.040440942893499,	0.015000410149917598,	0.050128634126807826,	0.2000863508875448,	0.20207059008814954,	400
