time ,	 x ,	 y ,	r_stem,	h_stem,	r_crown,	r_root,	k_geo
615373200.0,	79.01153082466294,	7.579493815363954,	0.015,	0.05,	0.2,	0.2,	400
