time ,	 x ,	 y ,	r_stem,	h_stem,	r_crown,	r_root,	k_geo
3944700000.0,	96.51643853971771,	3.032545663932221,	0.015,	0.05,	0.2,	0.2,	400
