time ,	 x ,	 y ,	r_stem,	h_stem,	r_crown,	r_root,	k_geo
4481179200.0,	73.12589707533458,	6.38791506063197,	0.015,	0.05,	0.2,	0.2,	400
