time ,	 x ,	 y ,	r_stem,	h_stem,	r_crown,	r_root,	k_geo
2461492800.0,	76.86380992902158,	10.453494743315524,	0.015,	0.05,	0.2,	0.2,	400
