time ,	 x ,	 y ,	r_stem,	h_stem,	r_crown,	r_root,	k_geo
2477271600.0,	52.368381038962895,	9.829318920225306,	0.015,	0.05,	0.2,	0.2,	400
