time ,	 x ,	 y ,	r_stem,	h_stem,	r_crown,	r_root,	k_geo
2682396000.0,	94.54988991163825,	12.067444237552142,	0.015,	0.05,	0.2,	0.2,	400
