time ,	 x ,	 y ,	r_stem,	h_stem,	r_crown,	r_root,	k_geo
3234654000.0,	70.55358306152381,	5.622723800396408,	0.015,	0.05,	0.2,	0.2,	400
