time ,	 x ,	 y ,	r_stem,	h_stem,	r_crown,	r_root,	k_geo
3534451200.0,	90.66127657359229,	10.558309290467541,	0.015,	0.05,	0.2,	0.2,	400
3550230000.0,	90.66127657359229,	10.558309290467541,	0.01500039024339616,	0.051387208155042906,	0.21844866660390902,	0.20197779267398272,	400
3566008800.0,	90.66127657359229,	10.558309290467541,	0.015001234428385322,	0.053501422824639246,	0.2424846479113741,	0.20633383816246811,	400
3581787600.0,	90.66127657359229,	10.558309290467541,	0.015003170455350025,	0.05668664054457563,	0.27162216177190807,	0.21632798360775862,	400
