time ,	 x ,	 y ,	r_stem,	h_stem,	r_crown,	r_root,	k_geo
1719889200.0,	1.9342976452401572,	2.8289847313375507,	0.015,	0.05,	0.2,	0.2,	400
