time ,	 x ,	 y ,	r_stem,	h_stem,	r_crown,	r_root,	k_geo
3124202400.0,	49.029394856195864,	10.712740045210559,	0.015,	0.05,	0.2,	0.2,	400
