time ,	 x ,	 y ,	r_stem,	h_stem,	r_crown,	r_root,	k_geo
4465400400.0,	78.55041757132142,	8.829637931867783,	0.015,	0.05,	0.2,	0.2,	400
