time ,	 x ,	 y ,	r_stem,	h_stem,	r_crown,	r_root,	k_geo
2019686400.0,	94.5793410668635,	8.861156993948024,	0.015,	0.05,	0.2,	0.2,	400
