time ,	 x ,	 y ,	r_stem,	h_stem,	r_crown,	r_root,	k_geo
3692239200.0,	75.67780451524342,	1.1232532546615999,	0.015,	0.05,	0.2,	0.2,	400
