time ,	 x ,	 y ,	r_stem,	h_stem,	r_crown,	r_root,	k_geo
3234654000.0,	80.83982071538006,	13.299007548041933,	0.015,	0.05,	0.2,	0.2,	400
