time ,	 x ,	 y ,	r_stem,	h_stem,	r_crown,	r_root,	k_geo
2035465200.0,	94.6593455803006,	6.3907529400952425,	0.015,	0.05,	0.2,	0.2,	400
2051244000.0,	94.6593455803006,	6.3907529400952425,	0.015007899686663587,	0.05663988475966983,	0.26210386611049796,	0.24003277811944776,	400
2067022800.0,	94.6593455803006,	6.3907529400952425,	0.015030770494886268,	0.069233014231142,	0.3315863359599986,	0.3279814806933231,	400
