time ,	 x ,	 y ,	r_stem,	h_stem,	r_crown,	r_root,	k_geo
2603502000.0,	89.63840028733674,	12.070412673372411,	0.015,	0.05,	0.2,	0.2,	400
