time ,	 x ,	 y ,	r_stem,	h_stem,	r_crown,	r_root,	k_geo
2414156400.0,	87.56169758959564,	2.800387957684233,	0.015,	0.05,	0.2,	0.2,	400
