time ,	 x ,	 y ,	r_stem,	h_stem,	r_crown,	r_root,	k_geo
4354948800.0,	98.49367012465635,	10.118595942928987,	0.015,	0.05,	0.2,	0.2,	400
