time ,	 x ,	 y ,	r_stem,	h_stem,	r_crown,	r_root,	k_geo
1278082800.0,	61.36188265238346,	1.5648700918729168,	0.015,	0.05,	0.2,	0.2,	400
