time ,	 x ,	 y ,	r_stem,	h_stem,	r_crown,	r_root,	k_geo
4323391200.0,	22.274705100993607,	13.686778640380115,	0.015,	0.05,	0.2,	0.2,	400
