time ,	 x ,	 y ,	r_stem,	h_stem,	r_crown,	r_root,	k_geo
583815600.0,	89.73719293125345,	7.361369771277421,	0.015,	0.05,	0.2,	0.2,	400
599594400.0,	89.73719293125345,	7.361369771277421,	0.015000369103939811,	0.05138721206492628,	0.21854079426580209,	0.20187065626576553,	400
615373200.0,	89.73719293125345,	7.361369771277421,	0.015001246472522371,	0.05350778506889465,	0.2424982269167331,	0.20640276687236794,	400
