time ,	 x ,	 y ,	r_stem,	h_stem,	r_crown,	r_root,	k_geo
394470000.0,	67.4268004543989,	14.590784274554196,	0.015,	0.05,	0.2,	0.2,	400
