time ,	 x ,	 y ,	r_stem,	h_stem,	r_crown,	r_root,	k_geo
4023594000.0,	69.21855469651305,	5.318281923058461,	0.015,	0.05,	0.2,	0.2,	400
