time ,	 x ,	 y ,	r_stem,	h_stem,	r_crown,	r_root,	k_geo
3786912000.0,	94.06769383638712,	5.032468331969824,	0.015,	0.05,	0.2,	0.2,	400
3802690800.0,	94.06769383638712,	5.032468331969824,	0.015000287253693064,	0.05138722720383098,	0.21889750611597925,	0.20145583233673725,	400
3818469600.0,	94.06769383638712,	5.032468331969824,	0.015000946496871918,	0.05353257346518669,	0.24399935604039052,	0.20487532460096622,	400
3834248400.0,	94.06769383638712,	5.032468331969824,	0.015002469840159164,	0.0568334546440661,	0.2756393441253512,	0.21285995854167972,	400
3850027200.0,	94.06769383638712,	5.032468331969824,	0.015002764715141965,	0.05802210214865221,	0.2864004741011547,	0.2143539229386831,	400
3865806000.0,	94.06769383638712,	5.032468331969824,	0.015003199143591177,	0.05951881408884898,	0.29911166195802685,	0.2165475061422508,	400
