time ,	 x ,	 y ,	r_stem,	h_stem,	r_crown,	r_root,	k_geo
1909234800.0,	85.0871813981647,	4.036194785138795,	0.015,	0.05,	0.2,	0.2,	400
