time ,	 x ,	 y ,	r_stem,	h_stem,	r_crown,	r_root,	k_geo
2713953600.0,	42.39668159294377,	12.948477121177218,	0.015,	0.05,	0.2,	0.2,	400
