time ,	 x ,	 y ,	r_stem,	h_stem,	r_crown,	r_root,	k_geo
2761290000.0,	40.17922526171092,	4.760644947430411,	0.015,	0.05,	0.2,	0.2,	400
