time ,	 x ,	 y ,	r_stem,	h_stem,	r_crown,	r_root,	k_geo
773161200.0,	49.098458824880296,	4.924385641920999,	0.015,	0.05,	0.2,	0.2,	400
