time ,	 x ,	 y ,	r_stem,	h_stem,	r_crown,	r_root,	k_geo
4370727600.0,	25.767644160581447,	0.01031558292397039,	0.015,	0.05,	0.2,	0.2,	400
4386506400.0,	25.767644160581447,	0.01031558292397039,	0.0150002814912082,	0.0500885731115441,	0.2000598928395709,	0.20142662754832466,	400
4402285200.0,	25.767644160581447,	0.01031558292397039,	0.01500037392080952,	0.05011737775768476,	0.20007894855464547,	0.20188973209335423,	400
