time ,	 x ,	 y ,	r_stem,	h_stem,	r_crown,	r_root,	k_geo
4023594000.0,	71.61460399828262,	10.558062848655021,	0.015,	0.05,	0.2,	0.2,	400
