time ,	 x ,	 y ,	r_stem,	h_stem,	r_crown,	r_root,	k_geo
2351041200.0,	16.404383952147008,	9.906204026468679,	0.015,	0.05,	0.2,	0.2,	400
