time ,	 x ,	 y ,	r_stem,	h_stem,	r_crown,	r_root,	k_geo
3187317600.0,	36.295724479754156,	6.929239979051852,	0.015,	0.05,	0.2,	0.2,	400
3203096400.0,	36.295724479754156,	6.929239979051852,	0.015001109301914402,	0.050514867793590004,	0.202645269716908,	0.20562200461569305,	400
3218875200.0,	36.295724479754156,	6.929239979051852,	0.015002246856009533,	0.0510341857447004,	0.20533740570243342,	0.21115657941719715,	400
3234654000.0,	36.295724479754156,	6.929239979051852,	0.015003528771840517,	0.051618167280915464,	0.2084696335400812,	0.21714307848383518,	400
3250432800.0,	36.295724479754156,	6.929239979051852,	0.015005056058775007,	0.052319153025662764,	0.21241952465014197,	0.22396091407421675,	400
