time ,	 x ,	 y ,	r_stem,	h_stem,	r_crown,	r_root,	k_geo
2698174800.0,	15.387926726657298,	5.867130029966253,	0.015,	0.05,	0.2,	0.2,	400
2713953600.0,	15.387926726657298,	5.867130029966253,	0.015000199239436398,	0.050083040415237326,	0.200337936194708,	0.20100976777368562,	400
