time ,	 x ,	 y ,	r_stem,	h_stem,	r_crown,	r_root,	k_geo
3234654000.0,	93.0246313385901,	5.372032689192939,	0.015,	0.05,	0.2,	0.2,	400
3250432800.0,	93.0246313385901,	5.372032689192939,	0.015000311550623993,	0.051387222709879485,	0.2187916173969195,	0.20157897131001082,	400
3266211600.0,	93.0246313385901,	5.372032689192939,	0.015001000861055382,	0.05352521561831633,	0.24369861037596746,	0.20515003270517285,	400
