time ,	 x ,	 y ,	r_stem,	h_stem,	r_crown,	r_root,	k_geo
1246525200.0,	83.67300071148554,	7.837403715310955,	0.015,	0.05,	0.2,	0.2,	400
