time ,	 x ,	 y ,	r_stem,	h_stem,	r_crown,	r_root,	k_geo
3786912000.0,	40.472968624846814,	9.797701048259347,	0.015,	0.05,	0.2,	0.2,	400
3802690800.0,	40.472968624846814,	9.797701048259347,	0.01500220030893663,	0.05070788896494953,	0.20069656656276622,	0.2111511429615646,	400
3818469600.0,	40.472968624846814,	9.797701048259347,	0.015005069231724585,	0.05158491068071962,	0.2017663976677224,	0.22444109512293203,	400
3834248400.0,	40.472968624846814,	9.797701048259347,	0.01500889756668428,	0.052687915136295546,	0.20350223853835392,	0.24034344810269284,	400
3850027200.0,	40.472968624846814,	9.797701048259347,	0.01501400521942384,	0.054060103172085525,	0.20634893631725812,	0.25890253028918453,	400
3865806000.0,	40.472968624846814,	9.797701048259347,	0.015021963805666044,	0.05609495742957435,	0.21277002764020725,	0.2834999035280912,	400
3881584800.0,	40.472968624846814,	9.797701048259347,	0.015032737237164645,	0.058558925541640806,	0.22262098245755735,	0.3100621403913217,	400
3897363600.0,	40.472968624846814,	9.797701048259347,	0.015048134629035571,	0.06163561038295085,	0.2373653457178325,	0.3392126671172778,	400
3913142400.0,	40.472968624846814,	9.797701048259347,	0.015054720875758138,	0.06369639113503577,	0.25811816279195665,	0.3482710299300918,	400
