time ,	 x ,	 y ,	r_stem,	h_stem,	r_crown,	r_root,	k_geo
1167631200.0,	11.370337087515747,	12.761013422867553,	0.015,	0.05,	0.2,	0.2,	400
