time ,	 x ,	 y ,	r_stem,	h_stem,	r_crown,	r_root,	k_geo
4323391200.0,	27.109094715828707,	9.421369347864918,	0.015,	0.05,	0.2,	0.2,	400
