time ,	 x ,	 y ,	r_stem,	h_stem,	r_crown,	r_root,	k_geo
3865806000.0,	94.50996668142018,	0.8089490318326059,	0.015,	0.05,	0.2,	0.2,	400
