time ,	 x ,	 y ,	r_stem,	h_stem,	r_crown,	r_root,	k_geo
2366820000.0,	10.378487016145222,	13.886337581193118,	0.015,	0.05,	0.2,	0.2,	400
