time ,	 x ,	 y ,	r_stem,	h_stem,	r_crown,	r_root,	k_geo
1420092000.0,	94.01003225314753,	11.587663702887525,	0.015,	0.05,	0.2,	0.2,	400
