time ,	 x ,	 y ,	r_stem,	h_stem,	r_crown,	r_root,	k_geo
3723796800.0,	82.25837142262506,	4.343269435779194,	0.015,	0.05,	0.2,	0.2,	400
