time ,	 x ,	 y ,	r_stem,	h_stem,	r_crown,	r_root,	k_geo
1388534400.0,	26.642506156094893,	0.12875381986169443,	0.015,	0.05,	0.2,	0.2,	400
