time ,	 x ,	 y ,	r_stem,	h_stem,	r_crown,	r_root,	k_geo
1593658800.0,	89.83224721449197,	8.980303363768599,	0.015,	0.05,	0.2,	0.2,	400
