time ,	 x ,	 y ,	r_stem,	h_stem,	r_crown,	r_root,	k_geo
268239600.0,	23.592441238877548,	13.707776584751109,	0.015,	0.05,	0.2,	0.2,	400
284018400.0,	23.592441238877548,	13.707776584751109,	0.015001899468727846,	0.05101632928990176,	0.20648782109837077,	0.20962652281876223,	400
299797200.0,	23.592441238877548,	13.707776584751109,	0.015003913761918378,	0.05205138704644617,	0.2129124602795121,	0.21917266571080735,	400
315576000.0,	23.592441238877548,	13.707776584751109,	0.015006267041584375,	0.053256147105099794,	0.2205767732939292,	0.22956803969320205,	400
331354800.0,	23.592441238877548,	13.707776584751109,	0.01500893463349615,	0.05457319083839252,	0.22884209076621426,	0.24044387342813292,	400
347133600.0,	23.592441238877548,	13.707776584751109,	0.015012012557975777,	0.056029228112490864,	0.23785346907075605,	0.2519228752060471,	400
