time ,	 x ,	 y ,	r_stem,	h_stem,	r_crown,	r_root,	k_geo
1183410000.0,	75.10268244204839,	14.4154721535062,	0.015,	0.05,	0.2,	0.2,	400
