time ,	 x ,	 y ,	r_stem,	h_stem,	r_crown,	r_root,	k_geo
930949200.0,	90.80661830813548,	3.7044417395921867,	0.015,	0.05,	0.2,	0.2,	400
