time ,	 x ,	 y ,	r_stem,	h_stem,	r_crown,	r_root,	k_geo
3108423600.0,	97.153542495877,	7.216730446653398,	0.015,	0.05,	0.2,	0.2,	400
