time ,	 x ,	 y ,	r_stem,	h_stem,	r_crown,	r_root,	k_geo
1451649600.0,	94.66290416323245,	9.235866570454167,	0.015,	0.05,	0.2,	0.2,	400
1467428400.0,	94.66290416323245,	9.235866570454167,	0.01500850009394893,	0.05663935351998339,	0.25948709207001985,	0.2430751148332816,	400
1483207200.0,	94.66290416323245,	9.235866570454167,	0.015013509698810963,	0.06286931771126467,	0.31510092489142894,	0.26174447481029295,	400
1498986000.0,	94.66290416323245,	9.235866570454167,	0.015018439077239256,	0.06900033123267879,	0.3597159642632206,	0.27714651961277875,	400
