time ,	 x ,	 y ,	r_stem,	h_stem,	r_crown,	r_root,	k_geo
3786912000.0,	74.27774781168924,	12.364047969588611,	0.015,	0.05,	0.2,	0.2,	400
