time ,	 x ,	 y ,	r_stem,	h_stem,	r_crown,	r_root,	k_geo
1846119600.0,	81.92461775007713,	13.376895418101368,	0.015,	0.05,	0.2,	0.2,	400
