time ,	 x ,	 y ,	r_stem,	h_stem,	r_crown,	r_root,	k_geo
3345105600.0,	33.816799579370716,	6.7897015846783395,	0.015,	0.05,	0.2,	0.2,	400
