time ,	 x ,	 y ,	r_stem,	h_stem,	r_crown,	r_root,	k_geo
4481179200.0,	3.1949503319893213,	9.434105996592145,	0.015,	0.05,	0.2,	0.2,	400
