time ,	 x ,	 y ,	r_stem,	h_stem,	r_crown,	r_root,	k_geo
3613345200.0,	19.525828419032376,	1.522632230166172,	0.015,	0.05,	0.2,	0.2,	400
