time ,	 x ,	 y ,	r_stem,	h_stem,	r_crown,	r_root,	k_geo
568036800.0,	35.77589442605029,	8.590777610147079,	0.015,	0.05,	0.2,	0.2,	400
