time ,	 x ,	 y ,	r_stem,	h_stem,	r_crown,	r_root,	k_geo
773161200.0,	5.20839494562102,	3.7135628671442413,	0.015,	0.05,	0.2,	0.2,	400
