time ,	 x ,	 y ,	r_stem,	h_stem,	r_crown,	r_root,	k_geo
3171538800.0,	4.565059790016668,	2.8445153220433324,	0.015,	0.05,	0.2,	0.2,	400
