time ,	 x ,	 y ,	r_stem,	h_stem,	r_crown,	r_root,	k_geo
457585200.0,	96.05306094631433,	9.284415777680595,	0.015,	0.05,	0.2,	0.2,	400
