time ,	 x ,	 y ,	r_stem,	h_stem,	r_crown,	r_root,	k_geo
2619280800.0,	43.68230698981173,	6.119747669804211,	0.015,	0.05,	0.2,	0.2,	400
2635059600.0,	43.68230698981173,	6.119747669804211,	0.015002027891867435,	0.05111931332199155,	0.20742456228583644,	0.21027735640708373,	400
2650838400.0,	43.68230698981173,	6.119747669804211,	0.015004334404828141,	0.0523724735820598,	0.21571919829270123,	0.22116668492288263,	400
2666617200.0,	43.68230698981173,	6.119747669804211,	0.015006961844476993,	0.053754338471281714,	0.2247091349695571,	0.2326222642536425,	400
2682396000.0,	43.68230698981173,	6.119747669804211,	0.015010082234134641,	0.05535542964698885,	0.23511177455578777,	0.24506246505182142,	400
2698174800.0,	43.68230698981173,	6.119747669804211,	0.015013723477708508,	0.05710326680922646,	0.2460218989936842,	0.2581446886744602,	400
2713953600.0,	43.68230698981173,	6.119747669804211,	0.01501811098970756,	0.05907196841254407,	0.2579944884902565,	0.27215002524324794,	400
