time ,	 x ,	 y ,	r_stem,	h_stem,	r_crown,	r_root,	k_geo
3329326800.0,	33.150869741508,	6.579650645289619,	0.015,	0.05,	0.2,	0.2,	400
