time ,	 x ,	 y ,	r_stem,	h_stem,	r_crown,	r_root,	k_geo
3250432800.0,	90.39709773229829,	9.671294438548184,	0.015,	0.05,	0.2,	0.2,	400
3266211600.0,	90.39709773229829,	9.671294438548184,	0.015000352045938954,	0.05138721521992931,	0.21861513465878152,	0.20178420495145452,	400
