time ,	 x ,	 y ,	r_stem,	h_stem,	r_crown,	r_root,	k_geo
2477271600.0,	84.71280278201091,	5.951888991159898,	0.015,	0.05,	0.2,	0.2,	400
