time ,	 x ,	 y ,	r_stem,	h_stem,	r_crown,	r_root,	k_geo
4323391200.0,	78.90311625196304,	4.426191172251562,	0.015,	0.05,	0.2,	0.2,	400
