time ,	 x ,	 y ,	r_stem,	h_stem,	r_crown,	r_root,	k_geo
2114359200.0,	4.639266147984711,	14.348269010564135,	0.015,	0.05,	0.2,	0.2,	400
