time ,	 x ,	 y ,	r_stem,	h_stem,	r_crown,	r_root,	k_geo
489142800.0,	52.92827084556437,	1.8021311307202854,	0.015,	0.05,	0.2,	0.2,	400
