time ,	 x ,	 y ,	r_stem,	h_stem,	r_crown,	r_root,	k_geo
4212939600.0,	9.512287839529632,	6.7394985569852475,	0.015,	0.05,	0.2,	0.2,	400
