time ,	 x ,	 y ,	r_stem,	h_stem,	r_crown,	r_root,	k_geo
883612800.0,	3.964084631459952,	4.543116890208555,	0.015,	0.05,	0.2,	0.2,	400
