time ,	 x ,	 y ,	r_stem,	h_stem,	r_crown,	r_root,	k_geo
4102488000.0,	88.55476028836134,	9.829276259285745,	0.015,	0.05,	0.2,	0.2,	400
