time ,	 x ,	 y ,	r_stem,	h_stem,	r_crown,	r_root,	k_geo
1909234800.0,	37.42314583959813,	12.515380386850502,	0.015,	0.05,	0.2,	0.2,	400
