time ,	 x ,	 y ,	r_stem,	h_stem,	r_crown,	r_root,	k_geo
4402285200.0,	11.972250868327428,	11.478636824199294,	0.015,	0.05,	0.2,	0.2,	400
4418064000.0,	11.972250868327428,	11.478636824199294,	0.015000610805891877,	0.0502659499586196,	0.2012014078636964,	0.2030956172912385,	400
