time ,	 x ,	 y ,	r_stem,	h_stem,	r_crown,	r_root,	k_geo
268239600.0,	74.69782518724145,	10.373083971556184,	0.015,	0.05,	0.2,	0.2,	400
