time ,	 x ,	 y ,	r_stem,	h_stem,	r_crown,	r_root,	k_geo
962506800.0,	57.70338275442614,	12.453235532616056,	0.015,	0.05,	0.2,	0.2,	400
