time ,	 x ,	 y ,	r_stem,	h_stem,	r_crown,	r_root,	k_geo
2603502000.0,	1.1142945473356702,	2.710059239006352,	0.015,	0.05,	0.2,	0.2,	400
2619280800.0,	1.1142945473356702,	2.710059239006352,	0.015002123321762732,	0.0512021452848571,	0.20821227878317972,	0.21076098275118574,	400
2635059600.0,	1.1142945473356702,	2.710059239006352,	0.015004611708432562,	0.05260627105462518,	0.21786540189735598,	0.22247717998775954,	400
2650838400.0,	1.1142945473356702,	2.710059239006352,	0.015007514818666148,	0.05419198146995837,	0.22852033869449917,	0.23502919779951525,	400
2666617200.0,	1.1142945473356702,	2.710059239006352,	0.015010961459644678,	0.05599004139084029,	0.24027124287867116,	0.24853035941176974,	400
2682396000.0,	1.1142945473356702,	2.710059239006352,	0.01501512362446195,	0.05802522209455721,	0.25311531019459377,	0.26305878767383284,	400
