time ,	 x ,	 y ,	r_stem,	h_stem,	r_crown,	r_root,	k_geo
4354948800.0,	28.42724467084897,	2.6423509698027625,	0.015,	0.05,	0.2,	0.2,	400
4370727600.0,	28.42724467084897,	2.6423509698027625,	0.015000159953541004,	0.050050271849179255,	0.20003317022055875,	0.20081066284081248,	400
4386506400.0,	28.42724467084897,	2.6423509698027625,	0.015000499338928448,	0.05015664823268888,	0.20010660477550926,	0.2025195366312993,	400
