time ,	 x ,	 y ,	r_stem,	h_stem,	r_crown,	r_root,	k_geo
615373200.0,	41.0355180237595,	6.78073688436437,	0.015,	0.05,	0.2,	0.2,	400
