time ,	 x ,	 y ,	r_stem,	h_stem,	r_crown,	r_root,	k_geo
4418064000.0,	15.980472199558593,	1.155447578155524,	0.015,	0.05,	0.2,	0.2,	400
4433842800.0,	15.980472199558593,	1.155447578155524,	0.015000018066778874,	0.05000740139162807,	0.2000287731934179,	0.20009156465842848,	400
4449621600.0,	15.980472199558593,	1.155447578155524,	0.015000062353320161,	0.05002558364607179,	0.20009996399711188,	0.20031586039432359,	400
