time ,	 x ,	 y ,	r_stem,	h_stem,	r_crown,	r_root,	k_geo
1451649600.0,	32.79910252492756,	7.142741512097224,	0.015,	0.05,	0.2,	0.2,	400
