time ,	 x ,	 y ,	r_stem,	h_stem,	r_crown,	r_root,	k_geo
1230746400.0,	31.90269493263802,	13.277529860639035,	0.015,	0.05,	0.2,	0.2,	400
