time ,	 x ,	 y ,	r_stem,	h_stem,	r_crown,	r_root,	k_geo
4433842800.0,	9.550964709901388,	0.18849584524248286,	0.015,	0.05,	0.2,	0.2,	400
