time ,	 x ,	 y ,	r_stem,	h_stem,	r_crown,	r_root,	k_geo
1199188800.0,	65.58322555414561,	4.3948173564711865,	0.015,	0.05,	0.2,	0.2,	400
