time ,	 x ,	 y ,	r_stem,	h_stem,	r_crown,	r_root,	k_geo
3518672400.0,	58.14570546719845,	1.58522760627599,	0.015,	0.05,	0.2,	0.2,	400
