time ,	 x ,	 y ,	r_stem,	h_stem,	r_crown,	r_root,	k_geo
2256368400.0,	61.55542008779599,	3.5554768569208766,	0.015,	0.05,	0.2,	0.2,	400
2272147200.0,	61.55542008779599,	3.5554768569208766,	0.01500153327813446,	0.05138699676775695,	0.21346738759137368,	0.2077707002587944,	400
2287926000.0,	61.55542008779599,	3.5554768569208766,	0.015003706075216993,	0.0531653452990719,	0.22873419685281032,	0.21835540111196203,	400
