time ,	 x ,	 y ,	r_stem,	h_stem,	r_crown,	r_root,	k_geo
1341198000.0,	57.4262147092781,	7.339303938746344,	0.015,	0.05,	0.2,	0.2,	400
