time ,	 x ,	 y ,	r_stem,	h_stem,	r_crown,	r_root,	k_geo
2934856800.0,	79.43562537025021,	12.985844261575146,	0.015,	0.05,	0.2,	0.2,	400
