time ,	 x ,	 y ,	r_stem,	h_stem,	r_crown,	r_root,	k_geo
1640995200.0,	96.72111096941694,	4.3376221429168655,	0.015,	0.05,	0.2,	0.2,	400
