time ,	 x ,	 y ,	r_stem,	h_stem,	r_crown,	r_root,	k_geo
4276054800.0,	77.75904426956075,	4.8442912358043255,	0.015,	0.05,	0.2,	0.2,	400
