time ,	 x ,	 y ,	r_stem,	h_stem,	r_crown,	r_root,	k_geo
1151852400.0,	82.85020760413532,	4.868415547476844,	0.015,	0.05,	0.2,	0.2,	400
