time ,	 x ,	 y ,	r_stem,	h_stem,	r_crown,	r_root,	k_geo
205124400.0,	27.819879710830964,	13.285593573375833,	0.015,	0.05,	0.2,	0.2,	400
