time ,	 x ,	 y ,	r_stem,	h_stem,	r_crown,	r_root,	k_geo
1751446800.0,	87.57884840789457,	14.101309641173302,	0.015,	0.05,	0.2,	0.2,	400
