time ,	 x ,	 y ,	r_stem,	h_stem,	r_crown,	r_root,	k_geo
1846119600.0,	67.22982824083725,	4.740941226404859,	0.015,	0.05,	0.2,	0.2,	400
