time ,	 x ,	 y ,	r_stem,	h_stem,	r_crown,	r_root,	k_geo
3297769200.0,	73.73688573528744,	10.970936977933196,	0.015,	0.05,	0.2,	0.2,	400
