time ,	 x ,	 y ,	r_stem,	h_stem,	r_crown,	r_root,	k_geo
4291833600.0,	66.96310076636463,	12.854089536959563,	0.015,	0.05,	0.2,	0.2,	400
