time ,	 x ,	 y ,	r_stem,	h_stem,	r_crown,	r_root,	k_geo
1246525200.0,	31.855390701490705,	0.948989346675711,	0.015,	0.05,	0.2,	0.2,	400
1262304000.0,	31.855390701490705,	0.948989346675711,	0.0150012045430446,	0.05038272437442655,	0.2003108062545093,	0.2061046850189121,	400
1278082800.0,	31.855390701490705,	0.948989346675711,	0.015002745752302113,	0.050858241698544686,	0.20074799607173044,	0.21354115190471137,	400
