time ,	 x ,	 y ,	r_stem,	h_stem,	r_crown,	r_root,	k_geo
4575852000.0,	83.7528265525284,	2.3083219149316605,	0.015,	0.05,	0.2,	0.2,	400
