time ,	 x ,	 y ,	r_stem,	h_stem,	r_crown,	r_root,	k_geo
3061087200.0,	83.9519342845949,	3.389166806137171,	0.015,	0.05,	0.2,	0.2,	400
