time ,	 x ,	 y ,	r_stem,	h_stem,	r_crown,	r_root,	k_geo
4323391200.0,	18.12543694899591,	3.138815357639035,	0.015,	0.05,	0.2,	0.2,	400
