time ,	 x ,	 y ,	r_stem,	h_stem,	r_crown,	r_root,	k_geo
3739575600.0,	29.477805367718936,	7.715449210329197,	0.015,	0.05,	0.2,	0.2,	400
