time ,	 x ,	 y ,	r_stem,	h_stem,	r_crown,	r_root,	k_geo
4402285200.0,	71.1736814729569,	14.40981743366098,	0.015,	0.05,	0.2,	0.2,	400
