time ,	 x ,	 y ,	r_stem,	h_stem,	r_crown,	r_root,	k_geo
1514764800.0,	68.15045999715487,	3.4918143283607583,	0.015,	0.05,	0.2,	0.2,	400
