time ,	 x ,	 y ,	r_stem,	h_stem,	r_crown,	r_root,	k_geo
3187317600.0,	56.24919000292844,	0.7673122071160737,	0.015,	0.05,	0.2,	0.2,	400
