time ,	 x ,	 y ,	r_stem,	h_stem,	r_crown,	r_root,	k_geo
3944700000.0,	53.95240570958211,	6.931393258395938,	0.015,	0.05,	0.2,	0.2,	400
