time ,	 x ,	 y ,	r_stem,	h_stem,	r_crown,	r_root,	k_geo
3045308400.0,	2.5082375189932837,	11.730142835091408,	0.015,	0.05,	0.2,	0.2,	400
3061087200.0,	2.5082375189932837,	11.730142835091408,	0.015002032599320887,	0.05112326284483155,	0.20746143604554898,	0.21030121319731662,	400
3076866000.0,	2.5082375189932837,	11.730142835091408,	0.015004409332855911,	0.0524370457212367,	0.2163267609390642,	0.22152052259633262,	400
3092644800.0,	2.5082375189932837,	11.730142835091408,	0.015007210648144824,	0.053960629741628956,	0.2265813955084502,	0.23370730508291465,	400
3108423600.0,	2.5082375189932837,	11.730142835091408,	0.015010500469158031,	0.05566702304396037,	0.23772065440735768,	0.2467224115069635,	400
3124202400.0,	2.5082375189932837,	11.730142835091408,	0.01501445107982751,	0.0576004388923024,	0.24997303435136997,	0.26072474934728834,	400
