time ,	 x ,	 y ,	r_stem,	h_stem,	r_crown,	r_root,	k_geo
1830340800.0,	74.93902662377828,	5.7873305308957885,	0.015,	0.05,	0.2,	0.2,	400
