time ,	 x ,	 y ,	r_stem,	h_stem,	r_crown,	r_root,	k_geo
3455557200.0,	85.72623227298268,	2.3670218580984503,	0.015,	0.05,	0.2,	0.2,	400
