time ,	 x ,	 y ,	r_stem,	h_stem,	r_crown,	r_root,	k_geo
3234654000.0,	98.52658665088644,	12.319585810435472,	0.015,	0.05,	0.2,	0.2,	400
