time ,	 x ,	 y ,	r_stem,	h_stem,	r_crown,	r_root,	k_geo
3850027200.0,	32.74596015055143,	4.860478347762548,	0.015,	0.05,	0.2,	0.2,	400
